# Blender 4.4.3
# www.blender.org
mtllib light.mtl
o Cube
v 0.241149 0.664236 -0.241149
v 0.067232 -1.000000 -0.067232
v 0.241149 0.664236 0.241149
v 0.067232 -1.000000 0.067232
v -0.241149 0.664236 -0.241149
v -0.067232 -1.000000 -0.067232
v -0.241149 0.664236 0.241149
v -0.067232 -1.000000 0.067232
v 0.247366 -0.218958 -0.247366
v -0.247366 -0.218958 0.247366
v 0.247366 -0.218958 0.247366
v -0.247366 -0.218958 -0.247366
v -0.512227 -0.343056 0.512227
v 0.512227 -0.343056 -0.512227
v 0.512227 -0.343056 0.512227
v -0.512227 -0.343056 -0.512227
v -0.073141 -1.000000 -0.060552
v -0.078263 -1.000000 -0.053182
v -0.082596 -1.000000 -0.045221
v -0.086141 -1.000000 -0.036768
v -0.088899 -1.000000 -0.027920
v -0.090869 -1.000000 -0.018778
v -0.092050 -1.000000 -0.009438
v -0.092444 -1.000000 -0.000000
v -0.092050 -1.000000 0.009438
v -0.090869 -1.000000 0.018778
v -0.088899 -1.000000 0.027920
v -0.086141 -1.000000 0.036768
v -0.082596 -1.000000 0.045221
v -0.078263 -1.000000 0.053182
v -0.073141 -1.000000 0.060552
v 0.060552 -1.000000 -0.073141
v 0.053182 -1.000000 -0.078263
v 0.045221 -1.000000 -0.082596
v 0.036768 -1.000000 -0.086141
v 0.027920 -1.000000 -0.088899
v 0.018778 -1.000000 -0.090869
v 0.009438 -1.000000 -0.092050
v 0.000000 -1.000000 -0.092444
v -0.009438 -1.000000 -0.092050
v -0.018778 -1.000000 -0.090869
v -0.027920 -1.000000 -0.088899
v -0.036768 -1.000000 -0.086141
v -0.045221 -1.000000 -0.082596
v -0.053182 -1.000000 -0.078263
v -0.060552 -1.000000 -0.073141
v 0.233703 -0.242084 -0.233703
v 0.220505 -0.270182 -0.220505
v 0.207742 -0.302921 -0.207742
v 0.195382 -0.339969 -0.195382
v 0.183395 -0.380994 -0.183395
v 0.171748 -0.425666 -0.171748
v 0.160412 -0.473653 -0.160412
v 0.149356 -0.524622 -0.149356
v 0.138547 -0.578244 -0.138547
v 0.127956 -0.634186 -0.127956
v 0.117551 -0.692116 -0.117551
v 0.107301 -0.751704 -0.107301
v 0.097175 -0.812618 -0.097175
v 0.087143 -0.874526 -0.087143
v 0.077172 -0.937097 -0.077172
v -0.494348 -0.259198 0.494348
v -0.476467 -0.175838 0.476467
v -0.458580 -0.093473 0.458580
v -0.440685 -0.012603 0.440685
v -0.422777 0.066276 0.422777
v -0.404855 0.142665 0.404855
v -0.386915 0.216067 0.386915
v -0.368955 0.285983 0.368955
v -0.350991 0.351941 0.350991
v -0.333126 0.413560 0.333126
v -0.315479 0.470488 0.315479
v -0.298172 0.522370 0.298172
v -0.281389 0.568789 0.281389
v -0.265562 0.609077 0.265562
v -0.252170 0.640480 0.252170
v 0.233703 -0.242084 0.233703
v 0.220505 -0.270182 0.220505
v 0.207742 -0.302921 0.207742
v 0.195382 -0.339969 0.195382
v 0.183395 -0.380994 0.183395
v 0.171748 -0.425666 0.171748
v 0.160412 -0.473653 0.160412
v 0.149356 -0.524622 0.149356
v 0.138547 -0.578244 0.138547
v 0.127956 -0.634186 0.127956
v 0.117551 -0.692116 0.117551
v 0.107301 -0.751704 0.107301
v 0.097175 -0.812618 0.097175
v 0.087143 -0.874526 0.087143
v 0.077172 -0.937097 0.077172
v -0.233703 -0.242084 -0.233703
v -0.220505 -0.270182 -0.220505
v -0.207742 -0.302921 -0.207742
v -0.195382 -0.339969 -0.195382
v -0.183395 -0.380994 -0.183395
v -0.171748 -0.425666 -0.171748
v -0.160412 -0.473653 -0.160412
v -0.149356 -0.524622 -0.149356
v -0.138547 -0.578244 -0.138547
v -0.127956 -0.634186 -0.127956
v -0.117551 -0.692116 -0.117551
v -0.107301 -0.751704 -0.107301
v -0.097175 -0.812618 -0.097175
v -0.087143 -0.874526 -0.087143
v -0.077172 -0.937097 -0.077172
v 0.223415 0.675356 0.247175
v 0.200681 0.687819 0.253814
v 0.172480 0.701083 0.260779
v 0.141243 0.713212 0.267041
v 0.107806 0.723391 0.272199
v 0.072763 0.731144 0.276058
v 0.036649 0.736082 0.278478
v -0.000000 0.737814 0.279316
v -0.036649 0.736082 0.278478
v -0.072763 0.731144 0.276058
v -0.107806 0.723391 0.272199
v -0.141243 0.713212 0.267041
v -0.172480 0.701083 0.260779
v -0.200681 0.687819 0.253814
v -0.223415 0.675356 0.247175
v 0.247175 0.675356 -0.223415
v 0.253814 0.687819 -0.200681
v 0.260779 0.701083 -0.172480
v 0.267041 0.713212 -0.141243
v 0.272199 0.723391 -0.107806
v 0.276058 0.731144 -0.072763
v 0.278478 0.736082 -0.036649
v 0.279316 0.737814 0.000000
v 0.278478 0.736082 0.036649
v 0.276058 0.731144 0.072763
v 0.272199 0.723391 0.107806
v 0.267041 0.713212 0.141243
v 0.260779 0.701083 0.172480
v 0.253814 0.687819 0.200681
v 0.247175 0.675356 0.223415
v -0.060552 -1.000000 0.073141
v -0.053182 -1.000000 0.078263
v -0.045221 -1.000000 0.082596
v -0.036768 -1.000000 0.086141
v -0.027920 -1.000000 0.088899
v -0.018778 -1.000000 0.090869
v -0.009438 -1.000000 0.092050
v -0.000000 -1.000000 0.092444
v 0.009438 -1.000000 0.092050
v 0.018778 -1.000000 0.090869
v 0.027920 -1.000000 0.088899
v 0.036768 -1.000000 0.086141
v 0.045221 -1.000000 0.082596
v 0.053182 -1.000000 0.078263
v 0.060552 -1.000000 0.073141
v -0.247175 0.675356 0.223415
v -0.253814 0.687819 0.200681
v -0.260779 0.701083 0.172480
v -0.267041 0.713213 0.141243
v -0.272199 0.723391 0.107806
v -0.276058 0.731144 0.072763
v -0.278478 0.736082 0.036649
v -0.279316 0.737814 -0.000000
v -0.278478 0.736082 -0.036649
v -0.276058 0.731144 -0.072763
v -0.272199 0.723391 -0.107806
v -0.267041 0.713212 -0.141243
v -0.260779 0.701083 -0.172480
v -0.253814 0.687819 -0.200681
v -0.247175 0.675356 -0.223415
v -0.223415 0.675356 -0.247175
v -0.200681 0.687819 -0.253814
v -0.172480 0.701083 -0.260779
v -0.141243 0.713212 -0.267041
v -0.107806 0.723391 -0.272199
v -0.072763 0.731144 -0.276058
v -0.036649 0.736082 -0.278478
v -0.000000 0.737814 -0.279316
v 0.036649 0.736082 -0.278478
v 0.072763 0.731144 -0.276058
v 0.107806 0.723391 -0.272199
v 0.141243 0.713212 -0.267041
v 0.172480 0.701083 -0.260779
v 0.200681 0.687819 -0.253814
v 0.223415 0.675356 -0.247175
v 0.073141 -1.000000 0.060552
v 0.078263 -1.000000 0.053182
v 0.082596 -1.000000 0.045221
v 0.086141 -1.000000 0.036768
v 0.088899 -1.000000 0.027920
v 0.090869 -1.000000 0.018778
v 0.092050 -1.000000 0.009438
v 0.092444 -1.000000 0.000000
v 0.092050 -1.000000 -0.009438
v 0.090869 -1.000000 -0.018778
v 0.088899 -1.000000 -0.027920
v 0.086141 -1.000000 -0.036768
v 0.082596 -1.000000 -0.045221
v 0.078263 -1.000000 -0.053182
v 0.073141 -1.000000 -0.060552
v 0.494354 -0.321212 -0.494354
v 0.476513 -0.299700 -0.476513
v 0.458733 -0.278851 -0.458733
v 0.441047 -0.258996 -0.441047
v 0.423485 -0.240467 -0.423485
v 0.406078 -0.223595 -0.406078
v 0.388857 -0.208713 -0.388857
v 0.371853 -0.196150 -0.371853
v 0.355097 -0.186240 -0.355097
v 0.338621 -0.179312 -0.338621
v 0.322455 -0.175699 -0.322455
v 0.306631 -0.175733 -0.306631
v 0.291178 -0.179744 -0.291178
v 0.276129 -0.188064 -0.276129
v 0.261515 -0.201025 -0.261515
v -0.077172 -0.937097 0.077172
v -0.087143 -0.874526 0.087143
v -0.097175 -0.812618 0.097175
v -0.107301 -0.751704 0.107301
v -0.117551 -0.692116 0.117551
v -0.127956 -0.634186 0.127956
v -0.138547 -0.578244 0.138547
v -0.149356 -0.524622 0.149356
v -0.160412 -0.473653 0.160412
v -0.171748 -0.425666 0.171748
v -0.183394 -0.380995 0.183395
v -0.195382 -0.339969 0.195382
v -0.207742 -0.302921 0.207742
v -0.220505 -0.270182 0.220505
v -0.233703 -0.242084 0.233703
v 0.494354 -0.321212 0.494354
v 0.476513 -0.299700 0.476513
v 0.458733 -0.278851 0.458733
v 0.441047 -0.258996 0.441047
v 0.423485 -0.240467 0.423485
v 0.406078 -0.223595 0.406078
v 0.388857 -0.208713 0.388857
v 0.371853 -0.196150 0.371853
v 0.355097 -0.186240 0.355097
v 0.338621 -0.179312 0.338621
v 0.322455 -0.175699 0.322455
v 0.306631 -0.175733 0.306631
v 0.291178 -0.179744 0.291178
v 0.276129 -0.188064 0.276129
v 0.261515 -0.201025 0.261515
v -0.494354 -0.321212 -0.494354
v -0.476513 -0.299700 -0.476513
v -0.458733 -0.278851 -0.458733
v -0.441047 -0.258996 -0.441047
v -0.423485 -0.240467 -0.423485
v -0.406078 -0.223595 -0.406078
v -0.388857 -0.208713 -0.388857
v -0.371853 -0.196150 -0.371853
v -0.355097 -0.186240 -0.355097
v -0.338621 -0.179312 -0.338621
v -0.322455 -0.175699 -0.322455
v -0.306631 -0.175733 -0.306631
v -0.291178 -0.179744 -0.291178
v -0.276129 -0.188064 -0.276129
v -0.261515 -0.201025 -0.261515
v -0.222786 -0.218958 -0.269107
v -0.195670 -0.218958 -0.287949
v -0.166380 -0.218958 -0.303893
v -0.135278 -0.218958 -0.316937
v -0.102727 -0.218958 -0.327083
v -0.069088 -0.218958 -0.334330
v -0.034725 -0.218958 -0.338678
v -0.000000 -0.218958 -0.340128
v 0.034725 -0.218958 -0.338678
v 0.069088 -0.218958 -0.334330
v 0.102727 -0.218958 -0.327083
v 0.135278 -0.218958 -0.316937
v 0.166380 -0.218958 -0.303893
v 0.195670 -0.218958 -0.287949
v 0.222786 -0.218958 -0.269107
v 0.269107 -0.218958 -0.222786
v 0.287949 -0.218958 -0.195670
v 0.303893 -0.218958 -0.166380
v 0.316937 -0.218958 -0.135278
v 0.327083 -0.218958 -0.102727
v 0.334330 -0.218958 -0.069088
v 0.338678 -0.218958 -0.034725
v 0.340128 -0.218958 -0.000000
v 0.338678 -0.218958 0.034725
v 0.334330 -0.218958 0.069088
v 0.327083 -0.218958 0.102727
v 0.316937 -0.218958 0.135278
v 0.303893 -0.218958 0.166380
v 0.287949 -0.218958 0.195670
v 0.269107 -0.218958 0.222786
v -0.269107 -0.218958 0.222786
v -0.287949 -0.218958 0.195670
v -0.303893 -0.218958 0.166380
v -0.316937 -0.218958 0.135278
v -0.327083 -0.218958 0.102727
v -0.334330 -0.218958 0.069088
v -0.338678 -0.218958 0.034725
v -0.340128 -0.218958 0.000000
v -0.338678 -0.218958 -0.034725
v -0.334330 -0.218958 -0.069088
v -0.327083 -0.218958 -0.102727
v -0.316937 -0.218958 -0.135278
v -0.303893 -0.218958 -0.166380
v -0.287949 -0.218958 -0.195670
v -0.269107 -0.218958 -0.222786
v 0.222786 -0.218958 0.269107
v 0.195670 -0.218958 0.287949
v 0.166380 -0.218958 0.303893
v 0.135278 -0.218958 0.316937
v 0.102727 -0.218958 0.327083
v 0.069088 -0.218958 0.334330
v 0.034725 -0.218958 0.338678
v 0.000000 -0.218958 0.340128
v -0.034725 -0.218958 0.338678
v -0.069088 -0.218958 0.334330
v -0.102727 -0.218958 0.327083
v -0.135278 -0.218958 0.316937
v -0.166380 -0.218958 0.303893
v -0.195670 -0.218958 0.287949
v -0.222786 -0.218958 0.269107
v -0.261515 -0.201025 0.261515
v -0.276129 -0.188064 0.276129
v -0.291178 -0.179744 0.291178
v -0.306631 -0.175733 0.306631
v -0.322455 -0.175699 0.322455
v -0.338621 -0.179312 0.338621
v -0.355097 -0.186240 0.355097
v -0.371853 -0.196150 0.371853
v -0.388857 -0.208713 0.388857
v -0.406078 -0.223595 0.406078
v -0.423485 -0.240467 0.423485
v -0.441047 -0.258996 0.441047
v -0.458733 -0.278851 0.458733
v -0.476513 -0.299700 0.476513
v -0.494354 -0.321212 0.494354
v 0.252170 0.640480 -0.252170
v 0.265562 0.609077 -0.265562
v 0.281389 0.568789 -0.281389
v 0.298172 0.522370 -0.298172
v 0.315479 0.470488 -0.315479
v 0.333126 0.413560 -0.333126
v 0.350991 0.351940 -0.350991
v 0.368955 0.285983 -0.368955
v 0.386915 0.216067 -0.386915
v 0.404855 0.142665 -0.404855
v 0.422777 0.066276 -0.422777
v 0.440685 -0.012603 -0.440685
v 0.458580 -0.093474 -0.458580
v 0.476467 -0.175838 -0.476467
v 0.494348 -0.259198 -0.494348
v 0.252170 0.640480 0.252170
v 0.265562 0.609077 0.265562
v 0.281389 0.568789 0.281389
v 0.298172 0.522370 0.298172
v 0.315479 0.470488 0.315479
v 0.333126 0.413560 0.333126
v 0.350991 0.351940 0.350991
v 0.368955 0.285983 0.368955
v 0.386915 0.216067 0.386915
v 0.404855 0.142665 0.404855
v 0.422777 0.066276 0.422777
v 0.440685 -0.012603 0.440685
v 0.458580 -0.093474 0.458580
v 0.476467 -0.175838 0.476467
v 0.494348 -0.259198 0.494348
v -0.252170 0.640480 -0.252170
v -0.265562 0.609077 -0.265562
v -0.281389 0.568789 -0.281389
v -0.298172 0.522370 -0.298172
v -0.315479 0.470488 -0.315479
v -0.333126 0.413560 -0.333126
v -0.350991 0.351940 -0.350991
v -0.368955 0.285983 -0.368955
v -0.386915 0.216067 -0.386915
v -0.404855 0.142665 -0.404855
v -0.422777 0.066276 -0.422777
v -0.440685 -0.012603 -0.440685
v -0.458580 -0.093474 -0.458580
v -0.476467 -0.175838 -0.476467
v -0.494348 -0.259198 -0.494348
v -0.461329 -0.343056 -0.557247
v -0.405179 -0.343056 -0.596264
v -0.344527 -0.343056 -0.629278
v -0.280124 -0.343056 -0.656290
v -0.212719 -0.343056 -0.677300
v -0.143063 -0.343056 -0.692306
v -0.071907 -0.343056 -0.701310
v 0.000000 -0.343056 -0.704312
v 0.071907 -0.343056 -0.701310
v 0.143063 -0.343056 -0.692306
v 0.212719 -0.343056 -0.677300
v 0.280124 -0.343056 -0.656290
v 0.344527 -0.343056 -0.629278
v 0.405179 -0.343056 -0.596264
v 0.461329 -0.343056 -0.557246
v 0.557247 -0.343056 -0.461329
v 0.596264 -0.343056 -0.405179
v 0.629278 -0.343056 -0.344527
v 0.656290 -0.343056 -0.280124
v 0.677300 -0.343056 -0.212719
v 0.692306 -0.343056 -0.143063
v 0.701310 -0.343056 -0.071907
v 0.704312 -0.343056 0.000000
v 0.701310 -0.343056 0.071907
v 0.692306 -0.343056 0.143063
v 0.677300 -0.343056 0.212719
v 0.656290 -0.343056 0.280124
v 0.629278 -0.343056 0.344527
v 0.596264 -0.343056 0.405179
v 0.557246 -0.343056 0.461329
v -0.557247 -0.343056 0.461329
v -0.596264 -0.343056 0.405179
v -0.629278 -0.343056 0.344527
v -0.656290 -0.343056 0.280124
v -0.677300 -0.343056 0.212719
v -0.692306 -0.343056 0.143063
v -0.701310 -0.343056 0.071907
v -0.704312 -0.343056 0.000000
v -0.701310 -0.343056 -0.071907
v -0.692306 -0.343056 -0.143063
v -0.677300 -0.343056 -0.212719
v -0.656290 -0.343056 -0.280124
v -0.629278 -0.343056 -0.344527
v -0.596264 -0.343056 -0.405179
v -0.557246 -0.343056 -0.461329
v 0.461329 -0.343056 0.557247
v 0.405179 -0.343056 0.596264
v 0.344527 -0.343056 0.629278
v 0.280124 -0.343056 0.656290
v 0.212719 -0.343056 0.677300
v 0.143063 -0.343056 0.692306
v 0.071907 -0.343056 0.701310
v 0.000000 -0.343056 0.704312
v -0.071907 -0.343056 0.701310
v -0.143063 -0.343056 0.692306
v -0.212719 -0.343056 0.677300
v -0.280124 -0.343056 0.656290
v -0.344527 -0.343056 0.629278
v -0.405179 -0.343056 0.596264
v -0.461329 -0.343056 0.557246
v 0.224765 0.696404 0.224765
v 0.228150 0.715241 0.199098
v 0.232716 0.731798 0.170437
v 0.237306 0.746102 0.139241
v 0.241273 0.757788 0.106106
v 0.244338 0.766529 0.071535
v 0.246314 0.772008 0.036007
v 0.247014 0.773905 0.000000
v 0.246314 0.772008 -0.036007
v 0.244338 0.766529 -0.071535
v 0.241273 0.757788 -0.106106
v 0.237306 0.746102 -0.139241
v 0.232716 0.731798 -0.170437
v 0.228150 0.715240 -0.199098
v 0.224765 0.696404 -0.224765
v 0.199098 0.715241 0.228150
v 0.200368 0.738414 0.200368
v 0.203062 0.758082 0.170505
v 0.206234 0.774456 0.138781
v 0.209159 0.787562 0.105482
v 0.211519 0.797216 0.070987
v 0.213094 0.803182 0.035693
v 0.213668 0.805223 0.000000
v 0.213094 0.803182 -0.035693
v 0.211519 0.797216 -0.070987
v 0.209159 0.787562 -0.105482
v 0.206234 0.774456 -0.138781
v 0.203062 0.758082 -0.170505
v 0.200368 0.738414 -0.200368
v 0.199098 0.715241 -0.228150
v 0.170437 0.731798 0.232716
v 0.170505 0.758082 0.203062
v 0.171914 0.780209 0.171914
v 0.173951 0.798388 0.139387
v 0.175999 0.812753 0.105638
v 0.177748 0.823206 0.070948
v 0.178968 0.829593 0.035631
v 0.179426 0.831756 0.000000
v 0.178968 0.829592 -0.035631
v 0.177748 0.823206 -0.070948
v 0.175999 0.812753 -0.105638
v 0.173951 0.798388 -0.139387
v 0.171914 0.780209 -0.171914
v 0.170505 0.758082 -0.203062
v 0.170437 0.731798 -0.232716
v 0.139241 0.746102 0.237306
v 0.138781 0.774456 0.206234
v 0.139387 0.798388 0.173951
v 0.140583 0.818009 0.140583
v 0.141935 0.833399 0.106276
v 0.143176 0.844503 0.071250
v 0.144084 0.851230 0.035745
v 0.144437 0.853492 0.000000
v 0.144084 0.851230 -0.035745
v 0.143176 0.844503 -0.071250
v 0.141935 0.833399 -0.106276
v 0.140583 0.818009 -0.140583
v 0.139387 0.798388 -0.173951
v 0.138781 0.774456 -0.206234
v 0.139241 0.746102 -0.237306
v 0.106106 0.757788 0.241273
v 0.105482 0.787562 0.209159
v 0.105638 0.812753 0.175999
v 0.106276 0.833399 0.141935
v 0.107117 0.849527 0.107117
v 0.107953 0.861103 0.071729
v 0.108594 0.868082 0.035959
v 0.108850 0.870419 0.000000
v 0.108594 0.868082 -0.035959
v 0.107953 0.861103 -0.071729
v 0.107117 0.849527 -0.107117
v 0.106276 0.833399 -0.141935
v 0.105638 0.812753 -0.175999
v 0.105482 0.787562 -0.209159
v 0.106106 0.757788 -0.241273
v 0.071535 0.766529 0.244338
v 0.070987 0.797216 0.211519
v 0.070948 0.823206 0.177748
v 0.071250 0.844503 0.143176
v 0.071729 0.861103 0.107953
v 0.072241 0.872989 0.072241
v 0.072649 0.880137 0.036202
v 0.072816 0.882525 -0.000000
v 0.072649 0.880137 -0.036202
v 0.072241 0.872989 -0.072241
v 0.071729 0.861103 -0.107953
v 0.071250 0.844503 -0.143176
v 0.070948 0.823206 -0.177748
v 0.070987 0.797216 -0.211519
v 0.071535 0.766529 -0.244338
v 0.036007 0.772008 0.246314
v 0.035693 0.803182 0.213094
v 0.035631 0.829592 0.178968
v 0.035745 0.851230 0.144084
v 0.035959 0.868082 0.108594
v 0.036202 0.880137 0.072649
v 0.036400 0.887380 0.036400
v 0.036482 0.889797 -0.000000
v 0.036400 0.887380 -0.036400
v 0.036202 0.880137 -0.072649
v 0.035959 0.868082 -0.108594
v 0.035745 0.851230 -0.144084
v 0.035631 0.829592 -0.178968
v 0.035693 0.803182 -0.213094
v 0.036007 0.772008 -0.246314
v -0.000000 0.773905 0.247014
v -0.000000 0.805223 0.213668
v -0.000000 0.831756 0.179426
v 0.000000 0.853492 0.144437
v 0.000000 0.870419 0.108850
v 0.000000 0.882525 0.072816
v 0.000000 0.889797 0.036482
v 0.000000 0.892224 -0.000000
v 0.000000 0.889797 -0.036482
v 0.000000 0.882525 -0.072816
v 0.000000 0.870419 -0.108850
v 0.000000 0.853492 -0.144437
v 0.000000 0.831756 -0.179426
v 0.000000 0.805223 -0.213668
v 0.000000 0.773905 -0.247014
v -0.036007 0.772008 0.246314
v -0.035693 0.803182 0.213094
v -0.035631 0.829592 0.178968
v -0.035745 0.851230 0.144084
v -0.035959 0.868082 0.108594
v -0.036202 0.880137 0.072649
v -0.036400 0.887380 0.036400
v -0.036482 0.889797 -0.000000
v -0.036400 0.887380 -0.036400
v -0.036202 0.880137 -0.072649
v -0.035959 0.868082 -0.108594
v -0.035745 0.851230 -0.144084
v -0.035631 0.829592 -0.178968
v -0.035693 0.803182 -0.213094
v -0.036007 0.772008 -0.246314
v -0.071535 0.766529 0.244338
v -0.070987 0.797216 0.211519
v -0.070948 0.823206 0.177748
v -0.071250 0.844503 0.143176
v -0.071729 0.861103 0.107953
v -0.072241 0.872989 0.072241
v -0.072649 0.880137 0.036202
v -0.072816 0.882525 -0.000000
v -0.072649 0.880137 -0.036202
v -0.072241 0.872989 -0.072241
v -0.071729 0.861103 -0.107953
v -0.071250 0.844503 -0.143176
v -0.070948 0.823206 -0.177748
v -0.070987 0.797216 -0.211519
v -0.071535 0.766529 -0.244338
v -0.106106 0.757788 0.241273
v -0.105482 0.787562 0.209159
v -0.105638 0.812753 0.175999
v -0.106276 0.833399 0.141935
v -0.107117 0.849527 0.107117
v -0.107953 0.861103 0.071729
v -0.108594 0.868082 0.035959
v -0.108850 0.870419 -0.000000
v -0.108594 0.868082 -0.035959
v -0.107953 0.861103 -0.071729
v -0.107117 0.849527 -0.107117
v -0.106276 0.833399 -0.141935
v -0.105638 0.812753 -0.175999
v -0.105482 0.787562 -0.209159
v -0.106106 0.757788 -0.241273
v -0.139241 0.746102 0.237306
v -0.138781 0.774456 0.206234
v -0.139387 0.798388 0.173951
v -0.140583 0.818009 0.140583
v -0.141935 0.833399 0.106276
v -0.143176 0.844503 0.071250
v -0.144084 0.851230 0.035745
v -0.144437 0.853492 -0.000000
v -0.144084 0.851230 -0.035745
v -0.143176 0.844503 -0.071250
v -0.141935 0.833399 -0.106276
v -0.140583 0.818009 -0.140583
v -0.139387 0.798388 -0.173951
v -0.138781 0.774456 -0.206234
v -0.139241 0.746102 -0.237306
v -0.170437 0.731798 0.232716
v -0.170505 0.758082 0.203062
v -0.171914 0.780209 0.171914
v -0.173951 0.798388 0.139387
v -0.175999 0.812753 0.105638
v -0.177748 0.823206 0.070948
v -0.178968 0.829592 0.035631
v -0.179426 0.831756 -0.000000
v -0.178968 0.829592 -0.035631
v -0.177748 0.823206 -0.070948
v -0.175999 0.812753 -0.105638
v -0.173951 0.798388 -0.139387
v -0.171914 0.780209 -0.171914
v -0.170505 0.758082 -0.203062
v -0.170437 0.731798 -0.232716
v -0.199098 0.715240 0.228150
v -0.200368 0.738414 0.200368
v -0.203062 0.758082 0.170505
v -0.206234 0.774456 0.138781
v -0.209159 0.787562 0.105482
v -0.211519 0.797216 0.070987
v -0.213094 0.803182 0.035693
v -0.213668 0.805223 -0.000000
v -0.213094 0.803182 -0.035693
v -0.211519 0.797216 -0.070987
v -0.209159 0.787562 -0.105482
v -0.206234 0.774456 -0.138781
v -0.203062 0.758082 -0.170505
v -0.200368 0.738414 -0.200368
v -0.199098 0.715240 -0.228150
v -0.224765 0.696404 0.224765
v -0.228150 0.715241 0.199098
v -0.232716 0.731798 0.170437
v -0.237306 0.746102 0.139241
v -0.241273 0.757788 0.106106
v -0.244338 0.766529 0.071535
v -0.246314 0.772008 0.036007
v -0.247014 0.773905 -0.000000
v -0.246314 0.772008 -0.036007
v -0.244338 0.766529 -0.071535
v -0.241273 0.757788 -0.106106
v -0.237306 0.746102 -0.139241
v -0.232716 0.731798 -0.170437
v -0.228150 0.715240 -0.199098
v -0.224765 0.696404 -0.224765
v 0.445228 -0.259197 0.537796
v 0.429127 -0.175833 0.518339
v 0.413026 -0.093457 0.498867
v 0.396927 -0.012564 0.479373
v 0.380828 0.066352 0.459849
v 0.364731 0.142797 0.440289
v 0.348635 0.216276 0.420686
v 0.332540 0.286295 0.401031
v 0.316474 0.352387 0.381330
v 0.300563 0.414190 0.361644
v 0.284963 0.471371 0.342045
v 0.269826 0.523594 0.322605
v 0.255393 0.570497 0.303404
v 0.242249 0.611605 0.284549
v 0.231374 0.646575 0.265858
v 0.391038 -0.259196 0.575451
v 0.376899 -0.175820 0.554626
v 0.362765 -0.093414 0.533775
v 0.348638 -0.012461 0.512887
v 0.334520 0.066553 0.491949
v 0.320413 0.143143 0.470948
v 0.306321 0.216826 0.449872
v 0.292244 0.287117 0.428708
v 0.278214 0.353563 0.407448
v 0.264373 0.415845 0.386105
v 0.250891 0.473674 0.364693
v 0.237938 0.526764 0.343230
v 0.225764 0.574850 0.321692
v 0.214940 0.617764 0.299890
v 0.206210 0.655402 0.277502
v 0.332503 -0.259193 0.607312
v 0.320483 -0.175802 0.585328
v 0.308469 -0.093352 0.563308
v 0.296465 -0.012316 0.541233
v 0.284475 0.066836 0.519085
v 0.272502 0.143633 0.496846
v 0.260549 0.217605 0.474498
v 0.248621 0.288279 0.452023
v 0.236747 0.355224 0.429400
v 0.225071 0.418169 0.406592
v 0.213765 0.476880 0.383564
v 0.202998 0.531125 0.360276
v 0.192999 0.580706 0.336645
v 0.184222 0.625567 0.312407
v 0.177193 0.665691 0.287242
v 0.270348 -0.259191 0.633381
v 0.260575 -0.175781 0.610447
v 0.250810 -0.093282 0.587466
v 0.241056 -0.012150 0.564414
v 0.231317 0.067161 0.541266
v 0.221596 0.144195 0.518000
v 0.211897 0.218497 0.494591
v 0.202224 0.289611 0.471015
v 0.192606 0.357125 0.447240
v 0.183175 0.420808 0.423194
v 0.174086 0.480470 0.398797
v 0.165498 0.535923 0.373967
v 0.157598 0.586998 0.348599
v 0.150694 0.633613 0.322480
v 0.145129 0.675705 0.295374
v 0.205295 -0.259188 0.653656
v 0.197875 -0.175760 0.629983
v 0.190461 -0.093212 0.606252
v 0.183057 -0.011983 0.582435
v 0.175667 0.067487 0.558502
v 0.168293 0.144757 0.534425
v 0.160940 0.219389 0.510174
v 0.153609 0.290942 0.485721
v 0.146326 0.359022 0.461025
v 0.139200 0.423414 0.435992
v 0.132359 0.483948 0.410520
v 0.125934 0.540456 0.384503
v 0.120067 0.592775 0.357827
v 0.114951 0.640782 0.330331
v 0.110795 0.684359 0.301845
v 0.138071 -0.259186 0.668138
v 0.133080 -0.175742 0.643937
v 0.128095 -0.093151 0.619669
v 0.123117 -0.011838 0.595302
v 0.118149 0.067770 0.570803
v 0.113194 0.145247 0.546138
v 0.108253 0.220167 0.521274
v 0.103330 0.292104 0.496179
v 0.098442 0.360674 0.470805
v 0.093666 0.425665 0.445054
v 0.089094 0.486909 0.418811
v 0.084818 0.544234 0.391964
v 0.080934 0.597476 0.364396
v 0.077554 0.646477 0.335978
v 0.074791 0.691084 0.306576
v 0.069397 -0.259184 0.676827
v 0.066889 -0.175729 0.652308
v 0.064384 -0.093107 0.627717
v 0.061882 -0.011735 0.603019
v 0.059386 0.067971 0.578176
v 0.056896 0.145594 0.553154
v 0.054415 0.220718 0.527916
v 0.051942 0.292926 0.502426
v 0.049488 0.361841 0.476636
v 0.047093 0.427247 0.450444
v 0.044803 0.488966 0.423738
v 0.042668 0.546821 0.396403
v 0.040734 0.600636 0.368325
v 0.039053 0.650234 0.339389
v 0.037674 0.695441 0.309478
v -0.000000 -0.259184 0.679724
v 0.000000 -0.175724 0.655099
v 0.000000 -0.093091 0.630400
v -0.000000 -0.011696 0.605590
v -0.000000 0.068047 0.580632
v -0.000000 0.145726 0.555489
v -0.000000 0.220927 0.530124
v 0.000000 0.293238 0.504500
v -0.000000 0.362284 0.478567
v 0.000000 0.427844 0.452226
v 0.000000 0.489737 0.425365
v 0.000000 0.547781 0.397870
v -0.000000 0.601792 0.369631
v 0.000000 0.651590 0.340533
v -0.000000 0.696991 0.310465
v -0.069397 -0.259184 0.676827
v -0.066889 -0.175729 0.652308
v -0.064384 -0.093107 0.627717
v -0.061882 -0.011735 0.603019
v -0.059386 0.067971 0.578176
v -0.056896 0.145594 0.553154
v -0.054415 0.220718 0.527916
v -0.051942 0.292926 0.502426
v -0.049488 0.361841 0.476636
v -0.047093 0.427247 0.450444
v -0.044803 0.488966 0.423738
v -0.042668 0.546821 0.396403
v -0.040734 0.600636 0.368325
v -0.039053 0.650234 0.339389
v -0.037674 0.695441 0.309479
v -0.138071 -0.259186 0.668138
v -0.133080 -0.175742 0.643936
v -0.128095 -0.093151 0.619669
v -0.123117 -0.011838 0.595302
v -0.118149 0.067770 0.570803
v -0.113194 0.145247 0.546138
v -0.108253 0.220167 0.521274
v -0.103330 0.292104 0.496179
v -0.098442 0.360674 0.470805
v -0.093666 0.425665 0.445054
v -0.089094 0.486908 0.418811
v -0.084818 0.544234 0.391964
v -0.080934 0.597476 0.364396
v -0.077554 0.646477 0.335978
v -0.074791 0.691084 0.306576
v -0.205295 -0.259188 0.653656
v -0.197875 -0.175760 0.629983
v -0.190461 -0.093212 0.606252
v -0.183057 -0.011983 0.582435
v -0.175667 0.067487 0.558502
v -0.168293 0.144757 0.534425
v -0.160940 0.219389 0.510174
v -0.153609 0.290942 0.485721
v -0.146326 0.359022 0.461024
v -0.139200 0.423414 0.435992
v -0.132359 0.483948 0.410520
v -0.125934 0.540456 0.384503
v -0.120067 0.592775 0.357827
v -0.114951 0.640782 0.330331
v -0.110795 0.684359 0.301845
v -0.270348 -0.259191 0.633381
v -0.260575 -0.175781 0.610447
v -0.250810 -0.093282 0.587466
v -0.241056 -0.012150 0.564414
v -0.231317 0.067161 0.541266
v -0.221596 0.144195 0.518000
v -0.211897 0.218497 0.494591
v -0.202224 0.289611 0.471015
v -0.192606 0.357125 0.447240
v -0.183175 0.420808 0.423194
v -0.174086 0.480470 0.398797
v -0.165498 0.535923 0.373967
v -0.157598 0.586998 0.348599
v -0.150694 0.633613 0.322480
v -0.145129 0.675705 0.295374
v -0.332503 -0.259193 0.607312
v -0.320483 -0.175802 0.585328
v -0.308469 -0.093352 0.563308
v -0.296465 -0.012316 0.541233
v -0.284475 0.066836 0.519085
v -0.272502 0.143634 0.496846
v -0.260549 0.217605 0.474498
v -0.248621 0.288279 0.452023
v -0.236747 0.355224 0.429400
v -0.225071 0.418169 0.406593
v -0.213765 0.476880 0.383564
v -0.202998 0.531125 0.360276
v -0.192999 0.580706 0.336645
v -0.184222 0.625567 0.312407
v -0.177193 0.665691 0.287242
v -0.391038 -0.259196 0.575451
v -0.376899 -0.175820 0.554626
v -0.362765 -0.093414 0.533775
v -0.348638 -0.012461 0.512887
v -0.334520 0.066553 0.491949
v -0.320413 0.143143 0.470948
v -0.306321 0.216826 0.449872
v -0.292244 0.287117 0.428708
v -0.278214 0.353563 0.407448
v -0.264373 0.415845 0.386104
v -0.250891 0.473674 0.364693
v -0.237938 0.526764 0.343230
v -0.225764 0.574850 0.321692
v -0.214940 0.617764 0.299890
v -0.206210 0.655402 0.277502
v -0.445228 -0.259197 0.537796
v -0.429127 -0.175833 0.518339
v -0.413026 -0.093457 0.498867
v -0.396927 -0.012564 0.479373
v -0.380828 0.066352 0.459849
v -0.364731 0.142797 0.440289
v -0.348635 0.216276 0.420686
v -0.332540 0.286295 0.401031
v -0.316474 0.352387 0.381330
v -0.300563 0.414190 0.361644
v -0.284963 0.471371 0.342045
v -0.269826 0.523594 0.322605
v -0.255393 0.570497 0.303403
v -0.242249 0.611605 0.284549
v -0.231374 0.646575 0.265858
v -0.537796 -0.259197 0.445228
v -0.518339 -0.175833 0.429127
v -0.498867 -0.093457 0.413026
v -0.479373 -0.012564 0.396927
v -0.459849 0.066352 0.380828
v -0.440289 0.142797 0.364731
v -0.420686 0.216276 0.348635
v -0.401031 0.286295 0.332540
v -0.381330 0.352387 0.316474
v -0.361644 0.414190 0.300563
v -0.342045 0.471371 0.284963
v -0.322605 0.523594 0.269826
v -0.303404 0.570497 0.255393
v -0.284549 0.611605 0.242249
v -0.265858 0.646575 0.231374
v -0.575451 -0.259196 0.391038
v -0.554626 -0.175820 0.376899
v -0.533775 -0.093414 0.362765
v -0.512887 -0.012461 0.348638
v -0.491949 0.066553 0.334520
v -0.470948 0.143143 0.320413
v -0.449872 0.216826 0.306321
v -0.428708 0.287117 0.292244
v -0.407448 0.353563 0.278214
v -0.386105 0.415845 0.264373
v -0.364693 0.473674 0.250891
v -0.343230 0.526764 0.237938
v -0.321692 0.574850 0.225764
v -0.299890 0.617764 0.214940
v -0.277502 0.655402 0.206210
v -0.607312 -0.259193 0.332503
v -0.585328 -0.175802 0.320483
v -0.563308 -0.093352 0.308469
v -0.541233 -0.012316 0.296465
v -0.519085 0.066836 0.284475
v -0.496846 0.143633 0.272502
v -0.474498 0.217605 0.260549
v -0.452023 0.288279 0.248621
v -0.429400 0.355224 0.236747
v -0.406592 0.418169 0.225071
v -0.383564 0.476880 0.213765
v -0.360276 0.531125 0.202998
v -0.336645 0.580706 0.192999
v -0.312407 0.625567 0.184222
v -0.287242 0.665691 0.177193
v -0.633381 -0.259191 0.270348
v -0.610447 -0.175781 0.260575
v -0.587466 -0.093282 0.250810
v -0.564414 -0.012150 0.241056
v -0.541266 0.067161 0.231317
v -0.518000 0.144195 0.221596
v -0.494591 0.218497 0.211897
v -0.471015 0.289611 0.202224
v -0.447240 0.357125 0.192606
v -0.423194 0.420808 0.183175
v -0.398797 0.480470 0.174086
v -0.373967 0.535923 0.165498
v -0.348599 0.586998 0.157598
v -0.322480 0.633613 0.150694
v -0.295374 0.675705 0.145129
v -0.653656 -0.259188 0.205295
v -0.629983 -0.175760 0.197875
v -0.606252 -0.093212 0.190461
v -0.582435 -0.011983 0.183057
v -0.558502 0.067487 0.175667
v -0.534425 0.144757 0.168293
v -0.510174 0.219389 0.160940
v -0.485721 0.290942 0.153609
v -0.461025 0.359022 0.146326
v -0.435992 0.423414 0.139200
v -0.410520 0.483948 0.132359
v -0.384503 0.540456 0.125934
v -0.357827 0.592775 0.120067
v -0.330331 0.640782 0.114951
v -0.301845 0.684359 0.110795
v -0.668138 -0.259186 0.138071
v -0.643937 -0.175742 0.133080
v -0.619669 -0.093151 0.128095
v -0.595302 -0.011838 0.123117
v -0.570803 0.067770 0.118149
v -0.546138 0.145247 0.113194
v -0.521274 0.220167 0.108253
v -0.496179 0.292104 0.103330
v -0.470805 0.360674 0.098442
v -0.445054 0.425665 0.093666
v -0.418811 0.486909 0.089094
v -0.391964 0.544234 0.084818
v -0.364396 0.597476 0.080934
v -0.335978 0.646477 0.077554
v -0.306576 0.691084 0.074791
v -0.676827 -0.259184 0.069397
v -0.652308 -0.175729 0.066889
v -0.627717 -0.093107 0.064384
v -0.603019 -0.011735 0.061882
v -0.578176 0.067971 0.059386
v -0.553154 0.145594 0.056896
v -0.527916 0.220718 0.054415
v -0.502426 0.292926 0.051942
v -0.476636 0.361841 0.049488
v -0.450444 0.427247 0.047093
v -0.423738 0.488966 0.044803
v -0.396403 0.546821 0.042668
v -0.368325 0.600636 0.040734
v -0.339389 0.650234 0.039053
v -0.309478 0.695441 0.037674
v -0.679724 -0.259184 -0.000000
v -0.655099 -0.175724 0.000000
v -0.630400 -0.093091 0.000000
v -0.605590 -0.011696 -0.000000
v -0.580632 0.068047 -0.000000
v -0.555489 0.145726 -0.000000
v -0.530124 0.220927 -0.000000
v -0.504500 0.293238 0.000000
v -0.478567 0.362284 -0.000000
v -0.452226 0.427844 0.000000
v -0.425365 0.489737 0.000000
v -0.397870 0.547781 0.000000
v -0.369631 0.601792 -0.000000
v -0.340533 0.651590 0.000000
v -0.310465 0.696991 -0.000000
v -0.676827 -0.259184 -0.069397
v -0.652308 -0.175729 -0.066889
v -0.627717 -0.093107 -0.064384
v -0.603019 -0.011735 -0.061882
v -0.578176 0.067971 -0.059386
v -0.553154 0.145594 -0.056896
v -0.527916 0.220718 -0.054415
v -0.502426 0.292926 -0.051942
v -0.476636 0.361841 -0.049488
v -0.450444 0.427247 -0.047093
v -0.423738 0.488966 -0.044803
v -0.396403 0.546821 -0.042668
v -0.368325 0.600636 -0.040734
v -0.339389 0.650234 -0.039053
v -0.309479 0.695441 -0.037674
v -0.668138 -0.259186 -0.138071
v -0.643936 -0.175742 -0.133080
v -0.619669 -0.093151 -0.128095
v -0.595302 -0.011838 -0.123117
v -0.570803 0.067770 -0.118149
v -0.546138 0.145247 -0.113194
v -0.521274 0.220167 -0.108253
v -0.496179 0.292104 -0.103330
v -0.470805 0.360674 -0.098442
v -0.445054 0.425665 -0.093666
v -0.418811 0.486908 -0.089094
v -0.391964 0.544234 -0.084818
v -0.364396 0.597476 -0.080934
v -0.335978 0.646477 -0.077554
v -0.306576 0.691084 -0.074791
v -0.653656 -0.259188 -0.205295
v -0.629983 -0.175760 -0.197875
v -0.606252 -0.093212 -0.190461
v -0.582435 -0.011983 -0.183057
v -0.558502 0.067487 -0.175667
v -0.534425 0.144757 -0.168293
v -0.510174 0.219389 -0.160940
v -0.485721 0.290942 -0.153609
v -0.461024 0.359022 -0.146326
v -0.435992 0.423414 -0.139200
v -0.410520 0.483948 -0.132359
v -0.384503 0.540456 -0.125934
v -0.357827 0.592775 -0.120067
v -0.330331 0.640782 -0.114951
v -0.301845 0.684359 -0.110795
v -0.633381 -0.259191 -0.270348
v -0.610447 -0.175781 -0.260575
v -0.587466 -0.093282 -0.250810
v -0.564414 -0.012150 -0.241056
v -0.541266 0.067161 -0.231317
v -0.518000 0.144195 -0.221596
v -0.494591 0.218497 -0.211897
v -0.471015 0.289611 -0.202224
v -0.447240 0.357125 -0.192606
v -0.423194 0.420808 -0.183175
v -0.398797 0.480470 -0.174086
v -0.373967 0.535923 -0.165498
v -0.348599 0.586998 -0.157598
v -0.322480 0.633613 -0.150694
v -0.295374 0.675705 -0.145129
v -0.607312 -0.259193 -0.332503
v -0.585328 -0.175802 -0.320483
v -0.563308 -0.093352 -0.308469
v -0.541233 -0.012316 -0.296465
v -0.519085 0.066836 -0.284475
v -0.496846 0.143633 -0.272502
v -0.474498 0.217605 -0.260549
v -0.452023 0.288279 -0.248621
v -0.429400 0.355224 -0.236747
v -0.406593 0.418169 -0.225071
v -0.383564 0.476880 -0.213765
v -0.360276 0.531125 -0.202998
v -0.336645 0.580706 -0.192999
v -0.312407 0.625567 -0.184222
v -0.287242 0.665691 -0.177193
v -0.575451 -0.259196 -0.391038
v -0.554626 -0.175820 -0.376899
v -0.533775 -0.093414 -0.362765
v -0.512887 -0.012461 -0.348638
v -0.491949 0.066553 -0.334520
v -0.470948 0.143143 -0.320413
v -0.449872 0.216826 -0.306321
v -0.428708 0.287117 -0.292244
v -0.407448 0.353563 -0.278214
v -0.386104 0.415845 -0.264373
v -0.364693 0.473674 -0.250891
v -0.343230 0.526764 -0.237938
v -0.321692 0.574850 -0.225764
v -0.299890 0.617764 -0.214940
v -0.277502 0.655402 -0.206210
v -0.537796 -0.259197 -0.445228
v -0.518339 -0.175833 -0.429127
v -0.498867 -0.093457 -0.413026
v -0.479373 -0.012564 -0.396927
v -0.459849 0.066352 -0.380828
v -0.440289 0.142797 -0.364731
v -0.420686 0.216276 -0.348635
v -0.401031 0.286295 -0.332540
v -0.381330 0.352387 -0.316474
v -0.361644 0.414190 -0.300563
v -0.342045 0.471371 -0.284963
v -0.322605 0.523594 -0.269826
v -0.303403 0.570497 -0.255393
v -0.284549 0.611605 -0.242249
v -0.265858 0.646575 -0.231374
v -0.064919 -1.000000 -0.064919
v -0.056471 -1.000000 -0.068975
v -0.047696 -1.000000 -0.072530
v -0.038595 -1.000000 -0.075502
v -0.029206 -1.000000 -0.077841
v -0.019594 -1.000000 -0.079526
v -0.009834 -1.000000 -0.080546
v 0.000000 -1.000000 -0.080889
v 0.009834 -1.000000 -0.080546
v 0.019594 -1.000000 -0.079526
v 0.029206 -1.000000 -0.077841
v 0.038595 -1.000000 -0.075502
v 0.047696 -1.000000 -0.072530
v 0.056471 -1.000000 -0.068975
v 0.064919 -1.000000 -0.064919
v -0.068975 -1.000000 -0.056471
v -0.059602 -1.000000 -0.059602
v -0.050073 -1.000000 -0.062429
v -0.040357 -1.000000 -0.064847
v -0.030447 -1.000000 -0.066776
v -0.020384 -1.000000 -0.068182
v -0.010217 -1.000000 -0.069042
v 0.000000 -1.000000 -0.069333
v 0.010217 -1.000000 -0.069042
v 0.020384 -1.000000 -0.068182
v 0.030447 -1.000000 -0.066776
v 0.040357 -1.000000 -0.064847
v 0.050073 -1.000000 -0.062429
v 0.059602 -1.000000 -0.059602
v 0.068975 -1.000000 -0.056471
v -0.072530 -1.000000 -0.047696
v -0.062429 -1.000000 -0.050073
v -0.052257 -1.000000 -0.052257
v -0.041987 -1.000000 -0.054158
v -0.031601 -1.000000 -0.055697
v -0.021120 -1.000000 -0.056833
v -0.010576 -1.000000 -0.057536
v 0.000000 -1.000000 -0.057778
v 0.010576 -1.000000 -0.057536
v 0.021120 -1.000000 -0.056833
v 0.031601 -1.000000 -0.055697
v 0.041987 -1.000000 -0.054158
v 0.052257 -1.000000 -0.052257
v 0.062429 -1.000000 -0.050073
v 0.072530 -1.000000 -0.047696
v -0.075502 -1.000000 -0.038595
v -0.064847 -1.000000 -0.040357
v -0.054158 -1.000000 -0.041987
v -0.043421 -1.000000 -0.043421
v -0.032623 -1.000000 -0.044597
v -0.021776 -1.000000 -0.045478
v -0.010896 -1.000000 -0.046031
v 0.000000 -1.000000 -0.046222
v 0.010896 -1.000000 -0.046031
v 0.021776 -1.000000 -0.045478
v 0.032623 -1.000000 -0.044597
v 0.043421 -1.000000 -0.043421
v 0.054158 -1.000000 -0.041987
v 0.064847 -1.000000 -0.040357
v 0.075502 -1.000000 -0.038595
v -0.077841 -1.000000 -0.029206
v -0.066776 -1.000000 -0.030447
v -0.055697 -1.000000 -0.031601
v -0.044597 -1.000000 -0.032623
v -0.033472 -1.000000 -0.033472
v -0.022326 -1.000000 -0.034116
v -0.011167 -1.000000 -0.034524
v 0.000000 -1.000000 -0.034667
v 0.011167 -1.000000 -0.034524
v 0.022326 -1.000000 -0.034116
v 0.033472 -1.000000 -0.033472
v 0.044597 -1.000000 -0.032623
v 0.055697 -1.000000 -0.031601
v 0.066776 -1.000000 -0.030447
v 0.077841 -1.000000 -0.029206
v -0.079526 -1.000000 -0.019594
v -0.068182 -1.000000 -0.020384
v -0.056833 -1.000000 -0.021120
v -0.045478 -1.000000 -0.021776
v -0.034116 -1.000000 -0.022326
v -0.022747 -1.000000 -0.022747
v -0.011375 -1.000000 -0.023016
v 0.000000 -1.000000 -0.023111
v 0.011375 -1.000000 -0.023016
v 0.022747 -1.000000 -0.022747
v 0.034116 -1.000000 -0.022326
v 0.045478 -1.000000 -0.021776
v 0.056833 -1.000000 -0.021120
v 0.068182 -1.000000 -0.020384
v 0.079526 -1.000000 -0.019594
v -0.080546 -1.000000 -0.009834
v -0.069042 -1.000000 -0.010217
v -0.057536 -1.000000 -0.010576
v -0.046031 -1.000000 -0.010896
v -0.034524 -1.000000 -0.011167
v -0.023016 -1.000000 -0.011375
v -0.011508 -1.000000 -0.011508
v 0.000000 -1.000000 -0.011556
v 0.011508 -1.000000 -0.011508
v 0.023016 -1.000000 -0.011375
v 0.034524 -1.000000 -0.011167
v 0.046031 -1.000000 -0.010896
v 0.057536 -1.000000 -0.010576
v 0.069042 -1.000000 -0.010217
v 0.080546 -1.000000 -0.009834
v -0.080889 -1.000000 -0.000000
v -0.069333 -1.000000 -0.000000
v -0.057778 -1.000000 -0.000000
v -0.046222 -1.000000 -0.000000
v -0.034667 -1.000000 -0.000000
v -0.023111 -1.000000 -0.000000
v -0.011556 -1.000000 0.000000
v 0.000000 -1.000000 0.000000
v 0.011556 -1.000000 0.000000
v 0.023111 -1.000000 0.000000
v 0.034667 -1.000000 0.000000
v 0.046222 -1.000000 0.000000
v 0.057778 -1.000000 0.000000
v 0.069333 -1.000000 0.000000
v 0.080889 -1.000000 0.000000
v -0.080546 -1.000000 0.009834
v -0.069042 -1.000000 0.010217
v -0.057536 -1.000000 0.010576
v -0.046031 -1.000000 0.010896
v -0.034524 -1.000000 0.011167
v -0.023016 -1.000000 0.011375
v -0.011508 -1.000000 0.011508
v -0.000000 -1.000000 0.011556
v 0.011508 -1.000000 0.011508
v 0.023016 -1.000000 0.011375
v 0.034524 -1.000000 0.011167
v 0.046031 -1.000000 0.010896
v 0.057536 -1.000000 0.010576
v 0.069042 -1.000000 0.010217
v 0.080546 -1.000000 0.009834
v -0.079526 -1.000000 0.019594
v -0.068182 -1.000000 0.020384
v -0.056833 -1.000000 0.021120
v -0.045478 -1.000000 0.021776
v -0.034116 -1.000000 0.022326
v -0.022747 -1.000000 0.022747
v -0.011375 -1.000000 0.023016
v -0.000000 -1.000000 0.023111
v 0.011375 -1.000000 0.023016
v 0.022747 -1.000000 0.022747
v 0.034116 -1.000000 0.022326
v 0.045478 -1.000000 0.021776
v 0.056833 -1.000000 0.021120
v 0.068182 -1.000000 0.020384
v 0.079526 -1.000000 0.019594
v -0.077841 -1.000000 0.029206
v -0.066776 -1.000000 0.030447
v -0.055697 -1.000000 0.031601
v -0.044597 -1.000000 0.032623
v -0.033472 -1.000000 0.033472
v -0.022326 -1.000000 0.034116
v -0.011167 -1.000000 0.034524
v -0.000000 -1.000000 0.034667
v 0.011167 -1.000000 0.034524
v 0.022326 -1.000000 0.034116
v 0.033472 -1.000000 0.033472
v 0.044597 -1.000000 0.032623
v 0.055697 -1.000000 0.031601
v 0.066776 -1.000000 0.030447
v 0.077841 -1.000000 0.029206
v -0.075502 -1.000000 0.038595
v -0.064847 -1.000000 0.040357
v -0.054158 -1.000000 0.041987
v -0.043421 -1.000000 0.043421
v -0.032623 -1.000000 0.044597
v -0.021776 -1.000000 0.045478
v -0.010896 -1.000000 0.046031
v -0.000000 -1.000000 0.046222
v 0.010896 -1.000000 0.046031
v 0.021776 -1.000000 0.045478
v 0.032623 -1.000000 0.044597
v 0.043421 -1.000000 0.043421
v 0.054158 -1.000000 0.041987
v 0.064847 -1.000000 0.040357
v 0.075502 -1.000000 0.038595
v -0.072530 -1.000000 0.047696
v -0.062429 -1.000000 0.050073
v -0.052257 -1.000000 0.052257
v -0.041987 -1.000000 0.054158
v -0.031601 -1.000000 0.055697
v -0.021120 -1.000000 0.056833
v -0.010576 -1.000000 0.057536
v -0.000000 -1.000000 0.057778
v 0.010576 -1.000000 0.057536
v 0.021120 -1.000000 0.056833
v 0.031601 -1.000000 0.055697
v 0.041987 -1.000000 0.054158
v 0.052257 -1.000000 0.052257
v 0.062429 -1.000000 0.050073
v 0.072530 -1.000000 0.047696
v -0.068975 -1.000000 0.056471
v -0.059602 -1.000000 0.059602
v -0.050073 -1.000000 0.062429
v -0.040357 -1.000000 0.064847
v -0.030447 -1.000000 0.066776
v -0.020384 -1.000000 0.068182
v -0.010217 -1.000000 0.069042
v -0.000000 -1.000000 0.069333
v 0.010217 -1.000000 0.069042
v 0.020384 -1.000000 0.068182
v 0.030447 -1.000000 0.066776
v 0.040357 -1.000000 0.064847
v 0.050073 -1.000000 0.062429
v 0.059602 -1.000000 0.059602
v 0.068975 -1.000000 0.056471
v -0.064919 -1.000000 0.064919
v -0.056471 -1.000000 0.068975
v -0.047696 -1.000000 0.072530
v -0.038595 -1.000000 0.075502
v -0.029206 -1.000000 0.077841
v -0.019594 -1.000000 0.079526
v -0.009834 -1.000000 0.080546
v -0.000000 -1.000000 0.080889
v 0.009834 -1.000000 0.080546
v 0.019594 -1.000000 0.079526
v 0.029206 -1.000000 0.077841
v 0.038595 -1.000000 0.075502
v 0.047696 -1.000000 0.072530
v 0.056471 -1.000000 0.068975
v 0.064919 -1.000000 0.064919
v 0.537796 -0.259197 -0.445228
v 0.518339 -0.175833 -0.429127
v 0.498867 -0.093457 -0.413026
v 0.479373 -0.012564 -0.396927
v 0.459849 0.066352 -0.380828
v 0.440289 0.142797 -0.364731
v 0.420686 0.216276 -0.348635
v 0.401031 0.286295 -0.332540
v 0.381330 0.352387 -0.316474
v 0.361644 0.414190 -0.300563
v 0.342045 0.471371 -0.284963
v 0.322605 0.523594 -0.269826
v 0.303404 0.570497 -0.255393
v 0.284549 0.611605 -0.242249
v 0.265858 0.646575 -0.231374
v 0.575451 -0.259196 -0.391038
v 0.554626 -0.175820 -0.376899
v 0.533775 -0.093414 -0.362765
v 0.512887 -0.012461 -0.348638
v 0.491949 0.066553 -0.334520
v 0.470948 0.143143 -0.320413
v 0.449872 0.216826 -0.306321
v 0.428708 0.287117 -0.292244
v 0.407448 0.353563 -0.278214
v 0.386105 0.415845 -0.264373
v 0.364693 0.473674 -0.250891
v 0.343230 0.526764 -0.237938
v 0.321692 0.574850 -0.225764
v 0.299890 0.617764 -0.214940
v 0.277502 0.655402 -0.206210
v 0.607312 -0.259193 -0.332503
v 0.585328 -0.175802 -0.320483
v 0.563308 -0.093352 -0.308469
v 0.541233 -0.012316 -0.296465
v 0.519085 0.066836 -0.284475
v 0.496846 0.143633 -0.272502
v 0.474498 0.217605 -0.260549
v 0.452023 0.288279 -0.248621
v 0.429400 0.355224 -0.236747
v 0.406592 0.418169 -0.225071
v 0.383564 0.476880 -0.213765
v 0.360276 0.531125 -0.202998
v 0.336645 0.580706 -0.192999
v 0.312407 0.625567 -0.184222
v 0.287242 0.665691 -0.177193
v 0.633381 -0.259191 -0.270348
v 0.610447 -0.175781 -0.260575
v 0.587466 -0.093282 -0.250810
v 0.564414 -0.012150 -0.241056
v 0.541266 0.067161 -0.231317
v 0.518000 0.144195 -0.221596
v 0.494591 0.218497 -0.211897
v 0.471015 0.289611 -0.202224
v 0.447240 0.357125 -0.192606
v 0.423194 0.420808 -0.183175
v 0.398797 0.480470 -0.174086
v 0.373967 0.535923 -0.165498
v 0.348599 0.586998 -0.157598
v 0.322480 0.633613 -0.150694
v 0.295374 0.675705 -0.145129
v 0.653656 -0.259188 -0.205295
v 0.629983 -0.175760 -0.197875
v 0.606252 -0.093212 -0.190461
v 0.582435 -0.011983 -0.183057
v 0.558502 0.067487 -0.175667
v 0.534425 0.144757 -0.168293
v 0.510174 0.219389 -0.160940
v 0.485721 0.290942 -0.153609
v 0.461025 0.359022 -0.146326
v 0.435992 0.423414 -0.139200
v 0.410520 0.483948 -0.132359
v 0.384503 0.540456 -0.125934
v 0.357827 0.592775 -0.120067
v 0.330331 0.640782 -0.114951
v 0.301845 0.684359 -0.110795
v 0.668138 -0.259186 -0.138071
v 0.643937 -0.175742 -0.133080
v 0.619669 -0.093151 -0.128095
v 0.595302 -0.011838 -0.123117
v 0.570803 0.067770 -0.118149
v 0.546138 0.145247 -0.113194
v 0.521274 0.220167 -0.108253
v 0.496179 0.292104 -0.103330
v 0.470805 0.360674 -0.098442
v 0.445054 0.425665 -0.093666
v 0.418811 0.486908 -0.089094
v 0.391964 0.544234 -0.084818
v 0.364396 0.597476 -0.080934
v 0.335978 0.646477 -0.077554
v 0.306576 0.691084 -0.074791
v 0.676827 -0.259184 -0.069397
v 0.652308 -0.175729 -0.066889
v 0.627717 -0.093107 -0.064384
v 0.603019 -0.011735 -0.061882
v 0.578176 0.067971 -0.059386
v 0.553154 0.145594 -0.056896
v 0.527916 0.220718 -0.054415
v 0.502426 0.292926 -0.051942
v 0.476636 0.361841 -0.049488
v 0.450444 0.427247 -0.047093
v 0.423738 0.488966 -0.044803
v 0.396403 0.546821 -0.042668
v 0.368325 0.600636 -0.040734
v 0.339389 0.650234 -0.039053
v 0.309478 0.695441 -0.037674
v 0.679724 -0.259184 0.000000
v 0.655099 -0.175724 -0.000000
v 0.630400 -0.093091 -0.000000
v 0.605590 -0.011696 0.000000
v 0.580632 0.068047 0.000000
v 0.555489 0.145726 0.000000
v 0.530124 0.220927 0.000000
v 0.504500 0.293238 -0.000000
v 0.478567 0.362284 0.000000
v 0.452226 0.427844 -0.000000
v 0.425365 0.489737 -0.000000
v 0.397870 0.547781 -0.000000
v 0.369631 0.601792 0.000000
v 0.340533 0.651590 -0.000000
v 0.310465 0.696991 -0.000000
v 0.676827 -0.259184 0.069397
v 0.652308 -0.175729 0.066889
v 0.627717 -0.093107 0.064384
v 0.603019 -0.011735 0.061882
v 0.578176 0.067971 0.059386
v 0.553154 0.145594 0.056896
v 0.527916 0.220718 0.054415
v 0.502426 0.292926 0.051942
v 0.476636 0.361841 0.049488
v 0.450444 0.427247 0.047093
v 0.423738 0.488966 0.044803
v 0.396403 0.546821 0.042668
v 0.368325 0.600636 0.040734
v 0.339389 0.650234 0.039053
v 0.309479 0.695441 0.037674
v 0.668138 -0.259186 0.138071
v 0.643936 -0.175742 0.133080
v 0.619669 -0.093151 0.128095
v 0.595302 -0.011838 0.123117
v 0.570803 0.067770 0.118149
v 0.546138 0.145247 0.113194
v 0.521274 0.220167 0.108253
v 0.496179 0.292104 0.103330
v 0.470805 0.360674 0.098442
v 0.445054 0.425665 0.093666
v 0.418811 0.486908 0.089094
v 0.391964 0.544234 0.084818
v 0.364396 0.597476 0.080934
v 0.335978 0.646477 0.077554
v 0.306576 0.691084 0.074791
v 0.653656 -0.259188 0.205295
v 0.629983 -0.175760 0.197875
v 0.606252 -0.093212 0.190461
v 0.582435 -0.011983 0.183057
v 0.558502 0.067487 0.175667
v 0.534425 0.144757 0.168293
v 0.510174 0.219389 0.160940
v 0.485721 0.290942 0.153609
v 0.461024 0.359022 0.146326
v 0.435992 0.423414 0.139200
v 0.410520 0.483948 0.132359
v 0.384503 0.540456 0.125934
v 0.357827 0.592775 0.120067
v 0.330331 0.640782 0.114951
v 0.301845 0.684359 0.110795
v 0.633381 -0.259191 0.270348
v 0.610447 -0.175781 0.260575
v 0.587466 -0.093282 0.250810
v 0.564414 -0.012150 0.241056
v 0.541266 0.067161 0.231317
v 0.518000 0.144195 0.221596
v 0.494591 0.218497 0.211897
v 0.471015 0.289610 0.202224
v 0.447240 0.357125 0.192606
v 0.423194 0.420808 0.183175
v 0.398797 0.480470 0.174086
v 0.373967 0.535923 0.165498
v 0.348599 0.586998 0.157598
v 0.322480 0.633613 0.150694
v 0.295374 0.675705 0.145129
v 0.607312 -0.259193 0.332503
v 0.585328 -0.175802 0.320483
v 0.563308 -0.093352 0.308469
v 0.541233 -0.012316 0.296465
v 0.519085 0.066836 0.284475
v 0.496846 0.143633 0.272502
v 0.474498 0.217605 0.260549
v 0.452023 0.288279 0.248621
v 0.429400 0.355224 0.236747
v 0.406593 0.418169 0.225071
v 0.383564 0.476880 0.213765
v 0.360276 0.531125 0.202998
v 0.336645 0.580706 0.192999
v 0.312407 0.625567 0.184222
v 0.287242 0.665691 0.177193
v 0.575451 -0.259196 0.391038
v 0.554626 -0.175820 0.376899
v 0.533775 -0.093414 0.362765
v 0.512887 -0.012461 0.348638
v 0.491949 0.066553 0.334520
v 0.470948 0.143143 0.320413
v 0.449872 0.216826 0.306321
v 0.428708 0.287117 0.292244
v 0.407448 0.353563 0.278214
v 0.386104 0.415845 0.264373
v 0.364693 0.473674 0.250891
v 0.343230 0.526764 0.237938
v 0.321692 0.574850 0.225764
v 0.299890 0.617764 0.214940
v 0.277502 0.655402 0.206210
v 0.537796 -0.259197 0.445228
v 0.518339 -0.175833 0.429127
v 0.498867 -0.093457 0.413026
v 0.479373 -0.012564 0.396927
v 0.459849 0.066352 0.380828
v 0.440289 0.142797 0.364731
v 0.420686 0.216276 0.348635
v 0.401031 0.286295 0.332540
v 0.381330 0.352387 0.316474
v 0.361644 0.414190 0.300563
v 0.342045 0.471371 0.284963
v 0.322605 0.523594 0.269826
v 0.303403 0.570497 0.255393
v 0.284549 0.611605 0.242249
v 0.265858 0.646575 0.231374
v -0.445228 -0.259197 -0.537796
v -0.429127 -0.175833 -0.518339
v -0.413026 -0.093457 -0.498867
v -0.396927 -0.012564 -0.479373
v -0.380828 0.066352 -0.459849
v -0.364731 0.142797 -0.440289
v -0.348635 0.216276 -0.420686
v -0.332540 0.286295 -0.401031
v -0.316474 0.352387 -0.381330
v -0.300563 0.414190 -0.361644
v -0.284963 0.471371 -0.342045
v -0.269826 0.523594 -0.322605
v -0.255393 0.570497 -0.303404
v -0.242249 0.611605 -0.284549
v -0.231374 0.646575 -0.265858
v -0.391038 -0.259196 -0.575451
v -0.376899 -0.175820 -0.554626
v -0.362765 -0.093414 -0.533775
v -0.348638 -0.012461 -0.512887
v -0.334520 0.066553 -0.491949
v -0.320413 0.143143 -0.470948
v -0.306321 0.216826 -0.449872
v -0.292244 0.287117 -0.428708
v -0.278214 0.353563 -0.407448
v -0.264373 0.415845 -0.386105
v -0.250891 0.473674 -0.364693
v -0.237938 0.526764 -0.343230
v -0.225764 0.574850 -0.321692
v -0.214940 0.617764 -0.299890
v -0.206210 0.655402 -0.277502
v -0.332503 -0.259193 -0.607312
v -0.320483 -0.175802 -0.585328
v -0.308469 -0.093352 -0.563308
v -0.296465 -0.012316 -0.541233
v -0.284475 0.066836 -0.519085
v -0.272502 0.143633 -0.496846
v -0.260549 0.217605 -0.474498
v -0.248621 0.288279 -0.452023
v -0.236747 0.355224 -0.429400
v -0.225071 0.418169 -0.406592
v -0.213765 0.476880 -0.383564
v -0.202998 0.531125 -0.360276
v -0.192999 0.580706 -0.336645
v -0.184222 0.625567 -0.312407
v -0.177193 0.665691 -0.287242
v -0.270348 -0.259191 -0.633381
v -0.260575 -0.175781 -0.610447
v -0.250810 -0.093282 -0.587466
v -0.241056 -0.012150 -0.564414
v -0.231317 0.067161 -0.541266
v -0.221596 0.144195 -0.518000
v -0.211897 0.218497 -0.494591
v -0.202224 0.289611 -0.471015
v -0.192606 0.357125 -0.447240
v -0.183175 0.420808 -0.423194
v -0.174086 0.480470 -0.398797
v -0.165498 0.535923 -0.373967
v -0.157598 0.586998 -0.348599
v -0.150694 0.633613 -0.322480
v -0.145129 0.675705 -0.295374
v -0.205295 -0.259188 -0.653656
v -0.197875 -0.175760 -0.629983
v -0.190461 -0.093212 -0.606252
v -0.183057 -0.011983 -0.582435
v -0.175667 0.067487 -0.558502
v -0.168293 0.144757 -0.534425
v -0.160940 0.219389 -0.510174
v -0.153609 0.290942 -0.485721
v -0.146326 0.359022 -0.461025
v -0.139200 0.423414 -0.435992
v -0.132359 0.483948 -0.410520
v -0.125934 0.540456 -0.384503
v -0.120067 0.592775 -0.357827
v -0.114951 0.640782 -0.330331
v -0.110795 0.684359 -0.301845
v -0.138071 -0.259186 -0.668138
v -0.133080 -0.175742 -0.643937
v -0.128095 -0.093151 -0.619669
v -0.123117 -0.011838 -0.595302
v -0.118149 0.067770 -0.570803
v -0.113194 0.145247 -0.546138
v -0.108253 0.220167 -0.521274
v -0.103330 0.292104 -0.496179
v -0.098442 0.360674 -0.470805
v -0.093666 0.425665 -0.445054
v -0.089094 0.486908 -0.418811
v -0.084818 0.544234 -0.391964
v -0.080934 0.597476 -0.364396
v -0.077554 0.646477 -0.335978
v -0.074791 0.691084 -0.306576
v -0.069397 -0.259184 -0.676827
v -0.066889 -0.175729 -0.652308
v -0.064384 -0.093107 -0.627717
v -0.061882 -0.011735 -0.603019
v -0.059386 0.067971 -0.578176
v -0.056896 0.145594 -0.553154
v -0.054415 0.220718 -0.527916
v -0.051942 0.292926 -0.502426
v -0.049488 0.361841 -0.476636
v -0.047093 0.427247 -0.450444
v -0.044803 0.488966 -0.423738
v -0.042668 0.546821 -0.396403
v -0.040734 0.600636 -0.368325
v -0.039053 0.650234 -0.339389
v -0.037674 0.695441 -0.309478
v 0.000000 -0.259184 -0.679724
v -0.000000 -0.175724 -0.655099
v -0.000000 -0.093091 -0.630400
v 0.000000 -0.011696 -0.605590
v 0.000000 0.068047 -0.580632
v 0.000000 0.145726 -0.555489
v 0.000000 0.220927 -0.530124
v -0.000000 0.293238 -0.504500
v 0.000000 0.362284 -0.478567
v -0.000000 0.427844 -0.452226
v -0.000000 0.489737 -0.425365
v -0.000000 0.547781 -0.397870
v -0.000000 0.601792 -0.369631
v -0.000000 0.651590 -0.340533
v -0.000000 0.696991 -0.310465
v 0.069397 -0.259184 -0.676827
v 0.066889 -0.175729 -0.652308
v 0.064384 -0.093107 -0.627717
v 0.061882 -0.011735 -0.603019
v 0.059386 0.067971 -0.578176
v 0.056896 0.145594 -0.553154
v 0.054415 0.220718 -0.527916
v 0.051942 0.292926 -0.502426
v 0.049488 0.361841 -0.476636
v 0.047093 0.427247 -0.450444
v 0.044803 0.488966 -0.423738
v 0.042668 0.546821 -0.396403
v 0.040734 0.600636 -0.368325
v 0.039053 0.650234 -0.339389
v 0.037674 0.695441 -0.309479
v 0.138071 -0.259186 -0.668138
v 0.133080 -0.175742 -0.643936
v 0.128095 -0.093151 -0.619669
v 0.123117 -0.011838 -0.595302
v 0.118149 0.067770 -0.570803
v 0.113194 0.145247 -0.546138
v 0.108253 0.220167 -0.521274
v 0.103330 0.292104 -0.496179
v 0.098442 0.360674 -0.470805
v 0.093666 0.425665 -0.445054
v 0.089094 0.486908 -0.418811
v 0.084818 0.544234 -0.391964
v 0.080934 0.597476 -0.364396
v 0.077554 0.646477 -0.335978
v 0.074791 0.691084 -0.306576
v 0.205295 -0.259188 -0.653656
v 0.197875 -0.175760 -0.629983
v 0.190461 -0.093212 -0.606252
v 0.183057 -0.011983 -0.582435
v 0.175667 0.067487 -0.558502
v 0.168293 0.144757 -0.534425
v 0.160940 0.219389 -0.510174
v 0.153609 0.290942 -0.485721
v 0.146326 0.359022 -0.461024
v 0.139200 0.423414 -0.435992
v 0.132359 0.483948 -0.410520
v 0.125934 0.540456 -0.384503
v 0.120067 0.592775 -0.357827
v 0.114951 0.640782 -0.330331
v 0.110795 0.684359 -0.301845
v 0.270348 -0.259191 -0.633381
v 0.260575 -0.175781 -0.610447
v 0.250810 -0.093282 -0.587466
v 0.241056 -0.012150 -0.564414
v 0.231317 0.067161 -0.541266
v 0.221596 0.144195 -0.518000
v 0.211897 0.218497 -0.494591
v 0.202224 0.289610 -0.471015
v 0.192606 0.357125 -0.447240
v 0.183175 0.420808 -0.423194
v 0.174086 0.480470 -0.398797
v 0.165498 0.535923 -0.373967
v 0.157598 0.586998 -0.348599
v 0.150694 0.633613 -0.322480
v 0.145129 0.675705 -0.295374
v 0.332503 -0.259193 -0.607312
v 0.320483 -0.175802 -0.585328
v 0.308469 -0.093352 -0.563308
v 0.296465 -0.012316 -0.541233
v 0.284475 0.066836 -0.519085
v 0.272502 0.143633 -0.496846
v 0.260549 0.217605 -0.474498
v 0.248621 0.288279 -0.452023
v 0.236747 0.355224 -0.429400
v 0.225071 0.418169 -0.406593
v 0.213765 0.476880 -0.383564
v 0.202998 0.531125 -0.360276
v 0.192999 0.580706 -0.336645
v 0.184222 0.625567 -0.312407
v 0.177193 0.665691 -0.287242
v 0.391038 -0.259196 -0.575451
v 0.376899 -0.175820 -0.554626
v 0.362765 -0.093414 -0.533775
v 0.348638 -0.012461 -0.512887
v 0.334520 0.066553 -0.491949
v 0.320413 0.143143 -0.470948
v 0.306321 0.216826 -0.449872
v 0.292244 0.287117 -0.428708
v 0.278214 0.353563 -0.407448
v 0.264373 0.415845 -0.386104
v 0.250891 0.473674 -0.364693
v 0.237938 0.526764 -0.343230
v 0.225764 0.574850 -0.321692
v 0.214940 0.617764 -0.299890
v 0.206210 0.655402 -0.277502
v 0.445228 -0.259197 -0.537796
v 0.429127 -0.175833 -0.518339
v 0.413026 -0.093457 -0.498867
v 0.396927 -0.012564 -0.479373
v 0.380828 0.066352 -0.459849
v 0.364731 0.142797 -0.440289
v 0.348635 0.216276 -0.420686
v 0.332540 0.286295 -0.401031
v 0.316474 0.352387 -0.381330
v 0.300563 0.414190 -0.361644
v 0.284963 0.471371 -0.342045
v 0.269826 0.523594 -0.322605
v 0.255393 0.570497 -0.303403
v 0.242249 0.611605 -0.284549
v 0.231374 0.646575 -0.265858
v -0.069504 -0.937097 -0.083955
v -0.078484 -0.874526 -0.094802
v -0.087519 -0.812618 -0.105716
v -0.096639 -0.751704 -0.116732
v -0.105871 -0.692116 -0.127883
v -0.115242 -0.634186 -0.139202
v -0.124781 -0.578244 -0.150724
v -0.134515 -0.524622 -0.162483
v -0.144473 -0.473653 -0.174511
v -0.154683 -0.425666 -0.186843
v -0.165172 -0.380994 -0.199513
v -0.175968 -0.339969 -0.212554
v -0.187100 -0.302921 -0.226000
v -0.198595 -0.270182 -0.239885
v -0.210481 -0.242084 -0.254243
v -0.061044 -0.937097 -0.089833
v -0.068931 -0.874526 -0.101439
v -0.076867 -0.812618 -0.113118
v -0.084877 -0.751704 -0.124905
v -0.092985 -0.692116 -0.136837
v -0.101215 -0.634186 -0.148949
v -0.109593 -0.578244 -0.161278
v -0.118143 -0.524622 -0.173859
v -0.126889 -0.473653 -0.186730
v -0.135856 -0.425666 -0.199926
v -0.145068 -0.380994 -0.213483
v -0.154550 -0.339969 -0.227437
v -0.164327 -0.302921 -0.241825
v -0.174423 -0.270182 -0.256682
v -0.184862 -0.242084 -0.272045
v -0.051906 -0.937097 -0.094807
v -0.058613 -0.874526 -0.107056
v -0.065361 -0.812618 -0.119381
v -0.072172 -0.751704 -0.131821
v -0.079066 -0.692116 -0.144413
v -0.086064 -0.634186 -0.157196
v -0.093188 -0.578244 -0.170208
v -0.100458 -0.524622 -0.183486
v -0.107895 -0.473653 -0.197069
v -0.115519 -0.425666 -0.210995
v -0.123353 -0.380994 -0.225303
v -0.131415 -0.339969 -0.240030
v -0.139729 -0.302921 -0.255214
v -0.148313 -0.270182 -0.270894
v -0.157190 -0.242084 -0.287107
v -0.042203 -0.937097 -0.098876
v -0.047656 -0.874526 -0.111651
v -0.053143 -0.812618 -0.124506
v -0.058680 -0.751704 -0.137480
v -0.064286 -0.692116 -0.150612
v -0.069976 -0.634186 -0.163944
v -0.075768 -0.578244 -0.177514
v -0.081679 -0.524622 -0.191362
v -0.087726 -0.473653 -0.205528
v -0.093925 -0.425666 -0.220053
v -0.100294 -0.380994 -0.234974
v -0.106850 -0.339969 -0.250333
v -0.113609 -0.302921 -0.266169
v -0.120589 -0.270182 -0.282522
v -0.127806 -0.242084 -0.299432
v -0.032048 -0.937097 -0.102042
v -0.036189 -0.874526 -0.115226
v -0.040355 -0.812618 -0.128492
v -0.044560 -0.751704 -0.141881
v -0.048817 -0.692116 -0.155434
v -0.053138 -0.634186 -0.169192
v -0.057536 -0.578244 -0.183196
v -0.062025 -0.524622 -0.197488
v -0.066617 -0.473653 -0.212108
v -0.071324 -0.425666 -0.227097
v -0.076161 -0.380994 -0.242496
v -0.081139 -0.339969 -0.258347
v -0.086272 -0.302921 -0.274690
v -0.091572 -0.270182 -0.291566
v -0.097053 -0.242084 -0.309017
v -0.021554 -0.937097 -0.104303
v -0.024339 -0.874526 -0.117779
v -0.027141 -0.812618 -0.131338
v -0.029969 -0.751704 -0.145024
v -0.032832 -0.692116 -0.158878
v -0.035738 -0.634186 -0.172941
v -0.038696 -0.578244 -0.187255
v -0.041715 -0.524622 -0.201864
v -0.044803 -0.473653 -0.216807
v -0.047969 -0.425666 -0.232129
v -0.051222 -0.380994 -0.247869
v -0.054570 -0.339969 -0.264071
v -0.058022 -0.302921 -0.280776
v -0.061586 -0.270182 -0.298026
v -0.065272 -0.242084 -0.315864
v -0.010833 -0.937097 -0.105659
v -0.012233 -0.874526 -0.119310
v -0.013642 -0.812618 -0.133047
v -0.015063 -0.751704 -0.146910
v -0.016502 -0.692116 -0.160944
v -0.017963 -0.634186 -0.175190
v -0.019449 -0.578244 -0.189691
v -0.020967 -0.524622 -0.204489
v -0.022519 -0.473653 -0.219627
v -0.024110 -0.425666 -0.235148
v -0.025745 -0.380994 -0.251093
v -0.027428 -0.339969 -0.267505
v -0.029163 -0.302921 -0.284428
v -0.030955 -0.270182 -0.301902
v -0.032807 -0.242084 -0.319972
v 0.000000 -0.937097 -0.106111
v 0.000000 -0.874526 -0.119821
v 0.000000 -0.812618 -0.133616
v 0.000000 -0.751704 -0.147539
v -0.000000 -0.692116 -0.161633
v 0.000000 -0.634186 -0.175940
v -0.000000 -0.578244 -0.190503
v -0.000000 -0.524622 -0.205364
v -0.000000 -0.473653 -0.220567
v -0.000000 -0.425666 -0.236154
v 0.000000 -0.380994 -0.252167
v -0.000000 -0.339969 -0.268650
v -0.000000 -0.302921 -0.285645
v -0.000000 -0.270182 -0.303194
v 0.000000 -0.242084 -0.321341
v 0.010833 -0.937097 -0.105659
v 0.012233 -0.874526 -0.119310
v 0.013642 -0.812618 -0.133047
v 0.015063 -0.751704 -0.146910
v 0.016502 -0.692116 -0.160944
v 0.017963 -0.634186 -0.175190
v 0.019449 -0.578244 -0.189691
v 0.020967 -0.524622 -0.204489
v 0.022519 -0.473653 -0.219627
v 0.024110 -0.425666 -0.235148
v 0.025745 -0.380994 -0.251093
v 0.027428 -0.339969 -0.267505
v 0.029163 -0.302921 -0.284428
v 0.030955 -0.270182 -0.301902
v 0.032807 -0.242084 -0.319972
v 0.021554 -0.937097 -0.104303
v 0.024339 -0.874526 -0.117779
v 0.027141 -0.812618 -0.131338
v 0.029969 -0.751704 -0.145024
v 0.032832 -0.692116 -0.158878
v 0.035738 -0.634186 -0.172941
v 0.038696 -0.578244 -0.187255
v 0.041715 -0.524622 -0.201864
v 0.044803 -0.473653 -0.216807
v 0.047969 -0.425666 -0.232129
v 0.051222 -0.380994 -0.247869
v 0.054570 -0.339969 -0.264071
v 0.058022 -0.302921 -0.280776
v 0.061586 -0.270182 -0.298026
v 0.065272 -0.242084 -0.315864
v 0.032048 -0.937097 -0.102042
v 0.036189 -0.874526 -0.115226
v 0.040355 -0.812618 -0.128492
v 0.044560 -0.751704 -0.141881
v 0.048817 -0.692116 -0.155434
v 0.053138 -0.634186 -0.169192
v 0.057536 -0.578244 -0.183196
v 0.062025 -0.524622 -0.197488
v 0.066617 -0.473653 -0.212108
v 0.071324 -0.425666 -0.227097
v 0.076161 -0.380994 -0.242496
v 0.081139 -0.339969 -0.258347
v 0.086272 -0.302921 -0.274690
v 0.091572 -0.270182 -0.291566
v 0.097053 -0.242084 -0.309017
v 0.042203 -0.937097 -0.098876
v 0.047656 -0.874526 -0.111651
v 0.053143 -0.812618 -0.124506
v 0.058680 -0.751704 -0.137480
v 0.064286 -0.692116 -0.150612
v 0.069976 -0.634186 -0.163944
v 0.075768 -0.578244 -0.177514
v 0.081679 -0.524622 -0.191362
v 0.087726 -0.473653 -0.205528
v 0.093925 -0.425666 -0.220053
v 0.100294 -0.380994 -0.234974
v 0.106850 -0.339969 -0.250333
v 0.113609 -0.302921 -0.266169
v 0.120589 -0.270182 -0.282522
v 0.127806 -0.242084 -0.299432
v 0.051906 -0.937097 -0.094807
v 0.058613 -0.874526 -0.107056
v 0.065361 -0.812618 -0.119381
v 0.072172 -0.751704 -0.131821
v 0.079066 -0.692116 -0.144413
v 0.086064 -0.634186 -0.157196
v 0.093188 -0.578244 -0.170208
v 0.100458 -0.524622 -0.183486
v 0.107895 -0.473653 -0.197069
v 0.115519 -0.425666 -0.210996
v 0.123353 -0.380994 -0.225303
v 0.131415 -0.339969 -0.240030
v 0.139729 -0.302921 -0.255214
v 0.148313 -0.270182 -0.270894
v 0.157190 -0.242084 -0.287107
v 0.061044 -0.937097 -0.089833
v 0.068931 -0.874526 -0.101439
v 0.076867 -0.812618 -0.113118
v 0.084877 -0.751704 -0.124905
v 0.092985 -0.692116 -0.136837
v 0.101215 -0.634186 -0.148949
v 0.109593 -0.578244 -0.161278
v 0.118143 -0.524622 -0.173859
v 0.126889 -0.473653 -0.186730
v 0.135856 -0.425666 -0.199926
v 0.145068 -0.380994 -0.213483
v 0.154550 -0.339969 -0.227437
v 0.164327 -0.302921 -0.241825
v 0.174423 -0.270182 -0.256682
v 0.184862 -0.242084 -0.272045
v 0.069504 -0.937097 -0.083955
v 0.078484 -0.874526 -0.094802
v 0.087519 -0.812618 -0.105716
v 0.096639 -0.751704 -0.116732
v 0.105871 -0.692116 -0.127883
v 0.115242 -0.634186 -0.139202
v 0.124781 -0.578244 -0.150724
v 0.134515 -0.524622 -0.162483
v 0.144473 -0.473653 -0.174511
v 0.154683 -0.425666 -0.186843
v 0.165172 -0.380994 -0.199513
v 0.175968 -0.339969 -0.212554
v 0.187100 -0.302921 -0.226000
v 0.198595 -0.270182 -0.239885
v 0.210481 -0.242084 -0.254243
v 0.083955 -0.937097 -0.069504
v 0.094802 -0.874526 -0.078484
v 0.105716 -0.812618 -0.087519
v 0.116732 -0.751704 -0.096639
v 0.127883 -0.692116 -0.105871
v 0.139202 -0.634186 -0.115242
v 0.150724 -0.578244 -0.124781
v 0.162483 -0.524622 -0.134515
v 0.174511 -0.473653 -0.144473
v 0.186843 -0.425666 -0.154683
v 0.199513 -0.380994 -0.165171
v 0.212554 -0.339969 -0.175968
v 0.226000 -0.302921 -0.187100
v 0.239885 -0.270182 -0.198595
v 0.254243 -0.242084 -0.210481
v 0.089833 -0.937097 -0.061044
v 0.101439 -0.874526 -0.068931
v 0.113118 -0.812618 -0.076867
v 0.124905 -0.751704 -0.084877
v 0.136837 -0.692116 -0.092985
v 0.148949 -0.634186 -0.101215
v 0.161278 -0.578244 -0.109593
v 0.173859 -0.524622 -0.118143
v 0.186730 -0.473653 -0.126889
v 0.199926 -0.425666 -0.135856
v 0.213483 -0.380994 -0.145068
v 0.227437 -0.339969 -0.154550
v 0.241825 -0.302921 -0.164327
v 0.256682 -0.270182 -0.174423
v 0.272045 -0.242084 -0.184862
v 0.094807 -0.937097 -0.051906
v 0.107056 -0.874526 -0.058613
v 0.119381 -0.812618 -0.065361
v 0.131821 -0.751704 -0.072172
v 0.144413 -0.692116 -0.079066
v 0.157196 -0.634186 -0.086064
v 0.170208 -0.578244 -0.093188
v 0.183486 -0.524622 -0.100458
v 0.197069 -0.473653 -0.107895
v 0.210996 -0.425666 -0.115519
v 0.225303 -0.380994 -0.123353
v 0.240030 -0.339969 -0.131415
v 0.255214 -0.302921 -0.139729
v 0.270894 -0.270182 -0.148313
v 0.287107 -0.242084 -0.157190
v 0.098876 -0.937097 -0.042203
v 0.111651 -0.874526 -0.047656
v 0.124506 -0.812618 -0.053143
v 0.137480 -0.751704 -0.058680
v 0.150612 -0.692116 -0.064286
v 0.163944 -0.634186 -0.069976
v 0.177514 -0.578244 -0.075768
v 0.191362 -0.524622 -0.081679
v 0.205528 -0.473653 -0.087726
v 0.220053 -0.425666 -0.093925
v 0.234974 -0.380994 -0.100294
v 0.250333 -0.339969 -0.106850
v 0.266169 -0.302921 -0.113609
v 0.282522 -0.270182 -0.120589
v 0.299432 -0.242084 -0.127806
v 0.102042 -0.937097 -0.032048
v 0.115226 -0.874526 -0.036189
v 0.128492 -0.812618 -0.040355
v 0.141881 -0.751704 -0.044560
v 0.155434 -0.692116 -0.048817
v 0.169192 -0.634186 -0.053138
v 0.183196 -0.578244 -0.057536
v 0.197488 -0.524622 -0.062025
v 0.212108 -0.473653 -0.066617
v 0.227097 -0.425666 -0.071324
v 0.242496 -0.380994 -0.076161
v 0.258347 -0.339969 -0.081139
v 0.274690 -0.302921 -0.086272
v 0.291566 -0.270182 -0.091572
v 0.309017 -0.242084 -0.097053
v 0.104303 -0.937097 -0.021554
v 0.117779 -0.874526 -0.024339
v 0.131338 -0.812618 -0.027141
v 0.145024 -0.751704 -0.029969
v 0.158878 -0.692116 -0.032832
v 0.172941 -0.634186 -0.035738
v 0.187255 -0.578244 -0.038696
v 0.201864 -0.524622 -0.041715
v 0.216807 -0.473653 -0.044803
v 0.232129 -0.425666 -0.047969
v 0.247869 -0.380994 -0.051222
v 0.264071 -0.339969 -0.054570
v 0.280776 -0.302921 -0.058022
v 0.298026 -0.270182 -0.061586
v 0.315864 -0.242084 -0.065272
v 0.105659 -0.937097 -0.010833
v 0.119310 -0.874526 -0.012233
v 0.133047 -0.812618 -0.013642
v 0.146910 -0.751704 -0.015063
v 0.160944 -0.692116 -0.016502
v 0.175190 -0.634186 -0.017963
v 0.189691 -0.578244 -0.019449
v 0.204489 -0.524622 -0.020967
v 0.219627 -0.473653 -0.022519
v 0.235148 -0.425666 -0.024110
v 0.251093 -0.380994 -0.025745
v 0.267505 -0.339969 -0.027428
v 0.284428 -0.302921 -0.029163
v 0.301902 -0.270182 -0.030955
v 0.319972 -0.242084 -0.032807
v 0.106111 -0.937097 0.000000
v 0.119821 -0.874526 0.000000
v 0.133616 -0.812618 0.000000
v 0.147539 -0.751704 -0.000000
v 0.161633 -0.692116 -0.000000
v 0.175940 -0.634186 -0.000000
v 0.190503 -0.578244 -0.000000
v 0.205364 -0.524622 -0.000000
v 0.220567 -0.473653 0.000000
v 0.236154 -0.425666 0.000000
v 0.252167 -0.380994 0.000000
v 0.268650 -0.339969 -0.000000
v 0.285645 -0.302921 0.000000
v 0.303194 -0.270182 -0.000000
v 0.321341 -0.242084 0.000000
v 0.105659 -0.937097 0.010833
v 0.119310 -0.874526 0.012233
v 0.133047 -0.812618 0.013642
v 0.146910 -0.751704 0.015063
v 0.160944 -0.692116 0.016502
v 0.175190 -0.634186 0.017963
v 0.189691 -0.578244 0.019449
v 0.204489 -0.524622 0.020967
v 0.219627 -0.473653 0.022519
v 0.235148 -0.425666 0.024110
v 0.251093 -0.380994 0.025745
v 0.267505 -0.339969 0.027428
v 0.284428 -0.302921 0.029163
v 0.301902 -0.270182 0.030955
v 0.319972 -0.242084 0.032807
v 0.104303 -0.937097 0.021554
v 0.117779 -0.874526 0.024339
v 0.131338 -0.812618 0.027141
v 0.145024 -0.751704 0.029969
v 0.158878 -0.692116 0.032832
v 0.172941 -0.634186 0.035738
v 0.187255 -0.578244 0.038696
v 0.201864 -0.524622 0.041715
v 0.216807 -0.473653 0.044803
v 0.232129 -0.425666 0.047969
v 0.247869 -0.380994 0.051222
v 0.264071 -0.339969 0.054570
v 0.280776 -0.302921 0.058022
v 0.298026 -0.270182 0.061586
v 0.315864 -0.242084 0.065272
v 0.102042 -0.937097 0.032048
v 0.115226 -0.874526 0.036189
v 0.128492 -0.812618 0.040355
v 0.141881 -0.751704 0.044560
v 0.155434 -0.692116 0.048817
v 0.169192 -0.634186 0.053138
v 0.183196 -0.578244 0.057536
v 0.197488 -0.524622 0.062025
v 0.212108 -0.473653 0.066617
v 0.227097 -0.425666 0.071324
v 0.242496 -0.380994 0.076161
v 0.258347 -0.339969 0.081139
v 0.274690 -0.302921 0.086272
v 0.291566 -0.270182 0.091572
v 0.309017 -0.242084 0.097053
v 0.098876 -0.937097 0.042203
v 0.111651 -0.874526 0.047656
v 0.124506 -0.812618 0.053143
v 0.137480 -0.751704 0.058680
v 0.150612 -0.692116 0.064286
v 0.163944 -0.634186 0.069976
v 0.177514 -0.578244 0.075768
v 0.191362 -0.524622 0.081679
v 0.205528 -0.473653 0.087726
v 0.220053 -0.425666 0.093925
v 0.234974 -0.380994 0.100294
v 0.250333 -0.339969 0.106850
v 0.266169 -0.302921 0.113609
v 0.282522 -0.270182 0.120589
v 0.299432 -0.242084 0.127806
v 0.094807 -0.937097 0.051906
v 0.107056 -0.874526 0.058613
v 0.119381 -0.812618 0.065361
v 0.131821 -0.751704 0.072172
v 0.144413 -0.692116 0.079066
v 0.157196 -0.634186 0.086064
v 0.170208 -0.578244 0.093188
v 0.183486 -0.524622 0.100458
v 0.197069 -0.473653 0.107895
v 0.210996 -0.425666 0.115519
v 0.225303 -0.380994 0.123353
v 0.240030 -0.339969 0.131415
v 0.255214 -0.302921 0.139729
v 0.270894 -0.270182 0.148313
v 0.287107 -0.242084 0.157190
v 0.089833 -0.937097 0.061044
v 0.101439 -0.874526 0.068931
v 0.113118 -0.812618 0.076867
v 0.124905 -0.751704 0.084877
v 0.136837 -0.692116 0.092985
v 0.148949 -0.634186 0.101215
v 0.161278 -0.578244 0.109593
v 0.173859 -0.524622 0.118143
v 0.186730 -0.473653 0.126889
v 0.199926 -0.425666 0.135856
v 0.213483 -0.380994 0.145068
v 0.227437 -0.339969 0.154550
v 0.241825 -0.302921 0.164327
v 0.256682 -0.270182 0.174423
v 0.272045 -0.242084 0.184862
v 0.083955 -0.937097 0.069504
v 0.094802 -0.874526 0.078484
v 0.105716 -0.812618 0.087519
v 0.116732 -0.751704 0.096639
v 0.127883 -0.692116 0.105871
v 0.139202 -0.634186 0.115242
v 0.150724 -0.578244 0.124781
v 0.162483 -0.524622 0.134515
v 0.174511 -0.473653 0.144473
v 0.186843 -0.425666 0.154683
v 0.199513 -0.380994 0.165172
v 0.212554 -0.339969 0.175968
v 0.226000 -0.302921 0.187100
v 0.239885 -0.270182 0.198595
v 0.254243 -0.242084 0.210481
v -0.083955 -0.937097 0.069504
v -0.094802 -0.874526 0.078484
v -0.105716 -0.812618 0.087519
v -0.116732 -0.751704 0.096639
v -0.127883 -0.692116 0.105871
v -0.139202 -0.634186 0.115242
v -0.150724 -0.578244 0.124781
v -0.162483 -0.524622 0.134515
v -0.174511 -0.473653 0.144473
v -0.186843 -0.425666 0.154683
v -0.199513 -0.380994 0.165171
v -0.212554 -0.339969 0.175968
v -0.226000 -0.302921 0.187100
v -0.239885 -0.270182 0.198595
v -0.254243 -0.242084 0.210481
v -0.089833 -0.937097 0.061044
v -0.101439 -0.874526 0.068931
v -0.113118 -0.812618 0.076867
v -0.124905 -0.751704 0.084877
v -0.136837 -0.692116 0.092985
v -0.148949 -0.634186 0.101215
v -0.161278 -0.578244 0.109593
v -0.173859 -0.524622 0.118143
v -0.186730 -0.473653 0.126889
v -0.199926 -0.425666 0.135856
v -0.213483 -0.380994 0.145068
v -0.227437 -0.339969 0.154550
v -0.241825 -0.302921 0.164327
v -0.256682 -0.270182 0.174423
v -0.272045 -0.242084 0.184862
v -0.094807 -0.937097 0.051906
v -0.107056 -0.874526 0.058613
v -0.119381 -0.812618 0.065361
v -0.131821 -0.751704 0.072172
v -0.144413 -0.692116 0.079066
v -0.157196 -0.634186 0.086064
v -0.170208 -0.578244 0.093188
v -0.183486 -0.524622 0.100458
v -0.197069 -0.473653 0.107895
v -0.210996 -0.425666 0.115519
v -0.225303 -0.380995 0.123353
v -0.240030 -0.339969 0.131415
v -0.255214 -0.302921 0.139729
v -0.270894 -0.270182 0.148313
v -0.287107 -0.242084 0.157190
v -0.098876 -0.937097 0.042203
v -0.111651 -0.874526 0.047656
v -0.124506 -0.812618 0.053143
v -0.137480 -0.751704 0.058680
v -0.150612 -0.692116 0.064286
v -0.163944 -0.634186 0.069976
v -0.177514 -0.578244 0.075768
v -0.191362 -0.524622 0.081679
v -0.205528 -0.473653 0.087726
v -0.220053 -0.425666 0.093925
v -0.234974 -0.380995 0.100294
v -0.250333 -0.339969 0.106850
v -0.266169 -0.302921 0.113609
v -0.282522 -0.270182 0.120589
v -0.299432 -0.242084 0.127806
v -0.102042 -0.937097 0.032048
v -0.115226 -0.874526 0.036189
v -0.128492 -0.812618 0.040355
v -0.141881 -0.751704 0.044560
v -0.155434 -0.692116 0.048817
v -0.169192 -0.634186 0.053138
v -0.183196 -0.578244 0.057536
v -0.197488 -0.524622 0.062025
v -0.212108 -0.473653 0.066617
v -0.227097 -0.425666 0.071324
v -0.242496 -0.380994 0.076161
v -0.258347 -0.339969 0.081139
v -0.274690 -0.302921 0.086272
v -0.291566 -0.270182 0.091572
v -0.309017 -0.242084 0.097053
v -0.104303 -0.937097 0.021554
v -0.117779 -0.874526 0.024339
v -0.131338 -0.812618 0.027141
v -0.145024 -0.751704 0.029969
v -0.158878 -0.692116 0.032832
v -0.172941 -0.634186 0.035738
v -0.187255 -0.578244 0.038696
v -0.201864 -0.524622 0.041715
v -0.216807 -0.473653 0.044803
v -0.232129 -0.425666 0.047969
v -0.247869 -0.380994 0.051222
v -0.264071 -0.339969 0.054570
v -0.280776 -0.302921 0.058022
v -0.298026 -0.270182 0.061586
v -0.315864 -0.242084 0.065272
v -0.105659 -0.937097 0.010833
v -0.119310 -0.874526 0.012233
v -0.133047 -0.812618 0.013642
v -0.146910 -0.751704 0.015063
v -0.160944 -0.692116 0.016502
v -0.175190 -0.634186 0.017963
v -0.189691 -0.578244 0.019449
v -0.204489 -0.524622 0.020967
v -0.219627 -0.473653 0.022519
v -0.235148 -0.425666 0.024110
v -0.251093 -0.380994 0.025745
v -0.267505 -0.339969 0.027428
v -0.284428 -0.302921 0.029163
v -0.301903 -0.270182 0.030955
v -0.319972 -0.242084 0.032807
v -0.106111 -0.937097 -0.000000
v -0.119821 -0.874526 -0.000000
v -0.133616 -0.812618 -0.000000
v -0.147539 -0.751704 -0.000000
v -0.161633 -0.692116 0.000000
v -0.175940 -0.634186 -0.000000
v -0.190503 -0.578244 0.000000
v -0.205364 -0.524622 0.000000
v -0.220567 -0.473653 0.000000
v -0.236154 -0.425666 0.000000
v -0.252167 -0.380994 0.000000
v -0.268650 -0.339969 0.000000
v -0.285645 -0.302921 0.000000
v -0.303194 -0.270182 0.000000
v -0.321341 -0.242084 0.000000
v -0.105659 -0.937097 -0.010833
v -0.119310 -0.874526 -0.012233
v -0.133047 -0.812618 -0.013642
v -0.146910 -0.751704 -0.015063
v -0.160944 -0.692116 -0.016502
v -0.175190 -0.634186 -0.017963
v -0.189691 -0.578244 -0.019449
v -0.204489 -0.524622 -0.020967
v -0.219627 -0.473653 -0.022519
v -0.235148 -0.425666 -0.024110
v -0.251093 -0.380994 -0.025745
v -0.267505 -0.339969 -0.027428
v -0.284428 -0.302921 -0.029163
v -0.301902 -0.270182 -0.030955
v -0.319972 -0.242084 -0.032807
v -0.104303 -0.937097 -0.021554
v -0.117779 -0.874526 -0.024339
v -0.131338 -0.812618 -0.027141
v -0.145024 -0.751704 -0.029969
v -0.158878 -0.692116 -0.032832
v -0.172941 -0.634186 -0.035738
v -0.187255 -0.578244 -0.038696
v -0.201864 -0.524622 -0.041715
v -0.216807 -0.473653 -0.044803
v -0.232129 -0.425666 -0.047969
v -0.247869 -0.380994 -0.051222
v -0.264071 -0.339969 -0.054570
v -0.280776 -0.302921 -0.058022
v -0.298026 -0.270182 -0.061586
v -0.315864 -0.242084 -0.065272
v -0.102042 -0.937097 -0.032048
v -0.115226 -0.874526 -0.036189
v -0.128492 -0.812618 -0.040355
v -0.141881 -0.751704 -0.044560
v -0.155434 -0.692116 -0.048817
v -0.169192 -0.634186 -0.053138
v -0.183196 -0.578244 -0.057536
v -0.197488 -0.524622 -0.062025
v -0.212108 -0.473653 -0.066617
v -0.227097 -0.425666 -0.071324
v -0.242496 -0.380994 -0.076161
v -0.258347 -0.339969 -0.081139
v -0.274690 -0.302921 -0.086272
v -0.291566 -0.270182 -0.091572
v -0.309017 -0.242084 -0.097053
v -0.098876 -0.937097 -0.042203
v -0.111651 -0.874526 -0.047656
v -0.124506 -0.812618 -0.053143
v -0.137480 -0.751704 -0.058680
v -0.150612 -0.692116 -0.064286
v -0.163944 -0.634186 -0.069976
v -0.177514 -0.578244 -0.075768
v -0.191362 -0.524622 -0.081679
v -0.205528 -0.473653 -0.087726
v -0.220053 -0.425666 -0.093925
v -0.234974 -0.380994 -0.100294
v -0.250333 -0.339969 -0.106850
v -0.266169 -0.302921 -0.113609
v -0.282522 -0.270182 -0.120589
v -0.299432 -0.242084 -0.127806
v -0.094807 -0.937097 -0.051906
v -0.107056 -0.874526 -0.058613
v -0.119381 -0.812618 -0.065361
v -0.131821 -0.751704 -0.072172
v -0.144413 -0.692116 -0.079066
v -0.157196 -0.634186 -0.086064
v -0.170208 -0.578244 -0.093188
v -0.183486 -0.524622 -0.100458
v -0.197069 -0.473653 -0.107895
v -0.210996 -0.425666 -0.115519
v -0.225303 -0.380994 -0.123353
v -0.240030 -0.339969 -0.131415
v -0.255214 -0.302921 -0.139729
v -0.270894 -0.270182 -0.148313
v -0.287107 -0.242084 -0.157190
v -0.089833 -0.937097 -0.061044
v -0.101439 -0.874526 -0.068931
v -0.113118 -0.812618 -0.076867
v -0.124905 -0.751704 -0.084877
v -0.136837 -0.692116 -0.092985
v -0.148949 -0.634186 -0.101215
v -0.161278 -0.578244 -0.109593
v -0.173859 -0.524622 -0.118143
v -0.186730 -0.473653 -0.126889
v -0.199926 -0.425666 -0.135856
v -0.213483 -0.380994 -0.145068
v -0.227437 -0.339969 -0.154550
v -0.241825 -0.302921 -0.164327
v -0.256682 -0.270182 -0.174423
v -0.272045 -0.242084 -0.184862
v -0.083955 -0.937097 -0.069504
v -0.094802 -0.874526 -0.078484
v -0.105716 -0.812618 -0.087519
v -0.116732 -0.751704 -0.096639
v -0.127883 -0.692116 -0.105871
v -0.139202 -0.634186 -0.115242
v -0.150724 -0.578244 -0.124781
v -0.162483 -0.524622 -0.134515
v -0.174511 -0.473653 -0.144473
v -0.186843 -0.425666 -0.154683
v -0.199513 -0.380994 -0.165171
v -0.212554 -0.339969 -0.175968
v -0.226000 -0.302921 -0.187100
v -0.239885 -0.270182 -0.198595
v -0.254243 -0.242084 -0.210481
v 0.069504 -0.937097 0.083955
v 0.078484 -0.874526 0.094802
v 0.087519 -0.812618 0.105716
v 0.096639 -0.751704 0.116732
v 0.105871 -0.692116 0.127883
v 0.115242 -0.634186 0.139202
v 0.124781 -0.578244 0.150724
v 0.134515 -0.524622 0.162483
v 0.144473 -0.473653 0.174511
v 0.154683 -0.425666 0.186843
v 0.165171 -0.380994 0.199513
v 0.175968 -0.339969 0.212554
v 0.187100 -0.302921 0.226000
v 0.198595 -0.270182 0.239885
v 0.210481 -0.242084 0.254243
v 0.061044 -0.937097 0.089833
v 0.068931 -0.874526 0.101439
v 0.076867 -0.812618 0.113118
v 0.084877 -0.751704 0.124905
v 0.092985 -0.692116 0.136837
v 0.101215 -0.634186 0.148949
v 0.109593 -0.578244 0.161278
v 0.118143 -0.524622 0.173859
v 0.126889 -0.473653 0.186730
v 0.135856 -0.425666 0.199926
v 0.145068 -0.380994 0.213483
v 0.154550 -0.339969 0.227437
v 0.164327 -0.302921 0.241825
v 0.174423 -0.270182 0.256682
v 0.184862 -0.242084 0.272045
v 0.051906 -0.937097 0.094807
v 0.058613 -0.874526 0.107056
v 0.065361 -0.812618 0.119381
v 0.072172 -0.751704 0.131821
v 0.079066 -0.692116 0.144413
v 0.086064 -0.634186 0.157196
v 0.093188 -0.578244 0.170208
v 0.100458 -0.524622 0.183486
v 0.107895 -0.473653 0.197069
v 0.115519 -0.425666 0.210996
v 0.123353 -0.380994 0.225303
v 0.131415 -0.339969 0.240030
v 0.139729 -0.302921 0.255214
v 0.148313 -0.270182 0.270894
v 0.157190 -0.242084 0.287107
v 0.042203 -0.937097 0.098876
v 0.047656 -0.874526 0.111651
v 0.053143 -0.812618 0.124506
v 0.058680 -0.751704 0.137480
v 0.064286 -0.692116 0.150612
v 0.069976 -0.634186 0.163944
v 0.075768 -0.578244 0.177514
v 0.081679 -0.524622 0.191362
v 0.087726 -0.473653 0.205528
v 0.093925 -0.425666 0.220053
v 0.100294 -0.380994 0.234974
v 0.106850 -0.339969 0.250333
v 0.113609 -0.302921 0.266169
v 0.120589 -0.270182 0.282522
v 0.127806 -0.242084 0.299432
v 0.032048 -0.937097 0.102042
v 0.036189 -0.874526 0.115226
v 0.040355 -0.812618 0.128492
v 0.044560 -0.751704 0.141881
v 0.048817 -0.692116 0.155434
v 0.053138 -0.634186 0.169192
v 0.057536 -0.578244 0.183196
v 0.062025 -0.524622 0.197488
v 0.066617 -0.473653 0.212108
v 0.071324 -0.425666 0.227097
v 0.076161 -0.380994 0.242496
v 0.081139 -0.339969 0.258347
v 0.086272 -0.302921 0.274690
v 0.091572 -0.270182 0.291566
v 0.097053 -0.242084 0.309017
v 0.021554 -0.937097 0.104303
v 0.024339 -0.874526 0.117779
v 0.027141 -0.812618 0.131338
v 0.029969 -0.751704 0.145024
v 0.032832 -0.692116 0.158878
v 0.035738 -0.634186 0.172941
v 0.038696 -0.578244 0.187255
v 0.041715 -0.524622 0.201864
v 0.044803 -0.473653 0.216807
v 0.047969 -0.425666 0.232129
v 0.051222 -0.380994 0.247869
v 0.054570 -0.339969 0.264071
v 0.058022 -0.302921 0.280776
v 0.061586 -0.270182 0.298026
v 0.065272 -0.242084 0.315864
v 0.010833 -0.937097 0.105659
v 0.012233 -0.874526 0.119310
v 0.013642 -0.812618 0.133047
v 0.015063 -0.751704 0.146910
v 0.016502 -0.692116 0.160944
v 0.017963 -0.634186 0.175190
v 0.019449 -0.578244 0.189691
v 0.020967 -0.524622 0.204489
v 0.022519 -0.473653 0.219627
v 0.024110 -0.425666 0.235148
v 0.025745 -0.380994 0.251093
v 0.027428 -0.339969 0.267505
v 0.029163 -0.302921 0.284428
v 0.030955 -0.270182 0.301902
v 0.032807 -0.242084 0.319972
v -0.000000 -0.937097 0.106111
v -0.000000 -0.874526 0.119821
v -0.000000 -0.812618 0.133616
v 0.000000 -0.751704 0.147539
v 0.000000 -0.692116 0.161633
v 0.000000 -0.634186 0.175940
v 0.000000 -0.578244 0.190503
v 0.000000 -0.524622 0.205364
v 0.000000 -0.473653 0.220567
v 0.000000 -0.425666 0.236154
v 0.000000 -0.380995 0.252167
v -0.000000 -0.339969 0.268650
v -0.000000 -0.302921 0.285645
v 0.000000 -0.270182 0.303194
v -0.000000 -0.242084 0.321341
v -0.010833 -0.937097 0.105659
v -0.012233 -0.874526 0.119310
v -0.013642 -0.812618 0.133047
v -0.015063 -0.751704 0.146910
v -0.016502 -0.692116 0.160944
v -0.017963 -0.634186 0.175190
v -0.019449 -0.578244 0.189691
v -0.020967 -0.524622 0.204489
v -0.022519 -0.473653 0.219627
v -0.024110 -0.425666 0.235148
v -0.025745 -0.380994 0.251093
v -0.027428 -0.339969 0.267505
v -0.029163 -0.302921 0.284428
v -0.030955 -0.270182 0.301902
v -0.032807 -0.242084 0.319972
v -0.021554 -0.937097 0.104303
v -0.024339 -0.874526 0.117779
v -0.027141 -0.812618 0.131338
v -0.029969 -0.751704 0.145024
v -0.032832 -0.692116 0.158878
v -0.035738 -0.634186 0.172941
v -0.038696 -0.578244 0.187255
v -0.041715 -0.524622 0.201864
v -0.044803 -0.473653 0.216807
v -0.047969 -0.425666 0.232129
v -0.051222 -0.380994 0.247869
v -0.054570 -0.339969 0.264071
v -0.058022 -0.302921 0.280776
v -0.061586 -0.270182 0.298026
v -0.065272 -0.242084 0.315864
v -0.032048 -0.937097 0.102042
v -0.036189 -0.874526 0.115226
v -0.040355 -0.812618 0.128492
v -0.044560 -0.751704 0.141881
v -0.048817 -0.692116 0.155434
v -0.053138 -0.634186 0.169192
v -0.057536 -0.578244 0.183196
v -0.062025 -0.524622 0.197488
v -0.066617 -0.473653 0.212108
v -0.071324 -0.425666 0.227097
v -0.076161 -0.380995 0.242496
v -0.081139 -0.339969 0.258347
v -0.086272 -0.302921 0.274690
v -0.091572 -0.270182 0.291566
v -0.097053 -0.242084 0.309017
v -0.042203 -0.937097 0.098876
v -0.047656 -0.874526 0.111651
v -0.053143 -0.812618 0.124506
v -0.058680 -0.751704 0.137480
v -0.064286 -0.692116 0.150612
v -0.069976 -0.634186 0.163944
v -0.075768 -0.578244 0.177514
v -0.081679 -0.524622 0.191362
v -0.087726 -0.473653 0.205528
v -0.093925 -0.425666 0.220053
v -0.100294 -0.380995 0.234974
v -0.106850 -0.339969 0.250333
v -0.113609 -0.302921 0.266169
v -0.120589 -0.270182 0.282522
v -0.127806 -0.242084 0.299432
v -0.051906 -0.937097 0.094807
v -0.058613 -0.874526 0.107056
v -0.065361 -0.812618 0.119381
v -0.072172 -0.751704 0.131821
v -0.079066 -0.692116 0.144413
v -0.086064 -0.634186 0.157196
v -0.093188 -0.578244 0.170208
v -0.100458 -0.524622 0.183486
v -0.107895 -0.473653 0.197069
v -0.115519 -0.425666 0.210996
v -0.123353 -0.380994 0.225303
v -0.131415 -0.339969 0.240030
v -0.139729 -0.302921 0.255214
v -0.148313 -0.270182 0.270894
v -0.157190 -0.242084 0.287107
v -0.061044 -0.937097 0.089833
v -0.068931 -0.874526 0.101439
v -0.076867 -0.812618 0.113118
v -0.084877 -0.751704 0.124905
v -0.092985 -0.692116 0.136837
v -0.101215 -0.634186 0.148949
v -0.109593 -0.578244 0.161278
v -0.118143 -0.524622 0.173859
v -0.126889 -0.473653 0.186730
v -0.135856 -0.425666 0.199926
v -0.145068 -0.380994 0.213483
v -0.154550 -0.339969 0.227437
v -0.164327 -0.302921 0.241825
v -0.174423 -0.270182 0.256682
v -0.184862 -0.242084 0.272045
v -0.069504 -0.937097 0.083955
v -0.078484 -0.874526 0.094802
v -0.087519 -0.812618 0.105716
v -0.096639 -0.751704 0.116732
v -0.105871 -0.692116 0.127883
v -0.115242 -0.634186 0.139202
v -0.124781 -0.578244 0.150724
v -0.134515 -0.524622 0.162483
v -0.144473 -0.473653 0.174511
v -0.154683 -0.425666 0.186843
v -0.165171 -0.380995 0.199513
v -0.175968 -0.339969 0.212554
v -0.187100 -0.302921 0.226000
v -0.198595 -0.270182 0.239885
v -0.210481 -0.242084 0.254243
v -0.235529 -0.201025 -0.284500
v -0.248692 -0.188064 -0.300399
v -0.262245 -0.179744 -0.316770
v -0.276162 -0.175733 -0.333581
v -0.290414 -0.175699 -0.350796
v -0.304974 -0.179312 -0.368383
v -0.319813 -0.186240 -0.386307
v -0.334904 -0.196150 -0.404535
v -0.350218 -0.208713 -0.423034
v -0.365728 -0.223595 -0.441768
v -0.381405 -0.240467 -0.460705
v -0.397222 -0.258996 -0.479811
v -0.413151 -0.278851 -0.499052
v -0.429164 -0.299700 -0.518394
v -0.445232 -0.321212 -0.537803
v -0.206862 -0.201025 -0.304420
v -0.218423 -0.188064 -0.321432
v -0.230327 -0.179744 -0.338950
v -0.242550 -0.175733 -0.356937
v -0.255067 -0.175699 -0.375358
v -0.267855 -0.179312 -0.394176
v -0.280888 -0.186240 -0.413356
v -0.294142 -0.196150 -0.432860
v -0.307592 -0.208713 -0.452653
v -0.321214 -0.223595 -0.472700
v -0.334983 -0.240467 -0.492963
v -0.348875 -0.258996 -0.513406
v -0.362865 -0.278851 -0.533994
v -0.376929 -0.299700 -0.554690
v -0.391042 -0.321212 -0.575459
v -0.175897 -0.201025 -0.321275
v -0.185727 -0.188064 -0.339229
v -0.195849 -0.179744 -0.357717
v -0.206242 -0.175733 -0.376700
v -0.216886 -0.175699 -0.396141
v -0.227759 -0.179312 -0.416001
v -0.238841 -0.186240 -0.436243
v -0.250111 -0.196150 -0.456827
v -0.261548 -0.208713 -0.477716
v -0.273131 -0.223595 -0.498873
v -0.284839 -0.240467 -0.520258
v -0.296651 -0.258996 -0.541833
v -0.308547 -0.278851 -0.563561
v -0.320506 -0.299700 -0.585403
v -0.332506 -0.321212 -0.607322
v -0.143016 -0.201025 -0.335066
v -0.151008 -0.188064 -0.353791
v -0.159238 -0.179744 -0.373072
v -0.167689 -0.175733 -0.392870
v -0.176343 -0.175699 -0.413146
v -0.185183 -0.179312 -0.433858
v -0.194194 -0.186240 -0.454969
v -0.203357 -0.196150 -0.476437
v -0.212656 -0.208713 -0.498223
v -0.222074 -0.223595 -0.520287
v -0.231593 -0.240467 -0.542590
v -0.241197 -0.258996 -0.565091
v -0.250870 -0.278851 -0.587752
v -0.260593 -0.299700 -0.610532
v -0.270350 -0.321212 -0.633391
v -0.108603 -0.201025 -0.345792
v -0.114672 -0.188064 -0.365116
v -0.120921 -0.179744 -0.385015
v -0.127339 -0.175733 -0.405447
v -0.133910 -0.175699 -0.426372
v -0.140624 -0.179312 -0.447747
v -0.147466 -0.186240 -0.469533
v -0.154424 -0.196150 -0.491688
v -0.161486 -0.208713 -0.514172
v -0.168637 -0.223595 -0.536942
v -0.175866 -0.240467 -0.559959
v -0.183159 -0.258996 -0.583181
v -0.190504 -0.278851 -0.606567
v -0.197888 -0.299700 -0.630076
v -0.205297 -0.321212 -0.653667
v -0.073040 -0.201025 -0.353454
v -0.077122 -0.188064 -0.373206
v -0.081325 -0.179744 -0.393546
v -0.085641 -0.175733 -0.414430
v -0.090061 -0.175699 -0.435818
v -0.094576 -0.179312 -0.457668
v -0.099178 -0.186240 -0.479936
v -0.103857 -0.196150 -0.502582
v -0.108606 -0.208713 -0.525564
v -0.113416 -0.223595 -0.548839
v -0.118278 -0.240467 -0.572366
v -0.123183 -0.258996 -0.596102
v -0.128123 -0.278851 -0.620007
v -0.133088 -0.299700 -0.644037
v -0.138072 -0.321212 -0.668150
v -0.036712 -0.201025 -0.358051
v -0.038763 -0.188064 -0.378060
v -0.040876 -0.179744 -0.398664
v -0.043045 -0.175733 -0.419820
v -0.045267 -0.175699 -0.441487
v -0.047536 -0.179312 -0.463620
v -0.049849 -0.186240 -0.486178
v -0.052201 -0.196150 -0.509119
v -0.054588 -0.208713 -0.532399
v -0.057006 -0.223595 -0.555977
v -0.059449 -0.240467 -0.579810
v -0.061914 -0.258996 -0.603855
v -0.064397 -0.278851 -0.628070
v -0.066893 -0.299700 -0.652413
v -0.069398 -0.321212 -0.676840
v -0.000000 -0.201025 -0.359583
v -0.000000 -0.188064 -0.379678
v 0.000000 -0.179744 -0.400370
v -0.000000 -0.175733 -0.421617
v 0.000000 -0.175699 -0.443376
v 0.000000 -0.179312 -0.465604
v -0.000000 -0.186240 -0.488259
v -0.000000 -0.196150 -0.511298
v 0.000000 -0.208713 -0.534678
v 0.000000 -0.223595 -0.558357
v 0.000000 -0.240467 -0.582291
v 0.000000 -0.258996 -0.606439
v -0.000000 -0.278851 -0.630758
v 0.000000 -0.299700 -0.655205
v -0.000000 -0.321212 -0.679737
v 0.036712 -0.201025 -0.358051
v 0.038763 -0.188064 -0.378060
v 0.040876 -0.179744 -0.398664
v 0.043045 -0.175733 -0.419820
v 0.045267 -0.175699 -0.441487
v 0.047536 -0.179312 -0.463620
v 0.049849 -0.186240 -0.486178
v 0.052201 -0.196150 -0.509119
v 0.054588 -0.208713 -0.532399
v 0.057006 -0.223595 -0.555977
v 0.059449 -0.240467 -0.579810
v 0.061915 -0.258996 -0.603855
v 0.064397 -0.278851 -0.628070
v 0.066893 -0.299700 -0.652413
v 0.069398 -0.321212 -0.676840
v 0.073040 -0.201025 -0.353454
v 0.077122 -0.188064 -0.373206
v 0.081325 -0.179744 -0.393546
v 0.085641 -0.175733 -0.414430
v 0.090061 -0.175699 -0.435818
v 0.094576 -0.179312 -0.457668
v 0.099178 -0.186240 -0.479936
v 0.103857 -0.196150 -0.502583
v 0.108606 -0.208713 -0.525564
v 0.113416 -0.223595 -0.548839
v 0.118278 -0.240467 -0.572366
v 0.123183 -0.258996 -0.596102
v 0.128123 -0.278851 -0.620007
v 0.133088 -0.299700 -0.644037
v 0.138072 -0.321212 -0.668150
v 0.108603 -0.201025 -0.345792
v 0.114672 -0.188064 -0.365116
v 0.120921 -0.179744 -0.385015
v 0.127339 -0.175733 -0.405447
v 0.133910 -0.175699 -0.426371
v 0.140624 -0.179312 -0.447747
v 0.147466 -0.186240 -0.469533
v 0.154424 -0.196150 -0.491688
v 0.161486 -0.208713 -0.514172
v 0.168637 -0.223595 -0.536942
v 0.175866 -0.240467 -0.559959
v 0.183159 -0.258996 -0.583181
v 0.190504 -0.278851 -0.606567
v 0.197888 -0.299700 -0.630076
v 0.205297 -0.321212 -0.653667
v 0.143016 -0.201025 -0.335066
v 0.151008 -0.188064 -0.353791
v 0.159238 -0.179744 -0.373072
v 0.167689 -0.175733 -0.392870
v 0.176343 -0.175699 -0.413146
v 0.185183 -0.179312 -0.433858
v 0.194194 -0.186240 -0.454969
v 0.203357 -0.196150 -0.476437
v 0.212656 -0.208713 -0.498223
v 0.222074 -0.223595 -0.520287
v 0.231593 -0.240467 -0.542590
v 0.241197 -0.258996 -0.565091
v 0.250870 -0.278851 -0.587752
v 0.260593 -0.299700 -0.610532
v 0.270350 -0.321212 -0.633391
v 0.175897 -0.201025 -0.321275
v 0.185727 -0.188064 -0.339229
v 0.195849 -0.179744 -0.357717
v 0.206242 -0.175733 -0.376700
v 0.216886 -0.175699 -0.396141
v 0.227759 -0.179312 -0.416001
v 0.238841 -0.186240 -0.436243
v 0.250111 -0.196150 -0.456827
v 0.261548 -0.208713 -0.477716
v 0.273131 -0.223595 -0.498873
v 0.284839 -0.240467 -0.520258
v 0.296651 -0.258996 -0.541833
v 0.308547 -0.278851 -0.563561
v 0.320506 -0.299700 -0.585403
v 0.332506 -0.321212 -0.607322
v 0.206862 -0.201025 -0.304420
v 0.218423 -0.188064 -0.321432
v 0.230327 -0.179744 -0.338950
v 0.242550 -0.175733 -0.356937
v 0.255067 -0.175699 -0.375358
v 0.267855 -0.179312 -0.394176
v 0.280888 -0.186240 -0.413356
v 0.294142 -0.196150 -0.432860
v 0.307592 -0.208713 -0.452653
v 0.321214 -0.223595 -0.472700
v 0.334983 -0.240467 -0.492963
v 0.348875 -0.258996 -0.513406
v 0.362865 -0.278851 -0.533994
v 0.376929 -0.299700 -0.554690
v 0.391042 -0.321212 -0.575459
v 0.235529 -0.201025 -0.284500
v 0.248692 -0.188064 -0.300399
v 0.262245 -0.179744 -0.316770
v 0.276162 -0.175733 -0.333581
v 0.290414 -0.175699 -0.350796
v 0.304974 -0.179312 -0.368383
v 0.319813 -0.186240 -0.386307
v 0.334904 -0.196150 -0.404535
v 0.350218 -0.208713 -0.423033
v 0.365728 -0.223595 -0.441768
v 0.381405 -0.240467 -0.460705
v 0.397222 -0.258996 -0.479811
v 0.413151 -0.278851 -0.499052
v 0.429164 -0.299700 -0.518394
v 0.445232 -0.321212 -0.537803
v 0.284500 -0.201025 -0.235529
v 0.300399 -0.188064 -0.248692
v 0.316770 -0.179744 -0.262245
v 0.333581 -0.175733 -0.276162
v 0.350796 -0.175699 -0.290414
v 0.368383 -0.179312 -0.304974
v 0.386307 -0.186240 -0.319813
v 0.404535 -0.196150 -0.334904
v 0.423034 -0.208713 -0.350218
v 0.441768 -0.223595 -0.365728
v 0.460705 -0.240467 -0.381405
v 0.479811 -0.258996 -0.397222
v 0.499052 -0.278851 -0.413151
v 0.518394 -0.299700 -0.429164
v 0.537803 -0.321212 -0.445232
v 0.304420 -0.201025 -0.206862
v 0.321432 -0.188064 -0.218423
v 0.338950 -0.179744 -0.230327
v 0.356937 -0.175733 -0.242550
v 0.375358 -0.175699 -0.255067
v 0.394176 -0.179312 -0.267855
v 0.413356 -0.186240 -0.280888
v 0.432860 -0.196150 -0.294142
v 0.452653 -0.208713 -0.307592
v 0.472700 -0.223595 -0.321214
v 0.492963 -0.240467 -0.334983
v 0.513406 -0.258996 -0.348875
v 0.533994 -0.278851 -0.362865
v 0.554690 -0.299700 -0.376929
v 0.575459 -0.321212 -0.391042
v 0.321275 -0.201025 -0.175897
v 0.339229 -0.188064 -0.185727
v 0.357717 -0.179744 -0.195849
v 0.376700 -0.175733 -0.206242
v 0.396141 -0.175699 -0.216886
v 0.416001 -0.179312 -0.227759
v 0.436243 -0.186240 -0.238841
v 0.456827 -0.196150 -0.250111
v 0.477716 -0.208713 -0.261548
v 0.498873 -0.223595 -0.273131
v 0.520258 -0.240467 -0.284839
v 0.541833 -0.258996 -0.296651
v 0.563561 -0.278851 -0.308547
v 0.585403 -0.299700 -0.320506
v 0.607322 -0.321212 -0.332506
v 0.335066 -0.201025 -0.143016
v 0.353791 -0.188064 -0.151008
v 0.373072 -0.179744 -0.159238
v 0.392870 -0.175733 -0.167689
v 0.413146 -0.175699 -0.176343
v 0.433858 -0.179312 -0.185183
v 0.454969 -0.186240 -0.194194
v 0.476437 -0.196150 -0.203357
v 0.498223 -0.208713 -0.212656
v 0.520287 -0.223595 -0.222074
v 0.542590 -0.240467 -0.231593
v 0.565091 -0.258996 -0.241197
v 0.587752 -0.278851 -0.250870
v 0.610532 -0.299700 -0.260593
v 0.633391 -0.321212 -0.270350
v 0.345792 -0.201025 -0.108603
v 0.365116 -0.188064 -0.114672
v 0.385015 -0.179744 -0.120921
v 0.405447 -0.175733 -0.127339
v 0.426372 -0.175699 -0.133910
v 0.447747 -0.179312 -0.140624
v 0.469533 -0.186240 -0.147466
v 0.491688 -0.196150 -0.154424
v 0.514172 -0.208713 -0.161486
v 0.536942 -0.223595 -0.168637
v 0.559959 -0.240467 -0.175866
v 0.583181 -0.258996 -0.183159
v 0.606567 -0.278851 -0.190504
v 0.630076 -0.299700 -0.197888
v 0.653667 -0.321212 -0.205297
v 0.353454 -0.201025 -0.073040
v 0.373206 -0.188064 -0.077122
v 0.393546 -0.179744 -0.081325
v 0.414430 -0.175733 -0.085641
v 0.435818 -0.175699 -0.090061
v 0.457668 -0.179312 -0.094576
v 0.479936 -0.186240 -0.099178
v 0.502582 -0.196150 -0.103857
v 0.525564 -0.208713 -0.108606
v 0.548839 -0.223595 -0.113416
v 0.572366 -0.240467 -0.118278
v 0.596102 -0.258996 -0.123183
v 0.620007 -0.278851 -0.128123
v 0.644037 -0.299700 -0.133088
v 0.668150 -0.321212 -0.138072
v 0.358051 -0.201025 -0.036712
v 0.378060 -0.188064 -0.038763
v 0.398664 -0.179744 -0.040876
v 0.419820 -0.175733 -0.043045
v 0.441487 -0.175699 -0.045267
v 0.463620 -0.179312 -0.047536
v 0.486178 -0.186240 -0.049849
v 0.509119 -0.196150 -0.052201
v 0.532399 -0.208713 -0.054588
v 0.555977 -0.223595 -0.057006
v 0.579810 -0.240467 -0.059449
v 0.603855 -0.258996 -0.061914
v 0.628070 -0.278851 -0.064397
v 0.652413 -0.299700 -0.066893
v 0.676840 -0.321212 -0.069398
v 0.359583 -0.201025 -0.000000
v 0.379678 -0.188064 -0.000000
v 0.400370 -0.179744 0.000000
v 0.421617 -0.175733 -0.000000
v 0.443376 -0.175699 0.000000
v 0.465604 -0.179312 0.000000
v 0.488259 -0.186240 -0.000000
v 0.511298 -0.196150 -0.000000
v 0.534678 -0.208713 0.000000
v 0.558357 -0.223595 0.000000
v 0.582291 -0.240467 0.000000
v 0.606439 -0.258996 0.000000
v 0.630758 -0.278851 -0.000000
v 0.655205 -0.299700 0.000000
v 0.679737 -0.321212 -0.000000
v 0.358051 -0.201025 0.036712
v 0.378060 -0.188064 0.038763
v 0.398664 -0.179744 0.040876
v 0.419820 -0.175733 0.043045
v 0.441487 -0.175699 0.045267
v 0.463620 -0.179312 0.047536
v 0.486178 -0.186240 0.049849
v 0.509119 -0.196150 0.052201
v 0.532399 -0.208713 0.054588
v 0.555977 -0.223595 0.057006
v 0.579810 -0.240467 0.059449
v 0.603855 -0.258996 0.061915
v 0.628070 -0.278851 0.064397
v 0.652413 -0.299700 0.066893
v 0.676840 -0.321212 0.069398
v 0.353454 -0.201025 0.073040
v 0.373206 -0.188064 0.077122
v 0.393546 -0.179744 0.081325
v 0.414430 -0.175733 0.085641
v 0.435818 -0.175699 0.090061
v 0.457668 -0.179312 0.094576
v 0.479936 -0.186240 0.099178
v 0.502583 -0.196150 0.103857
v 0.525564 -0.208713 0.108606
v 0.548839 -0.223595 0.113416
v 0.572366 -0.240467 0.118278
v 0.596102 -0.258996 0.123183
v 0.620007 -0.278851 0.128123
v 0.644037 -0.299700 0.133088
v 0.668150 -0.321212 0.138072
v 0.345792 -0.201025 0.108603
v 0.365116 -0.188064 0.114672
v 0.385015 -0.179744 0.120921
v 0.405447 -0.175733 0.127339
v 0.426371 -0.175699 0.133910
v 0.447747 -0.179312 0.140624
v 0.469533 -0.186240 0.147466
v 0.491688 -0.196150 0.154424
v 0.514172 -0.208713 0.161486
v 0.536942 -0.223595 0.168637
v 0.559959 -0.240467 0.175866
v 0.583181 -0.258996 0.183159
v 0.606567 -0.278851 0.190504
v 0.630076 -0.299700 0.197888
v 0.653667 -0.321212 0.205297
v 0.335066 -0.201025 0.143016
v 0.353791 -0.188064 0.151008
v 0.373072 -0.179744 0.159238
v 0.392870 -0.175733 0.167689
v 0.413146 -0.175699 0.176343
v 0.433858 -0.179312 0.185183
v 0.454969 -0.186240 0.194194
v 0.476437 -0.196150 0.203357
v 0.498223 -0.208713 0.212656
v 0.520287 -0.223595 0.222074
v 0.542590 -0.240467 0.231593
v 0.565091 -0.258996 0.241197
v 0.587752 -0.278851 0.250870
v 0.610532 -0.299700 0.260593
v 0.633391 -0.321212 0.270350
v 0.321275 -0.201025 0.175897
v 0.339229 -0.188064 0.185727
v 0.357717 -0.179744 0.195849
v 0.376700 -0.175733 0.206242
v 0.396141 -0.175699 0.216886
v 0.416001 -0.179312 0.227759
v 0.436243 -0.186240 0.238841
v 0.456827 -0.196150 0.250111
v 0.477716 -0.208713 0.261548
v 0.498873 -0.223595 0.273131
v 0.520258 -0.240467 0.284839
v 0.541833 -0.258996 0.296651
v 0.563561 -0.278851 0.308547
v 0.585403 -0.299700 0.320506
v 0.607322 -0.321212 0.332506
v 0.304420 -0.201025 0.206862
v 0.321432 -0.188064 0.218423
v 0.338950 -0.179744 0.230327
v 0.356937 -0.175733 0.242550
v 0.375358 -0.175699 0.255067
v 0.394176 -0.179312 0.267855
v 0.413356 -0.186240 0.280888
v 0.432860 -0.196150 0.294142
v 0.452653 -0.208713 0.307592
v 0.472700 -0.223595 0.321214
v 0.492963 -0.240467 0.334983
v 0.513406 -0.258996 0.348875
v 0.533994 -0.278851 0.362865
v 0.554690 -0.299700 0.376929
v 0.575459 -0.321212 0.391042
v 0.284500 -0.201025 0.235529
v 0.300399 -0.188064 0.248692
v 0.316770 -0.179744 0.262245
v 0.333581 -0.175733 0.276162
v 0.350796 -0.175699 0.290414
v 0.368383 -0.179312 0.304974
v 0.386307 -0.186240 0.319813
v 0.404535 -0.196150 0.334904
v 0.423033 -0.208713 0.350218
v 0.441768 -0.223595 0.365728
v 0.460705 -0.240467 0.381405
v 0.479811 -0.258996 0.397222
v 0.499052 -0.278851 0.413151
v 0.518394 -0.299700 0.429164
v 0.537803 -0.321212 0.445232
v -0.284499 -0.201025 0.235529
v -0.300399 -0.188064 0.248692
v -0.316770 -0.179744 0.262245
v -0.333581 -0.175733 0.276162
v -0.350796 -0.175699 0.290414
v -0.368383 -0.179312 0.304974
v -0.386307 -0.186240 0.319813
v -0.404535 -0.196150 0.334904
v -0.423034 -0.208713 0.350218
v -0.441768 -0.223595 0.365728
v -0.460705 -0.240467 0.381405
v -0.479811 -0.258996 0.397222
v -0.499051 -0.278851 0.413151
v -0.518394 -0.299700 0.429164
v -0.537803 -0.321212 0.445232
v -0.304420 -0.201025 0.206862
v -0.321432 -0.188064 0.218423
v -0.338950 -0.179744 0.230327
v -0.356937 -0.175733 0.242550
v -0.375358 -0.175699 0.255067
v -0.394176 -0.179312 0.267855
v -0.413356 -0.186240 0.280888
v -0.432860 -0.196150 0.294141
v -0.452653 -0.208713 0.307592
v -0.472700 -0.223595 0.321214
v -0.492963 -0.240467 0.334983
v -0.513406 -0.258996 0.348875
v -0.533994 -0.278851 0.362865
v -0.554690 -0.299700 0.376929
v -0.575459 -0.321212 0.391042
v -0.321275 -0.201025 0.175897
v -0.339229 -0.188064 0.185727
v -0.357717 -0.179744 0.195849
v -0.376700 -0.175733 0.206242
v -0.396141 -0.175699 0.216886
v -0.416001 -0.179312 0.227759
v -0.436243 -0.186240 0.238841
v -0.456827 -0.196150 0.250111
v -0.477716 -0.208713 0.261548
v -0.498873 -0.223595 0.273131
v -0.520258 -0.240467 0.284839
v -0.541833 -0.258996 0.296651
v -0.563561 -0.278851 0.308547
v -0.585403 -0.299700 0.320506
v -0.607322 -0.321212 0.332506
v -0.335066 -0.201025 0.143016
v -0.353791 -0.188064 0.151008
v -0.373072 -0.179744 0.159238
v -0.392870 -0.175733 0.167689
v -0.413146 -0.175699 0.176343
v -0.433858 -0.179312 0.185183
v -0.454969 -0.186240 0.194194
v -0.476437 -0.196150 0.203357
v -0.498223 -0.208713 0.212656
v -0.520287 -0.223595 0.222074
v -0.542590 -0.240467 0.231593
v -0.565091 -0.258996 0.241197
v -0.587752 -0.278851 0.250870
v -0.610532 -0.299700 0.260593
v -0.633391 -0.321212 0.270350
v -0.345792 -0.201025 0.108603
v -0.365116 -0.188064 0.114672
v -0.385015 -0.179744 0.120921
v -0.405447 -0.175733 0.127339
v -0.426372 -0.175699 0.133910
v -0.447747 -0.179312 0.140624
v -0.469533 -0.186240 0.147466
v -0.491688 -0.196150 0.154424
v -0.514172 -0.208713 0.161486
v -0.536942 -0.223595 0.168637
v -0.559959 -0.240467 0.175866
v -0.583181 -0.258996 0.183159
v -0.606567 -0.278851 0.190504
v -0.630076 -0.299700 0.197888
v -0.653667 -0.321212 0.205297
v -0.353454 -0.201025 0.073040
v -0.373206 -0.188064 0.077122
v -0.393546 -0.179744 0.081325
v -0.414430 -0.175733 0.085641
v -0.435818 -0.175699 0.090061
v -0.457668 -0.179312 0.094576
v -0.479936 -0.186240 0.099178
v -0.502582 -0.196150 0.103857
v -0.525564 -0.208713 0.108606
v -0.548839 -0.223595 0.113416
v -0.572366 -0.240467 0.118278
v -0.596102 -0.258996 0.123183
v -0.620007 -0.278851 0.128123
v -0.644037 -0.299700 0.133088
v -0.668150 -0.321212 0.138072
v -0.358051 -0.201025 0.036712
v -0.378060 -0.188064 0.038763
v -0.398664 -0.179744 0.040876
v -0.419820 -0.175733 0.043045
v -0.441487 -0.175699 0.045267
v -0.463620 -0.179312 0.047536
v -0.486178 -0.186240 0.049849
v -0.509119 -0.196150 0.052201
v -0.532399 -0.208713 0.054588
v -0.555977 -0.223595 0.057006
v -0.579810 -0.240467 0.059449
v -0.603855 -0.258996 0.061915
v -0.628070 -0.278851 0.064397
v -0.652413 -0.299700 0.066893
v -0.676840 -0.321212 0.069398
v -0.359583 -0.201025 0.000000
v -0.379678 -0.188064 0.000000
v -0.400370 -0.179744 0.000000
v -0.421617 -0.175733 -0.000000
v -0.443376 -0.175699 -0.000000
v -0.465604 -0.179312 -0.000000
v -0.488259 -0.186240 -0.000000
v -0.511298 -0.196150 -0.000000
v -0.534678 -0.208713 -0.000000
v -0.558357 -0.223595 -0.000000
v -0.582291 -0.240467 -0.000000
v -0.606439 -0.258996 -0.000000
v -0.630758 -0.278851 -0.000000
v -0.655205 -0.299700 0.000000
v -0.679737 -0.321212 0.000000
v -0.358051 -0.201025 -0.036712
v -0.378060 -0.188064 -0.038763
v -0.398664 -0.179744 -0.040876
v -0.419820 -0.175733 -0.043045
v -0.441487 -0.175699 -0.045267
v -0.463620 -0.179312 -0.047536
v -0.486178 -0.186240 -0.049849
v -0.509119 -0.196150 -0.052201
v -0.532399 -0.208713 -0.054588
v -0.555977 -0.223595 -0.057006
v -0.579810 -0.240467 -0.059449
v -0.603855 -0.258996 -0.061915
v -0.628070 -0.278851 -0.064397
v -0.652413 -0.299700 -0.066893
v -0.676840 -0.321212 -0.069398
v -0.353454 -0.201025 -0.073040
v -0.373206 -0.188064 -0.077122
v -0.393546 -0.179744 -0.081325
v -0.414430 -0.175733 -0.085641
v -0.435818 -0.175699 -0.090061
v -0.457668 -0.179312 -0.094576
v -0.479936 -0.186240 -0.099178
v -0.502582 -0.196150 -0.103857
v -0.525564 -0.208713 -0.108606
v -0.548839 -0.223595 -0.113416
v -0.572366 -0.240467 -0.118278
v -0.596102 -0.258996 -0.123183
v -0.620007 -0.278851 -0.128123
v -0.644037 -0.299700 -0.133088
v -0.668150 -0.321212 -0.138072
v -0.345792 -0.201025 -0.108603
v -0.365116 -0.188064 -0.114672
v -0.385015 -0.179744 -0.120921
v -0.405447 -0.175733 -0.127339
v -0.426372 -0.175699 -0.133910
v -0.447747 -0.179312 -0.140624
v -0.469533 -0.186240 -0.147466
v -0.491688 -0.196150 -0.154424
v -0.514172 -0.208713 -0.161486
v -0.536942 -0.223595 -0.168637
v -0.559959 -0.240467 -0.175866
v -0.583181 -0.258996 -0.183159
v -0.606567 -0.278851 -0.190504
v -0.630076 -0.299700 -0.197888
v -0.653667 -0.321212 -0.205297
v -0.335066 -0.201025 -0.143016
v -0.353791 -0.188064 -0.151008
v -0.373072 -0.179744 -0.159238
v -0.392870 -0.175733 -0.167689
v -0.413146 -0.175699 -0.176343
v -0.433858 -0.179312 -0.185183
v -0.454969 -0.186240 -0.194194
v -0.476437 -0.196150 -0.203357
v -0.498223 -0.208713 -0.212656
v -0.520287 -0.223595 -0.222074
v -0.542590 -0.240467 -0.231593
v -0.565091 -0.258996 -0.241197
v -0.587752 -0.278851 -0.250870
v -0.610532 -0.299700 -0.260593
v -0.633391 -0.321212 -0.270350
v -0.321275 -0.201025 -0.175897
v -0.339229 -0.188064 -0.185727
v -0.357717 -0.179744 -0.195849
v -0.376701 -0.175733 -0.206242
v -0.396141 -0.175699 -0.216886
v -0.416001 -0.179312 -0.227759
v -0.436243 -0.186240 -0.238841
v -0.456827 -0.196150 -0.250111
v -0.477716 -0.208713 -0.261548
v -0.498873 -0.223595 -0.273131
v -0.520258 -0.240467 -0.284839
v -0.541833 -0.258996 -0.296651
v -0.563561 -0.278851 -0.308547
v -0.585403 -0.299700 -0.320506
v -0.607322 -0.321212 -0.332506
v -0.304420 -0.201025 -0.206862
v -0.321432 -0.188064 -0.218423
v -0.338950 -0.179744 -0.230327
v -0.356937 -0.175733 -0.242550
v -0.375358 -0.175699 -0.255067
v -0.394176 -0.179312 -0.267855
v -0.413356 -0.186240 -0.280888
v -0.432860 -0.196150 -0.294141
v -0.452653 -0.208713 -0.307592
v -0.472700 -0.223595 -0.321214
v -0.492963 -0.240467 -0.334983
v -0.513406 -0.258996 -0.348875
v -0.533994 -0.278851 -0.362865
v -0.554690 -0.299700 -0.376929
v -0.575459 -0.321212 -0.391042
v -0.284499 -0.201025 -0.235529
v -0.300399 -0.188064 -0.248692
v -0.316770 -0.179744 -0.262245
v -0.333581 -0.175733 -0.276162
v -0.350796 -0.175699 -0.290414
v -0.368383 -0.179312 -0.304974
v -0.386307 -0.186240 -0.319813
v -0.404535 -0.196150 -0.334904
v -0.423033 -0.208713 -0.350218
v -0.441768 -0.223595 -0.365728
v -0.460705 -0.240467 -0.381405
v -0.479811 -0.258996 -0.397222
v -0.499052 -0.278851 -0.413151
v -0.518394 -0.299700 -0.429164
v -0.537803 -0.321212 -0.445232
v 0.235529 -0.201025 0.284499
v 0.248692 -0.188064 0.300399
v 0.262245 -0.179744 0.316770
v 0.276162 -0.175733 0.333581
v 0.290414 -0.175699 0.350796
v 0.304974 -0.179312 0.368383
v 0.319813 -0.186240 0.386307
v 0.334904 -0.196150 0.404535
v 0.350218 -0.208713 0.423034
v 0.365728 -0.223595 0.441768
v 0.381405 -0.240467 0.460705
v 0.397222 -0.258996 0.479811
v 0.413151 -0.278851 0.499051
v 0.429164 -0.299700 0.518394
v 0.445232 -0.321212 0.537803
v 0.206862 -0.201025 0.304420
v 0.218423 -0.188064 0.321432
v 0.230327 -0.179744 0.338950
v 0.242550 -0.175733 0.356937
v 0.255067 -0.175699 0.375358
v 0.267855 -0.179312 0.394176
v 0.280888 -0.186240 0.413356
v 0.294141 -0.196150 0.432860
v 0.307592 -0.208713 0.452653
v 0.321214 -0.223595 0.472700
v 0.334983 -0.240467 0.492963
v 0.348875 -0.258996 0.513406
v 0.362865 -0.278851 0.533994
v 0.376929 -0.299700 0.554690
v 0.391042 -0.321212 0.575459
v 0.175897 -0.201025 0.321275
v 0.185727 -0.188064 0.339229
v 0.195849 -0.179744 0.357717
v 0.206242 -0.175733 0.376701
v 0.216886 -0.175699 0.396141
v 0.227759 -0.179312 0.416001
v 0.238841 -0.186240 0.436243
v 0.250111 -0.196150 0.456827
v 0.261548 -0.208713 0.477716
v 0.273131 -0.223595 0.498873
v 0.284839 -0.240467 0.520258
v 0.296651 -0.258996 0.541833
v 0.308547 -0.278851 0.563561
v 0.320506 -0.299700 0.585403
v 0.332506 -0.321212 0.607322
v 0.143016 -0.201025 0.335066
v 0.151008 -0.188064 0.353791
v 0.159238 -0.179744 0.373072
v 0.167689 -0.175733 0.392870
v 0.176343 -0.175699 0.413146
v 0.185183 -0.179312 0.433858
v 0.194194 -0.186240 0.454969
v 0.203357 -0.196150 0.476437
v 0.212656 -0.208713 0.498223
v 0.222074 -0.223595 0.520287
v 0.231593 -0.240467 0.542590
v 0.241197 -0.258996 0.565091
v 0.250870 -0.278851 0.587752
v 0.260593 -0.299700 0.610532
v 0.270350 -0.321212 0.633391
v 0.108603 -0.201025 0.345792
v 0.114672 -0.188064 0.365116
v 0.120921 -0.179744 0.385015
v 0.127339 -0.175733 0.405447
v 0.133910 -0.175699 0.426371
v 0.140624 -0.179312 0.447747
v 0.147466 -0.186240 0.469533
v 0.154424 -0.196150 0.491688
v 0.161486 -0.208713 0.514172
v 0.168637 -0.223595 0.536942
v 0.175866 -0.240467 0.559959
v 0.183159 -0.258996 0.583181
v 0.190504 -0.278851 0.606567
v 0.197888 -0.299700 0.630076
v 0.205297 -0.321212 0.653667
v 0.073040 -0.201025 0.353454
v 0.077122 -0.188064 0.373206
v 0.081325 -0.179744 0.393546
v 0.085641 -0.175733 0.414430
v 0.090061 -0.175699 0.435818
v 0.094576 -0.179312 0.457668
v 0.099178 -0.186240 0.479936
v 0.103857 -0.196150 0.502582
v 0.108606 -0.208713 0.525564
v 0.113416 -0.223595 0.548839
v 0.118278 -0.240467 0.572366
v 0.123183 -0.258996 0.596102
v 0.128123 -0.278851 0.620007
v 0.133088 -0.299700 0.644037
v 0.138072 -0.321212 0.668150
v 0.036712 -0.201025 0.358051
v 0.038763 -0.188064 0.378060
v 0.040876 -0.179744 0.398664
v 0.043045 -0.175733 0.419820
v 0.045267 -0.175699 0.441487
v 0.047536 -0.179312 0.463620
v 0.049849 -0.186240 0.486178
v 0.052201 -0.196150 0.509119
v 0.054588 -0.208713 0.532399
v 0.057006 -0.223595 0.555977
v 0.059449 -0.240467 0.579810
v 0.061915 -0.258996 0.603855
v 0.064397 -0.278851 0.628070
v 0.066893 -0.299700 0.652413
v 0.069398 -0.321212 0.676840
v 0.000000 -0.201025 0.359583
v 0.000000 -0.188064 0.379678
v 0.000000 -0.179744 0.400370
v 0.000000 -0.175733 0.421617
v 0.000000 -0.175699 0.443376
v 0.000000 -0.179312 0.465604
v -0.000000 -0.186240 0.488259
v -0.000000 -0.196150 0.511298
v -0.000000 -0.208713 0.534678
v -0.000000 -0.223595 0.558357
v -0.000000 -0.240467 0.582291
v -0.000000 -0.258996 0.606439
v -0.000000 -0.278851 0.630758
v 0.000000 -0.299700 0.655205
v 0.000000 -0.321212 0.679737
v -0.036712 -0.201025 0.358051
v -0.038763 -0.188064 0.378060
v -0.040876 -0.179744 0.398664
v -0.043045 -0.175733 0.419820
v -0.045267 -0.175699 0.441487
v -0.047536 -0.179312 0.463620
v -0.049849 -0.186240 0.486178
v -0.052201 -0.196150 0.509119
v -0.054588 -0.208713 0.532399
v -0.057006 -0.223595 0.555977
v -0.059449 -0.240467 0.579810
v -0.061915 -0.258996 0.603855
v -0.064397 -0.278851 0.628070
v -0.066893 -0.299700 0.652413
v -0.069398 -0.321212 0.676840
v -0.073040 -0.201025 0.353454
v -0.077122 -0.188064 0.373206
v -0.081325 -0.179744 0.393546
v -0.085641 -0.175733 0.414430
v -0.090061 -0.175699 0.435818
v -0.094576 -0.179312 0.457668
v -0.099178 -0.186240 0.479936
v -0.103857 -0.196150 0.502582
v -0.108606 -0.208713 0.525564
v -0.113416 -0.223595 0.548839
v -0.118278 -0.240467 0.572366
v -0.123183 -0.258996 0.596102
v -0.128123 -0.278851 0.620007
v -0.133088 -0.299700 0.644037
v -0.138072 -0.321212 0.668150
v -0.108603 -0.201025 0.345792
v -0.114672 -0.188064 0.365116
v -0.120921 -0.179744 0.385015
v -0.127339 -0.175733 0.405447
v -0.133910 -0.175699 0.426371
v -0.140624 -0.179312 0.447747
v -0.147466 -0.186240 0.469533
v -0.154424 -0.196150 0.491688
v -0.161486 -0.208713 0.514172
v -0.168637 -0.223595 0.536942
v -0.175866 -0.240467 0.559959
v -0.183159 -0.258996 0.583181
v -0.190504 -0.278851 0.606567
v -0.197888 -0.299700 0.630076
v -0.205297 -0.321212 0.653667
v -0.143016 -0.201025 0.335066
v -0.151008 -0.188064 0.353791
v -0.159238 -0.179744 0.373072
v -0.167689 -0.175733 0.392870
v -0.176343 -0.175699 0.413146
v -0.185183 -0.179312 0.433858
v -0.194194 -0.186240 0.454969
v -0.203357 -0.196150 0.476437
v -0.212656 -0.208713 0.498223
v -0.222074 -0.223595 0.520287
v -0.231593 -0.240467 0.542590
v -0.241197 -0.258996 0.565091
v -0.250870 -0.278851 0.587752
v -0.260593 -0.299700 0.610532
v -0.270350 -0.321212 0.633391
v -0.175897 -0.201025 0.321275
v -0.185727 -0.188064 0.339229
v -0.195849 -0.179744 0.357717
v -0.206242 -0.175733 0.376701
v -0.216886 -0.175699 0.396141
v -0.227759 -0.179312 0.416001
v -0.238841 -0.186240 0.436243
v -0.250111 -0.196150 0.456827
v -0.261548 -0.208713 0.477716
v -0.273131 -0.223595 0.498873
v -0.284839 -0.240467 0.520258
v -0.296651 -0.258996 0.541833
v -0.308547 -0.278851 0.563561
v -0.320506 -0.299700 0.585403
v -0.332506 -0.321212 0.607322
v -0.206862 -0.201025 0.304420
v -0.218423 -0.188064 0.321432
v -0.230327 -0.179744 0.338950
v -0.242550 -0.175733 0.356937
v -0.255067 -0.175699 0.375358
v -0.267855 -0.179312 0.394176
v -0.280888 -0.186240 0.413356
v -0.294141 -0.196150 0.432860
v -0.307592 -0.208713 0.452653
v -0.321214 -0.223595 0.472700
v -0.334983 -0.240467 0.492963
v -0.348875 -0.258996 0.513406
v -0.362865 -0.278851 0.533994
v -0.376929 -0.299700 0.554690
v -0.391042 -0.321212 0.575459
v -0.235529 -0.201025 0.284500
v -0.248692 -0.188064 0.300399
v -0.262245 -0.179744 0.316770
v -0.276162 -0.175733 0.333581
v -0.290414 -0.175699 0.350796
v -0.304974 -0.179312 0.368383
v -0.319813 -0.186240 0.386307
v -0.334904 -0.196150 0.404535
v -0.350218 -0.208713 0.423033
v -0.365728 -0.223595 0.441768
v -0.381405 -0.240467 0.460705
v -0.397222 -0.258996 0.479811
v -0.413151 -0.278851 0.499052
v -0.429164 -0.299700 0.518394
v -0.445232 -0.321212 0.537803
vn 0.5464 0.6347 0.5464
vn 0.5789 0.6593 0.4799
vn 0.6095 0.6804 0.4069
vn 0.6368 0.6984 0.3267
vn 0.6589 0.7124 0.2415
vn 0.6748 0.7225 0.1506
vn 0.6834 0.7282 0.0521
vn 0.6834 0.7282 -0.0521
vn 0.6748 0.7225 -0.1506
vn 0.6589 0.7124 -0.2415
vn 0.6368 0.6984 -0.3267
vn 0.6095 0.6804 -0.4069
vn 0.5789 0.6593 -0.4799
vn 0.5464 0.6347 -0.5464
vn 0.4799 0.6593 0.5789
vn 0.5094 0.6936 0.5094
vn 0.5387 0.7230 0.4325
vn 0.5653 0.7477 0.3483
vn 0.5872 0.7673 0.2579
vn 0.6029 0.7815 0.1606
vn 0.6113 0.7895 0.0554
vn 0.6113 0.7895 -0.0554
vn 0.6029 0.7815 -0.1606
vn 0.5872 0.7673 -0.2579
vn 0.5653 0.7477 -0.3483
vn 0.5387 0.7230 -0.4325
vn 0.5094 0.6936 -0.5094
vn 0.4799 0.6593 -0.5789
vn 0.4069 0.6804 0.6095
vn 0.4325 0.7230 0.5387
vn 0.4589 0.7608 0.4589
vn 0.4836 0.7929 0.3708
vn 0.5041 0.8188 0.2748
vn 0.5188 0.8377 0.1707
vn 0.5266 0.8481 0.0586
vn 0.5266 0.8481 -0.0586
vn 0.5188 0.8377 -0.1707
vn 0.5041 0.8188 -0.2748
vn 0.4836 0.7929 -0.3708
vn 0.4589 0.7608 -0.4589
vn 0.4325 0.7230 -0.5387
vn 0.4069 0.6804 -0.6095
vn 0.3267 0.6984 0.6368
vn 0.3483 0.7477 0.5653
vn 0.3708 0.7929 0.4836
vn 0.3919 0.8323 0.3919
vn 0.4095 0.8648 0.2906
vn 0.4221 0.8885 0.1800
vn 0.4286 0.9014 0.0615
vn 0.4286 0.9014 -0.0614
vn 0.4221 0.8885 -0.1800
vn 0.4096 0.8648 -0.2906
vn 0.3919 0.8323 -0.3919
vn 0.3708 0.7929 -0.4836
vn 0.3483 0.7477 -0.5653
vn 0.3267 0.6984 -0.6368
vn 0.2415 0.7124 0.6589
vn 0.2579 0.7673 0.5872
vn 0.2748 0.8188 0.5041
vn 0.2906 0.8648 0.4096
vn 0.3037 0.9030 0.3037
vn 0.3130 0.9310 0.1877
vn 0.3178 0.9460 0.0638
vn 0.3178 0.9460 -0.0638
vn 0.3130 0.9310 -0.1877
vn 0.3037 0.9030 -0.3037
vn 0.2906 0.8648 -0.4096
vn 0.2748 0.8188 -0.5041
vn 0.2579 0.7673 -0.5872
vn 0.2415 0.7124 -0.6589
vn 0.1506 0.7225 0.6748
vn 0.1606 0.7815 0.6029
vn 0.1707 0.8377 0.5188
vn 0.1800 0.8885 0.4221
vn 0.1877 0.9310 0.3130
vn 0.1931 0.9620 0.1931
vn 0.1959 0.9784 0.0654
vn 0.1959 0.9784 -0.0654
vn 0.1931 0.9620 -0.1931
vn 0.1877 0.9310 -0.3130
vn 0.1800 0.8885 -0.4221
vn 0.1707 0.8377 -0.5188
vn 0.1606 0.7815 -0.6029
vn 0.1506 0.7225 -0.6748
vn 0.0521 0.7282 0.6834
vn 0.0554 0.7895 0.6113
vn 0.0586 0.8481 0.5266
vn 0.0614 0.9014 0.4286
vn 0.0638 0.9460 0.3178
vn 0.0654 0.9784 0.1959
vn 0.0662 0.9956 0.0662
vn 0.0662 0.9956 -0.0663
vn 0.0654 0.9784 -0.1959
vn 0.0638 0.9460 -0.3178
vn 0.0614 0.9014 -0.4286
vn 0.0586 0.8481 -0.5266
vn 0.0554 0.7895 -0.6113
vn 0.0521 0.7282 -0.6834
vn -0.0521 0.7282 0.6834
vn -0.0554 0.7895 0.6113
vn -0.0586 0.8481 0.5266
vn -0.0615 0.9014 0.4286
vn -0.0638 0.9460 0.3178
vn -0.0654 0.9784 0.1959
vn -0.0662 0.9956 0.0663
vn -0.0663 0.9956 -0.0663
vn -0.0654 0.9784 -0.1959
vn -0.0638 0.9460 -0.3178
vn -0.0614 0.9014 -0.4286
vn -0.0586 0.8481 -0.5266
vn -0.0554 0.7895 -0.6113
vn -0.0521 0.7282 -0.6834
vn -0.1506 0.7225 0.6748
vn -0.1606 0.7815 0.6029
vn -0.1707 0.8377 0.5188
vn -0.1800 0.8885 0.4221
vn -0.1877 0.9310 0.3130
vn -0.1931 0.9620 0.1931
vn -0.1959 0.9784 0.0654
vn -0.1959 0.9784 -0.0654
vn -0.1931 0.9620 -0.1931
vn -0.1877 0.9310 -0.3130
vn -0.1800 0.8885 -0.4221
vn -0.1707 0.8377 -0.5188
vn -0.1606 0.7815 -0.6029
vn -0.1506 0.7225 -0.6748
vn -0.2415 0.7124 0.6589
vn -0.2579 0.7673 0.5872
vn -0.2748 0.8188 0.5041
vn -0.2906 0.8648 0.4096
vn -0.3037 0.9030 0.3037
vn -0.3130 0.9310 0.1877
vn -0.3178 0.9460 0.0638
vn -0.3178 0.9460 -0.0638
vn -0.3130 0.9310 -0.1877
vn -0.3037 0.9030 -0.3037
vn -0.2906 0.8648 -0.4096
vn -0.2748 0.8188 -0.5041
vn -0.2579 0.7673 -0.5872
vn -0.2415 0.7124 -0.6589
vn -0.3267 0.6984 0.6369
vn -0.3483 0.7477 0.5653
vn -0.3708 0.7929 0.4836
vn -0.3919 0.8323 0.3919
vn -0.4096 0.8648 0.2906
vn -0.4221 0.8885 0.1800
vn -0.4286 0.9014 0.0614
vn -0.4286 0.9014 -0.0614
vn -0.4221 0.8885 -0.1800
vn -0.4095 0.8648 -0.2906
vn -0.3919 0.8323 -0.3919
vn -0.3708 0.7929 -0.4836
vn -0.3483 0.7477 -0.5653
vn -0.3267 0.6984 -0.6368
vn -0.4069 0.6804 0.6095
vn -0.4325 0.7230 0.5387
vn -0.4589 0.7608 0.4589
vn -0.4836 0.7929 0.3708
vn -0.5041 0.8188 0.2748
vn -0.5188 0.8377 0.1707
vn -0.5266 0.8481 0.0586
vn -0.5266 0.8481 -0.0586
vn -0.5188 0.8377 -0.1707
vn -0.5041 0.8188 -0.2748
vn -0.4836 0.7929 -0.3708
vn -0.4589 0.7608 -0.4589
vn -0.4325 0.7230 -0.5387
vn -0.4069 0.6804 -0.6095
vn -0.4799 0.6593 0.5789
vn -0.5094 0.6936 0.5094
vn -0.5387 0.7230 0.4325
vn -0.5653 0.7477 0.3483
vn -0.5872 0.7673 0.2579
vn -0.6029 0.7815 0.1606
vn -0.6113 0.7895 0.0554
vn -0.6113 0.7895 -0.0554
vn -0.6029 0.7815 -0.1606
vn -0.5872 0.7673 -0.2579
vn -0.5653 0.7477 -0.3483
vn -0.5387 0.7230 -0.4325
vn -0.5094 0.6936 -0.5094
vn -0.4799 0.6593 -0.5789
vn -0.5464 0.6347 0.5464
vn -0.5789 0.6593 0.4799
vn -0.6095 0.6804 0.4069
vn -0.6368 0.6984 0.3267
vn -0.6589 0.7124 0.2415
vn -0.6748 0.7225 0.1506
vn -0.6834 0.7282 0.0521
vn -0.6834 0.7282 -0.0521
vn -0.6748 0.7225 -0.1506
vn -0.6589 0.7124 -0.2415
vn -0.6368 0.6984 -0.3267
vn -0.6095 0.6804 -0.4069
vn -0.5789 0.6593 -0.4799
vn -0.5464 0.6347 -0.5464
vn 0.5738 0.5845 0.5738
vn 0.6068 0.6043 0.5164
vn 0.6398 0.6196 0.4547
vn 0.6707 0.6340 0.3850
vn 0.6981 0.6463 0.3080
vn 0.7200 0.6558 0.2270
vn 0.7355 0.6626 0.1415
vn 0.7440 0.6664 0.0490
vn 0.7440 0.6664 -0.0490
vn 0.7355 0.6626 -0.1415
vn 0.7200 0.6558 -0.2270
vn 0.6981 0.6463 -0.3080
vn 0.6707 0.6340 -0.3850
vn 0.6398 0.6196 -0.4547
vn 0.6068 0.6043 -0.5164
vn 0.5738 0.5845 -0.5738
vn 0.5164 0.6043 -0.6068
vn 0.4547 0.6196 -0.6398
vn 0.3850 0.6340 -0.6707
vn 0.3080 0.6463 -0.6981
vn 0.2270 0.6558 -0.7200
vn 0.1415 0.6626 -0.7355
vn 0.0490 0.6664 -0.7440
vn -0.0490 0.6664 -0.7440
vn -0.1415 0.6626 -0.7355
vn -0.2270 0.6558 -0.7200
vn -0.3080 0.6463 -0.6981
vn -0.3850 0.6340 -0.6707
vn -0.4547 0.6196 -0.6398
vn -0.5164 0.6043 -0.6068
vn -0.5738 0.5845 -0.5738
vn -0.6068 0.6043 -0.5164
vn -0.6398 0.6196 -0.4547
vn -0.6707 0.6340 -0.3850
vn -0.6981 0.6463 -0.3080
vn -0.7200 0.6558 -0.2270
vn -0.7355 0.6626 -0.1415
vn -0.7440 0.6664 -0.0490
vn -0.7440 0.6664 0.0490
vn -0.7355 0.6626 0.1415
vn -0.7200 0.6558 0.2270
vn -0.6981 0.6463 0.3080
vn -0.6707 0.6340 0.3850
vn -0.6398 0.6196 0.4547
vn -0.6068 0.6043 0.5164
vn -0.5738 0.5845 0.5738
vn -0.5164 0.6043 0.6068
vn -0.4547 0.6196 0.6398
vn -0.3850 0.6340 0.6707
vn -0.3080 0.6463 0.6981
vn -0.2270 0.6558 0.7200
vn -0.1415 0.6626 0.7355
vn -0.0490 0.6664 0.7440
vn 0.0490 0.6664 0.7440
vn 0.1415 0.6626 0.7355
vn 0.2270 0.6558 0.7200
vn 0.3080 0.6463 0.6981
vn 0.3850 0.6340 0.6707
vn 0.4547 0.6196 0.6398
vn 0.5164 0.6043 0.6068
vn 0.5463 0.2890 0.7862
vn 0.5457 0.2923 0.7853
vn 0.5448 0.2974 0.7841
vn 0.5435 0.3044 0.7822
vn 0.5419 0.3136 0.7798
vn 0.5397 0.3253 0.7764
vn 0.5370 0.3401 0.7720
vn 0.5338 0.3580 0.7661
vn 0.5300 0.3781 0.7590
vn 0.5257 0.4005 0.7505
vn 0.5207 0.4262 0.7398
vn 0.5150 0.4557 0.7261
vn 0.5089 0.4882 0.7090
vn 0.5031 0.5245 0.6869
vn 0.4579 0.2878 0.8412
vn 0.4574 0.2911 0.8403
vn 0.4566 0.2962 0.8389
vn 0.4556 0.3032 0.8370
vn 0.4542 0.3124 0.8343
vn 0.4525 0.3241 0.8308
vn 0.4504 0.3388 0.8261
vn 0.4480 0.3567 0.8198
vn 0.4453 0.3771 0.8121
vn 0.4423 0.4002 0.8027
vn 0.4389 0.4267 0.7908
vn 0.4355 0.4574 0.7753
vn 0.4327 0.4926 0.7550
vn 0.4324 0.5326 0.7276
vn 0.3706 0.2864 0.8836
vn 0.3702 0.2897 0.8826
vn 0.3696 0.2948 0.8812
vn 0.3687 0.3019 0.8792
vn 0.3676 0.3111 0.8764
vn 0.3663 0.3228 0.8727
vn 0.3647 0.3374 0.8678
vn 0.3631 0.3553 0.8614
vn 0.3614 0.3760 0.8533
vn 0.3596 0.3998 0.8432
vn 0.3576 0.4273 0.8304
vn 0.3561 0.4594 0.8137
vn 0.3562 0.4967 0.7914
vn 0.3598 0.5392 0.7614
vn 0.2852 0.2850 0.9151
vn 0.2849 0.2884 0.9141
vn 0.2844 0.2935 0.9127
vn 0.2838 0.3006 0.9106
vn 0.2830 0.3098 0.9077
vn 0.2820 0.3216 0.9039
vn 0.2810 0.3361 0.8989
vn 0.2800 0.3539 0.8924
vn 0.2791 0.3749 0.8841
vn 0.2783 0.3993 0.8736
vn 0.2777 0.4279 0.8601
vn 0.2777 0.4612 0.8427
vn 0.2794 0.5000 0.8197
vn 0.2842 0.5444 0.7892
vn 0.2019 0.2839 0.9373
vn 0.2017 0.2873 0.9364
vn 0.2014 0.2925 0.9348
vn 0.2009 0.2996 0.9327
vn 0.2004 0.3088 0.9298
vn 0.1997 0.3205 0.9259
vn 0.1991 0.3350 0.9209
vn 0.1986 0.3527 0.9144
vn 0.1984 0.3739 0.9060
vn 0.1984 0.3988 0.8953
vn 0.1988 0.4281 0.8816
vn 0.1999 0.4624 0.8639
vn 0.2024 0.5023 0.8407
vn 0.2073 0.5482 0.8103
vn 0.1204 0.2832 0.9515
vn 0.1203 0.2865 0.9505
vn 0.1201 0.2917 0.9489
vn 0.1198 0.2988 0.9468
vn 0.1195 0.3081 0.9438
vn 0.1192 0.3198 0.9400
vn 0.1189 0.3342 0.9350
vn 0.1187 0.3519 0.9285
vn 0.1188 0.3731 0.9202
vn 0.1192 0.3983 0.9095
vn 0.1200 0.4281 0.8957
vn 0.1215 0.4630 0.8780
vn 0.1240 0.5037 0.8549
vn 0.1280 0.5506 0.8249
vn 0.0400 0.2828 0.9584
vn 0.0400 0.2862 0.9574
vn 0.0399 0.2913 0.9558
vn 0.0398 0.2985 0.9536
vn 0.0397 0.3077 0.9506
vn 0.0396 0.3194 0.9468
vn 0.0396 0.3338 0.9418
vn 0.0396 0.3514 0.9354
vn 0.0397 0.3726 0.9271
vn 0.0399 0.3979 0.9165
vn 0.0404 0.4279 0.9029
vn 0.0412 0.4631 0.8853
vn 0.0424 0.5043 0.8625
vn 0.0440 0.5519 0.8327
vn -0.0400 0.2828 0.9584
vn -0.0400 0.2862 0.9574
vn -0.0399 0.2913 0.9558
vn -0.0398 0.2985 0.9536
vn -0.0397 0.3077 0.9506
vn -0.0396 0.3194 0.9468
vn -0.0396 0.3338 0.9418
vn -0.0396 0.3514 0.9354
vn -0.0397 0.3726 0.9271
vn -0.0399 0.3979 0.9165
vn -0.0404 0.4279 0.9029
vn -0.0412 0.4631 0.8853
vn -0.0424 0.5043 0.8625
vn -0.0440 0.5519 0.8327
vn -0.1204 0.2832 0.9515
vn -0.1203 0.2865 0.9505
vn -0.1201 0.2917 0.9489
vn -0.1198 0.2988 0.9468
vn -0.1195 0.3081 0.9438
vn -0.1192 0.3198 0.9400
vn -0.1189 0.3342 0.9350
vn -0.1187 0.3519 0.9285
vn -0.1188 0.3731 0.9202
vn -0.1192 0.3983 0.9095
vn -0.1200 0.4280 0.8957
vn -0.1215 0.4630 0.8780
vn -0.1240 0.5037 0.8549
vn -0.1280 0.5506 0.8249
vn -0.2019 0.2839 0.9373
vn -0.2017 0.2873 0.9364
vn -0.2014 0.2925 0.9348
vn -0.2009 0.2996 0.9327
vn -0.2004 0.3088 0.9298
vn -0.1997 0.3205 0.9259
vn -0.1991 0.3350 0.9209
vn -0.1986 0.3527 0.9144
vn -0.1984 0.3739 0.9060
vn -0.1984 0.3988 0.8953
vn -0.1988 0.4281 0.8816
vn -0.1999 0.4624 0.8639
vn -0.2024 0.5023 0.8407
vn -0.2073 0.5482 0.8103
vn -0.2852 0.2850 0.9151
vn -0.2849 0.2884 0.9141
vn -0.2844 0.2935 0.9127
vn -0.2838 0.3006 0.9106
vn -0.2830 0.3098 0.9077
vn -0.2820 0.3216 0.9039
vn -0.2810 0.3361 0.8989
vn -0.2800 0.3539 0.8924
vn -0.2791 0.3749 0.8841
vn -0.2783 0.3993 0.8736
vn -0.2777 0.4279 0.8601
vn -0.2777 0.4612 0.8427
vn -0.2794 0.5000 0.8197
vn -0.2842 0.5444 0.7892
vn -0.3706 0.2863 0.8836
vn -0.3702 0.2897 0.8826
vn -0.3696 0.2948 0.8812
vn -0.3687 0.3019 0.8792
vn -0.3676 0.3111 0.8764
vn -0.3663 0.3228 0.8727
vn -0.3647 0.3374 0.8678
vn -0.3631 0.3553 0.8614
vn -0.3614 0.3760 0.8533
vn -0.3596 0.3998 0.8432
vn -0.3576 0.4273 0.8304
vn -0.3561 0.4594 0.8137
vn -0.3562 0.4967 0.7914
vn -0.3598 0.5392 0.7614
vn -0.4579 0.2878 0.8412
vn -0.4574 0.2911 0.8403
vn -0.4566 0.2962 0.8389
vn -0.4556 0.3032 0.8370
vn -0.4542 0.3124 0.8343
vn -0.4525 0.3241 0.8308
vn -0.4504 0.3388 0.8261
vn -0.4480 0.3567 0.8198
vn -0.4453 0.3771 0.8121
vn -0.4423 0.4002 0.8027
vn -0.4389 0.4267 0.7908
vn -0.4355 0.4574 0.7753
vn -0.4327 0.4926 0.7550
vn -0.4324 0.5326 0.7276
vn -0.5463 0.2890 0.7862
vn -0.5457 0.2923 0.7853
vn -0.5448 0.2974 0.7841
vn -0.5435 0.3044 0.7822
vn -0.5419 0.3136 0.7798
vn -0.5397 0.3253 0.7764
vn -0.5370 0.3401 0.7720
vn -0.5338 0.3580 0.7661
vn -0.5300 0.3781 0.7590
vn -0.5257 0.4005 0.7505
vn -0.5207 0.4262 0.7398
vn -0.5150 0.4556 0.7261
vn -0.5089 0.4882 0.7090
vn -0.5031 0.5245 0.6869
vn 0.6344 0.2882 0.7173
vn 0.6341 0.2898 0.7169
vn 0.6334 0.2931 0.7161
vn 0.6324 0.2982 0.7150
vn 0.6309 0.3052 0.7133
vn 0.6290 0.3144 0.7110
vn 0.6264 0.3261 0.7080
vn 0.6230 0.3409 0.7040
vn 0.6188 0.3588 0.6988
vn 0.6138 0.3787 0.6927
vn 0.6080 0.4008 0.6853
vn 0.6011 0.4260 0.6762
vn 0.5928 0.4546 0.6648
vn 0.5833 0.4852 0.6514
vn 0.5725 0.5169 0.6364
vn 0.5619 0.5516 0.6165
vn 0.5012 0.5645 0.6558
vn 0.4386 0.5763 0.6896
vn 0.3690 0.5859 0.7215
vn 0.2936 0.5938 0.7491
vn 0.2154 0.5998 0.7706
vn 0.1338 0.6040 0.7857
vn 0.0463 0.6063 0.7939
vn -0.0463 0.6063 0.7939
vn -0.1338 0.6040 0.7857
vn -0.2154 0.5998 0.7706
vn -0.2936 0.5938 0.7491
vn -0.3690 0.5859 0.7215
vn -0.4386 0.5763 0.6896
vn -0.5012 0.5645 0.6558
vn -0.5619 0.5516 0.6165
vn -0.5725 0.5169 0.6364
vn -0.5833 0.4852 0.6514
vn -0.5928 0.4546 0.6648
vn -0.6011 0.4260 0.6762
vn -0.6080 0.4008 0.6853
vn -0.6138 0.3787 0.6927
vn -0.6188 0.3588 0.6988
vn -0.6230 0.3409 0.7040
vn -0.6264 0.3261 0.7080
vn -0.6290 0.3144 0.7110
vn -0.6309 0.3052 0.7133
vn -0.6324 0.2982 0.7150
vn -0.6334 0.2931 0.7161
vn -0.6341 0.2898 0.7169
vn -0.6344 0.2882 0.7173
vn -0.5466 0.2874 0.7866
vn -0.4581 0.2861 0.8416
vn -0.3708 0.2847 0.8840
vn -0.2854 0.2834 0.9156
vn -0.2020 0.2823 0.9378
vn -0.1205 0.2815 0.9520
vn -0.0400 0.2811 0.9588
vn 0.0400 0.2811 0.9588
vn 0.1205 0.2815 0.9520
vn 0.2020 0.2823 0.9378
vn 0.2854 0.2834 0.9156
vn 0.3708 0.2847 0.8840
vn 0.4581 0.2861 0.8416
vn 0.5466 0.2874 0.7866
vn -0.7862 0.2890 0.5463
vn -0.7853 0.2923 0.5457
vn -0.7841 0.2974 0.5448
vn -0.7822 0.3044 0.5435
vn -0.7798 0.3136 0.5419
vn -0.7764 0.3253 0.5397
vn -0.7720 0.3401 0.5370
vn -0.7661 0.3580 0.5338
vn -0.7590 0.3781 0.5300
vn -0.7505 0.4005 0.5257
vn -0.7398 0.4262 0.5207
vn -0.7261 0.4557 0.5150
vn -0.7090 0.4882 0.5089
vn -0.6869 0.5245 0.5031
vn -0.8412 0.2878 0.4579
vn -0.8403 0.2911 0.4574
vn -0.8389 0.2962 0.4566
vn -0.8370 0.3032 0.4556
vn -0.8343 0.3124 0.4542
vn -0.8308 0.3241 0.4525
vn -0.8261 0.3388 0.4504
vn -0.8198 0.3567 0.4480
vn -0.8121 0.3771 0.4453
vn -0.8026 0.4002 0.4423
vn -0.7908 0.4267 0.4389
vn -0.7753 0.4574 0.4355
vn -0.7550 0.4926 0.4327
vn -0.7276 0.5326 0.4324
vn -0.8836 0.2864 0.3706
vn -0.8826 0.2897 0.3702
vn -0.8812 0.2948 0.3696
vn -0.8792 0.3019 0.3687
vn -0.8764 0.3111 0.3676
vn -0.8727 0.3228 0.3663
vn -0.8678 0.3374 0.3647
vn -0.8614 0.3553 0.3631
vn -0.8533 0.3760 0.3614
vn -0.8432 0.3998 0.3596
vn -0.8304 0.4273 0.3576
vn -0.8137 0.4594 0.3561
vn -0.7914 0.4967 0.3562
vn -0.7614 0.5392 0.3598
vn -0.9151 0.2850 0.2852
vn -0.9141 0.2884 0.2849
vn -0.9127 0.2935 0.2844
vn -0.9106 0.3006 0.2838
vn -0.9077 0.3098 0.2830
vn -0.9039 0.3216 0.2820
vn -0.8989 0.3361 0.2810
vn -0.8924 0.3539 0.2800
vn -0.8841 0.3749 0.2791
vn -0.8736 0.3993 0.2783
vn -0.8601 0.4279 0.2777
vn -0.8427 0.4612 0.2777
vn -0.8197 0.5000 0.2794
vn -0.7892 0.5444 0.2842
vn -0.9373 0.2839 0.2019
vn -0.9364 0.2873 0.2017
vn -0.9348 0.2925 0.2014
vn -0.9327 0.2996 0.2009
vn -0.9298 0.3088 0.2004
vn -0.9259 0.3205 0.1997
vn -0.9209 0.3350 0.1991
vn -0.9144 0.3527 0.1986
vn -0.9060 0.3739 0.1984
vn -0.8953 0.3988 0.1984
vn -0.8816 0.4281 0.1988
vn -0.8639 0.4624 0.1999
vn -0.8407 0.5023 0.2024
vn -0.8103 0.5482 0.2073
vn -0.9515 0.2832 0.1204
vn -0.9505 0.2865 0.1203
vn -0.9489 0.2917 0.1201
vn -0.9468 0.2988 0.1198
vn -0.9438 0.3081 0.1195
vn -0.9400 0.3198 0.1192
vn -0.9350 0.3342 0.1189
vn -0.9285 0.3519 0.1187
vn -0.9202 0.3731 0.1188
vn -0.9095 0.3983 0.1192
vn -0.8957 0.4281 0.1200
vn -0.8780 0.4630 0.1215
vn -0.8549 0.5037 0.1240
vn -0.8249 0.5506 0.1280
vn -0.9584 0.2828 0.0400
vn -0.9574 0.2862 0.0400
vn -0.9558 0.2913 0.0399
vn -0.9536 0.2985 0.0398
vn -0.9506 0.3077 0.0397
vn -0.9468 0.3194 0.0396
vn -0.9418 0.3338 0.0396
vn -0.9354 0.3514 0.0396
vn -0.9271 0.3726 0.0397
vn -0.9165 0.3979 0.0399
vn -0.9029 0.4279 0.0404
vn -0.8853 0.4631 0.0412
vn -0.8625 0.5043 0.0424
vn -0.8327 0.5519 0.0440
vn -0.9584 0.2828 -0.0400
vn -0.9574 0.2862 -0.0400
vn -0.9558 0.2913 -0.0399
vn -0.9536 0.2985 -0.0398
vn -0.9507 0.3077 -0.0397
vn -0.9468 0.3194 -0.0396
vn -0.9418 0.3338 -0.0396
vn -0.9354 0.3514 -0.0396
vn -0.9271 0.3726 -0.0397
vn -0.9165 0.3979 -0.0399
vn -0.9029 0.4279 -0.0404
vn -0.8853 0.4631 -0.0412
vn -0.8625 0.5043 -0.0424
vn -0.8327 0.5519 -0.0440
vn -0.9515 0.2832 -0.1204
vn -0.9505 0.2865 -0.1203
vn -0.9489 0.2917 -0.1201
vn -0.9468 0.2988 -0.1198
vn -0.9438 0.3081 -0.1195
vn -0.9400 0.3198 -0.1192
vn -0.9350 0.3342 -0.1189
vn -0.9285 0.3519 -0.1187
vn -0.9202 0.3731 -0.1188
vn -0.9095 0.3983 -0.1192
vn -0.8957 0.4280 -0.1200
vn -0.8780 0.4630 -0.1215
vn -0.8549 0.5037 -0.1240
vn -0.8249 0.5506 -0.1280
vn -0.9373 0.2839 -0.2019
vn -0.9364 0.2873 -0.2017
vn -0.9348 0.2925 -0.2014
vn -0.9327 0.2996 -0.2009
vn -0.9298 0.3088 -0.2004
vn -0.9259 0.3205 -0.1997
vn -0.9209 0.3350 -0.1991
vn -0.9144 0.3527 -0.1986
vn -0.9060 0.3739 -0.1984
vn -0.8953 0.3988 -0.1984
vn -0.8816 0.4281 -0.1988
vn -0.8639 0.4624 -0.1999
vn -0.8407 0.5023 -0.2024
vn -0.8103 0.5482 -0.2073
vn -0.9151 0.2850 -0.2852
vn -0.9141 0.2884 -0.2849
vn -0.9127 0.2935 -0.2844
vn -0.9106 0.3006 -0.2838
vn -0.9077 0.3098 -0.2830
vn -0.9039 0.3216 -0.2820
vn -0.8989 0.3361 -0.2810
vn -0.8924 0.3539 -0.2800
vn -0.8841 0.3749 -0.2791
vn -0.8736 0.3993 -0.2783
vn -0.8601 0.4279 -0.2777
vn -0.8427 0.4612 -0.2777
vn -0.8197 0.5000 -0.2794
vn -0.7892 0.5444 -0.2842
vn -0.8836 0.2863 -0.3706
vn -0.8826 0.2897 -0.3702
vn -0.8812 0.2948 -0.3696
vn -0.8792 0.3019 -0.3687
vn -0.8764 0.3111 -0.3676
vn -0.8727 0.3228 -0.3663
vn -0.8678 0.3374 -0.3647
vn -0.8614 0.3553 -0.3631
vn -0.8533 0.3760 -0.3614
vn -0.8432 0.3998 -0.3596
vn -0.8304 0.4273 -0.3576
vn -0.8137 0.4594 -0.3561
vn -0.7914 0.4967 -0.3562
vn -0.7614 0.5392 -0.3598
vn -0.8412 0.2878 -0.4579
vn -0.8403 0.2911 -0.4574
vn -0.8389 0.2962 -0.4566
vn -0.8370 0.3032 -0.4556
vn -0.8343 0.3124 -0.4542
vn -0.8308 0.3241 -0.4525
vn -0.8261 0.3388 -0.4504
vn -0.8198 0.3567 -0.4480
vn -0.8121 0.3771 -0.4453
vn -0.8027 0.4002 -0.4423
vn -0.7908 0.4267 -0.4389
vn -0.7753 0.4574 -0.4355
vn -0.7550 0.4926 -0.4327
vn -0.7276 0.5326 -0.4324
vn -0.7862 0.2890 -0.5463
vn -0.7853 0.2923 -0.5457
vn -0.7841 0.2974 -0.5448
vn -0.7822 0.3044 -0.5435
vn -0.7798 0.3136 -0.5419
vn -0.7764 0.3253 -0.5397
vn -0.7720 0.3401 -0.5370
vn -0.7661 0.3580 -0.5338
vn -0.7590 0.3781 -0.5300
vn -0.7505 0.4005 -0.5257
vn -0.7398 0.4262 -0.5207
vn -0.7261 0.4556 -0.5150
vn -0.7090 0.4882 -0.5089
vn -0.6869 0.5245 -0.5031
vn -0.7173 0.2882 0.6344
vn -0.7169 0.2898 0.6341
vn -0.7161 0.2931 0.6334
vn -0.7150 0.2982 0.6324
vn -0.7133 0.3052 0.6309
vn -0.7110 0.3144 0.6290
vn -0.7080 0.3261 0.6264
vn -0.7040 0.3409 0.6230
vn -0.6988 0.3588 0.6188
vn -0.6927 0.3787 0.6138
vn -0.6853 0.4008 0.6080
vn -0.6762 0.4260 0.6011
vn -0.6648 0.4546 0.5928
vn -0.6514 0.4852 0.5833
vn -0.6364 0.5169 0.5725
vn -0.6165 0.5516 0.5619
vn -0.6558 0.5645 0.5012
vn -0.6896 0.5763 0.4386
vn -0.7215 0.5859 0.3690
vn -0.7491 0.5938 0.2936
vn -0.7706 0.5998 0.2154
vn -0.7857 0.6040 0.1338
vn -0.7939 0.6063 0.0463
vn -0.7939 0.6063 -0.0463
vn -0.7857 0.6040 -0.1338
vn -0.7706 0.5998 -0.2154
vn -0.7491 0.5938 -0.2936
vn -0.7215 0.5859 -0.3690
vn -0.6896 0.5763 -0.4386
vn -0.6558 0.5645 -0.5012
vn -0.6165 0.5516 -0.5619
vn -0.6364 0.5169 -0.5725
vn -0.6514 0.4852 -0.5833
vn -0.6648 0.4546 -0.5928
vn -0.6762 0.4260 -0.6011
vn -0.6853 0.4008 -0.6080
vn -0.6927 0.3787 -0.6138
vn -0.6988 0.3588 -0.6188
vn -0.7040 0.3409 -0.6230
vn -0.7080 0.3261 -0.6264
vn -0.7110 0.3144 -0.6290
vn -0.7133 0.3052 -0.6309
vn -0.7150 0.2982 -0.6324
vn -0.7161 0.2931 -0.6334
vn -0.7169 0.2898 -0.6341
vn -0.7173 0.2882 -0.6344
vn -0.7866 0.2874 -0.5466
vn -0.8416 0.2861 -0.4581
vn -0.8840 0.2847 -0.3708
vn -0.9156 0.2834 -0.2854
vn -0.9378 0.2823 -0.2020
vn -0.9520 0.2815 -0.1205
vn -0.9588 0.2811 -0.0400
vn -0.9588 0.2811 0.0400
vn -0.9520 0.2815 0.1205
vn -0.9378 0.2823 0.2020
vn -0.9156 0.2834 0.2854
vn -0.8840 0.2847 0.3708
vn -0.8416 0.2861 0.4581
vn -0.7866 0.2874 0.5466
vn -0.0000 -1.0000 -0.0000
vn 0.7862 0.2890 -0.5463
vn 0.7853 0.2923 -0.5457
vn 0.7841 0.2974 -0.5448
vn 0.7822 0.3044 -0.5435
vn 0.7798 0.3136 -0.5419
vn 0.7764 0.3253 -0.5397
vn 0.7720 0.3401 -0.5370
vn 0.7661 0.3580 -0.5338
vn 0.7590 0.3781 -0.5300
vn 0.7505 0.4005 -0.5257
vn 0.7398 0.4262 -0.5207
vn 0.7261 0.4557 -0.5150
vn 0.7090 0.4882 -0.5089
vn 0.6869 0.5245 -0.5031
vn 0.8412 0.2878 -0.4579
vn 0.8403 0.2911 -0.4574
vn 0.8389 0.2962 -0.4566
vn 0.8370 0.3032 -0.4556
vn 0.8343 0.3124 -0.4542
vn 0.8308 0.3241 -0.4525
vn 0.8261 0.3388 -0.4504
vn 0.8198 0.3567 -0.4480
vn 0.8121 0.3771 -0.4453
vn 0.8027 0.4002 -0.4423
vn 0.7908 0.4267 -0.4389
vn 0.7753 0.4574 -0.4355
vn 0.7550 0.4926 -0.4327
vn 0.7276 0.5326 -0.4324
vn 0.8836 0.2864 -0.3706
vn 0.8826 0.2897 -0.3702
vn 0.8812 0.2948 -0.3696
vn 0.8792 0.3019 -0.3687
vn 0.8764 0.3111 -0.3676
vn 0.8727 0.3228 -0.3663
vn 0.8678 0.3374 -0.3647
vn 0.8614 0.3553 -0.3631
vn 0.8533 0.3760 -0.3614
vn 0.8432 0.3998 -0.3596
vn 0.8304 0.4273 -0.3576
vn 0.8137 0.4594 -0.3561
vn 0.7914 0.4967 -0.3562
vn 0.7614 0.5392 -0.3598
vn 0.9151 0.2850 -0.2852
vn 0.9141 0.2884 -0.2849
vn 0.9127 0.2935 -0.2844
vn 0.9106 0.3006 -0.2838
vn 0.9077 0.3098 -0.2830
vn 0.9039 0.3216 -0.2820
vn 0.8989 0.3361 -0.2810
vn 0.8924 0.3539 -0.2800
vn 0.8841 0.3749 -0.2791
vn 0.8736 0.3993 -0.2783
vn 0.8601 0.4279 -0.2777
vn 0.8427 0.4612 -0.2777
vn 0.8197 0.5000 -0.2794
vn 0.7892 0.5444 -0.2842
vn 0.9373 0.2839 -0.2019
vn 0.9364 0.2873 -0.2017
vn 0.9348 0.2925 -0.2014
vn 0.9327 0.2996 -0.2009
vn 0.9298 0.3088 -0.2004
vn 0.9259 0.3205 -0.1997
vn 0.9209 0.3350 -0.1991
vn 0.9144 0.3527 -0.1986
vn 0.9060 0.3739 -0.1984
vn 0.8953 0.3988 -0.1984
vn 0.8816 0.4281 -0.1988
vn 0.8639 0.4624 -0.1999
vn 0.8407 0.5023 -0.2024
vn 0.8103 0.5482 -0.2073
vn 0.9515 0.2832 -0.1204
vn 0.9505 0.2865 -0.1203
vn 0.9489 0.2917 -0.1201
vn 0.9468 0.2988 -0.1198
vn 0.9438 0.3081 -0.1195
vn 0.9400 0.3198 -0.1192
vn 0.9350 0.3342 -0.1189
vn 0.9285 0.3519 -0.1187
vn 0.9202 0.3731 -0.1188
vn 0.9095 0.3983 -0.1192
vn 0.8957 0.4280 -0.1200
vn 0.8780 0.4630 -0.1215
vn 0.8549 0.5037 -0.1240
vn 0.8249 0.5506 -0.1280
vn 0.9584 0.2828 -0.0400
vn 0.9574 0.2862 -0.0400
vn 0.9558 0.2913 -0.0399
vn 0.9536 0.2985 -0.0398
vn 0.9506 0.3077 -0.0397
vn 0.9468 0.3194 -0.0396
vn 0.9418 0.3338 -0.0396
vn 0.9354 0.3514 -0.0396
vn 0.9271 0.3726 -0.0397
vn 0.9165 0.3979 -0.0399
vn 0.9029 0.4279 -0.0404
vn 0.8853 0.4631 -0.0412
vn 0.8625 0.5043 -0.0424
vn 0.8327 0.5519 -0.0440
vn 0.9584 0.2828 0.0400
vn 0.9574 0.2862 0.0400
vn 0.9558 0.2913 0.0399
vn 0.9536 0.2985 0.0398
vn 0.9506 0.3077 0.0397
vn 0.9468 0.3194 0.0396
vn 0.9418 0.3338 0.0396
vn 0.9354 0.3514 0.0396
vn 0.9271 0.3726 0.0397
vn 0.9165 0.3979 0.0399
vn 0.9029 0.4279 0.0404
vn 0.8853 0.4631 0.0412
vn 0.8625 0.5043 0.0424
vn 0.8327 0.5519 0.0440
vn 0.9515 0.2832 0.1204
vn 0.9505 0.2865 0.1203
vn 0.9489 0.2917 0.1201
vn 0.9468 0.2988 0.1198
vn 0.9438 0.3081 0.1195
vn 0.9400 0.3198 0.1192
vn 0.9350 0.3342 0.1189
vn 0.9285 0.3519 0.1187
vn 0.9202 0.3731 0.1188
vn 0.9095 0.3983 0.1192
vn 0.8957 0.4280 0.1200
vn 0.8780 0.4630 0.1215
vn 0.8549 0.5037 0.1240
vn 0.8249 0.5506 0.1280
vn 0.9373 0.2839 0.2019
vn 0.9364 0.2873 0.2017
vn 0.9348 0.2925 0.2014
vn 0.9327 0.2996 0.2009
vn 0.9298 0.3088 0.2004
vn 0.9259 0.3205 0.1997
vn 0.9209 0.3350 0.1991
vn 0.9144 0.3527 0.1986
vn 0.9060 0.3739 0.1984
vn 0.8953 0.3988 0.1984
vn 0.8816 0.4281 0.1988
vn 0.8639 0.4624 0.1999
vn 0.8407 0.5023 0.2024
vn 0.8103 0.5482 0.2073
vn 0.9151 0.2850 0.2852
vn 0.9141 0.2884 0.2849
vn 0.9127 0.2935 0.2844
vn 0.9106 0.3006 0.2838
vn 0.9077 0.3098 0.2830
vn 0.9039 0.3216 0.2820
vn 0.8989 0.3361 0.2810
vn 0.8924 0.3539 0.2800
vn 0.8841 0.3749 0.2791
vn 0.8736 0.3993 0.2783
vn 0.8601 0.4279 0.2777
vn 0.8427 0.4612 0.2777
vn 0.8197 0.5000 0.2794
vn 0.7892 0.5444 0.2842
vn 0.8836 0.2863 0.3706
vn 0.8826 0.2897 0.3702
vn 0.8812 0.2948 0.3696
vn 0.8792 0.3019 0.3687
vn 0.8764 0.3111 0.3676
vn 0.8727 0.3228 0.3663
vn 0.8678 0.3374 0.3647
vn 0.8614 0.3553 0.3631
vn 0.8533 0.3760 0.3614
vn 0.8432 0.3998 0.3596
vn 0.8304 0.4273 0.3576
vn 0.8137 0.4594 0.3561
vn 0.7914 0.4967 0.3562
vn 0.7614 0.5392 0.3598
vn 0.8412 0.2878 0.4579
vn 0.8403 0.2911 0.4574
vn 0.8389 0.2962 0.4566
vn 0.8370 0.3032 0.4556
vn 0.8343 0.3124 0.4542
vn 0.8308 0.3241 0.4525
vn 0.8261 0.3388 0.4504
vn 0.8198 0.3567 0.4480
vn 0.8121 0.3771 0.4453
vn 0.8027 0.4002 0.4423
vn 0.7908 0.4267 0.4389
vn 0.7753 0.4574 0.4355
vn 0.7550 0.4926 0.4327
vn 0.7276 0.5326 0.4324
vn 0.7862 0.2890 0.5463
vn 0.7853 0.2923 0.5457
vn 0.7841 0.2974 0.5448
vn 0.7822 0.3044 0.5435
vn 0.7798 0.3136 0.5419
vn 0.7764 0.3253 0.5397
vn 0.7720 0.3401 0.5370
vn 0.7661 0.3580 0.5338
vn 0.7590 0.3781 0.5300
vn 0.7505 0.4005 0.5257
vn 0.7398 0.4262 0.5207
vn 0.7261 0.4556 0.5150
vn 0.7090 0.4882 0.5089
vn 0.6869 0.5245 0.5031
vn 0.7173 0.2882 -0.6344
vn 0.7169 0.2898 -0.6341
vn 0.7161 0.2931 -0.6334
vn 0.7150 0.2982 -0.6324
vn 0.7133 0.3052 -0.6309
vn 0.7110 0.3144 -0.6290
vn 0.7080 0.3261 -0.6264
vn 0.7040 0.3409 -0.6230
vn 0.6988 0.3588 -0.6188
vn 0.6927 0.3787 -0.6138
vn 0.6853 0.4008 -0.6080
vn 0.6762 0.4260 -0.6011
vn 0.6648 0.4546 -0.5928
vn 0.6514 0.4852 -0.5833
vn 0.6364 0.5169 -0.5725
vn 0.6165 0.5516 -0.5619
vn 0.6558 0.5645 -0.5012
vn 0.6896 0.5763 -0.4386
vn 0.7215 0.5859 -0.3690
vn 0.7491 0.5938 -0.2936
vn 0.7706 0.5998 -0.2154
vn 0.7857 0.6040 -0.1338
vn 0.7939 0.6063 -0.0463
vn 0.7939 0.6063 0.0463
vn 0.7857 0.6040 0.1338
vn 0.7706 0.5998 0.2154
vn 0.7491 0.5938 0.2936
vn 0.7215 0.5859 0.3690
vn 0.6896 0.5763 0.4386
vn 0.6558 0.5645 0.5012
vn 0.6165 0.5516 0.5619
vn 0.6364 0.5169 0.5725
vn 0.6514 0.4852 0.5833
vn 0.6648 0.4546 0.5928
vn 0.6762 0.4260 0.6011
vn 0.6853 0.4008 0.6080
vn 0.6927 0.3787 0.6138
vn 0.6988 0.3588 0.6188
vn 0.7040 0.3409 0.6230
vn 0.7080 0.3261 0.6264
vn 0.7110 0.3144 0.6290
vn 0.7133 0.3052 0.6309
vn 0.7150 0.2982 0.6324
vn 0.7161 0.2931 0.6334
vn 0.7169 0.2898 0.6341
vn 0.7173 0.2882 0.6344
vn 0.7866 0.2874 0.5466
vn 0.8416 0.2861 0.4581
vn 0.8840 0.2847 0.3708
vn 0.9156 0.2834 0.2854
vn 0.9378 0.2823 0.2020
vn 0.9520 0.2815 0.1205
vn 0.9588 0.2811 0.0400
vn 0.9588 0.2811 -0.0400
vn 0.9520 0.2815 -0.1205
vn 0.9378 0.2823 -0.2020
vn 0.9156 0.2834 -0.2854
vn 0.8840 0.2847 -0.3708
vn 0.8416 0.2861 -0.4581
vn 0.7866 0.2874 -0.5466
vn -0.5463 0.2890 -0.7862
vn -0.5457 0.2923 -0.7853
vn -0.5448 0.2974 -0.7841
vn -0.5435 0.3044 -0.7822
vn -0.5419 0.3136 -0.7798
vn -0.5397 0.3253 -0.7764
vn -0.5370 0.3401 -0.7720
vn -0.5338 0.3580 -0.7661
vn -0.5300 0.3781 -0.7590
vn -0.5257 0.4005 -0.7505
vn -0.5207 0.4262 -0.7398
vn -0.5150 0.4556 -0.7261
vn -0.5089 0.4882 -0.7090
vn -0.5031 0.5245 -0.6869
vn -0.4579 0.2878 -0.8412
vn -0.4574 0.2911 -0.8403
vn -0.4566 0.2962 -0.8389
vn -0.4556 0.3032 -0.8370
vn -0.4542 0.3124 -0.8343
vn -0.4525 0.3241 -0.8308
vn -0.4504 0.3388 -0.8261
vn -0.4480 0.3567 -0.8198
vn -0.4453 0.3771 -0.8121
vn -0.4423 0.4002 -0.8026
vn -0.4389 0.4267 -0.7908
vn -0.4355 0.4574 -0.7753
vn -0.4327 0.4926 -0.7550
vn -0.4324 0.5326 -0.7276
vn -0.3706 0.2864 -0.8836
vn -0.3702 0.2897 -0.8826
vn -0.3696 0.2948 -0.8812
vn -0.3687 0.3019 -0.8792
vn -0.3676 0.3111 -0.8764
vn -0.3663 0.3228 -0.8727
vn -0.3647 0.3374 -0.8678
vn -0.3631 0.3553 -0.8614
vn -0.3614 0.3760 -0.8533
vn -0.3596 0.3998 -0.8432
vn -0.3576 0.4273 -0.8304
vn -0.3561 0.4594 -0.8137
vn -0.3562 0.4967 -0.7914
vn -0.3598 0.5392 -0.7614
vn -0.2852 0.2850 -0.9151
vn -0.2849 0.2884 -0.9141
vn -0.2844 0.2935 -0.9127
vn -0.2838 0.3006 -0.9106
vn -0.2830 0.3098 -0.9077
vn -0.2820 0.3216 -0.9039
vn -0.2810 0.3361 -0.8989
vn -0.2800 0.3539 -0.8924
vn -0.2791 0.3749 -0.8841
vn -0.2783 0.3993 -0.8736
vn -0.2777 0.4279 -0.8601
vn -0.2777 0.4612 -0.8427
vn -0.2794 0.5000 -0.8197
vn -0.2842 0.5444 -0.7892
vn -0.2019 0.2839 -0.9373
vn -0.2017 0.2873 -0.9364
vn -0.2014 0.2925 -0.9348
vn -0.2009 0.2996 -0.9327
vn -0.2004 0.3088 -0.9298
vn -0.1997 0.3205 -0.9259
vn -0.1991 0.3350 -0.9209
vn -0.1986 0.3527 -0.9144
vn -0.1984 0.3739 -0.9060
vn -0.1984 0.3988 -0.8953
vn -0.1988 0.4281 -0.8816
vn -0.1999 0.4624 -0.8639
vn -0.2024 0.5023 -0.8407
vn -0.2073 0.5482 -0.8103
vn -0.1204 0.2832 -0.9515
vn -0.1203 0.2865 -0.9505
vn -0.1201 0.2917 -0.9489
vn -0.1198 0.2988 -0.9468
vn -0.1195 0.3081 -0.9438
vn -0.1192 0.3198 -0.9400
vn -0.1189 0.3342 -0.9350
vn -0.1187 0.3519 -0.9285
vn -0.1188 0.3731 -0.9202
vn -0.1192 0.3983 -0.9095
vn -0.1200 0.4281 -0.8957
vn -0.1215 0.4630 -0.8780
vn -0.1240 0.5037 -0.8549
vn -0.1280 0.5506 -0.8249
vn -0.0400 0.2828 -0.9584
vn -0.0400 0.2862 -0.9574
vn -0.0399 0.2913 -0.9558
vn -0.0398 0.2985 -0.9536
vn -0.0397 0.3077 -0.9506
vn -0.0396 0.3194 -0.9468
vn -0.0396 0.3338 -0.9418
vn -0.0396 0.3514 -0.9354
vn -0.0397 0.3726 -0.9271
vn -0.0399 0.3979 -0.9165
vn -0.0404 0.4279 -0.9029
vn -0.0412 0.4631 -0.8853
vn -0.0424 0.5043 -0.8625
vn -0.0440 0.5519 -0.8327
vn 0.0400 0.2828 -0.9584
vn 0.0400 0.2862 -0.9574
vn 0.0399 0.2913 -0.9558
vn 0.0398 0.2985 -0.9536
vn 0.0397 0.3077 -0.9506
vn 0.0396 0.3194 -0.9468
vn 0.0396 0.3338 -0.9418
vn 0.0396 0.3514 -0.9354
vn 0.0397 0.3726 -0.9271
vn 0.0399 0.3979 -0.9165
vn 0.0404 0.4279 -0.9029
vn 0.0412 0.4631 -0.8853
vn 0.0424 0.5043 -0.8625
vn 0.0440 0.5519 -0.8327
vn 0.1204 0.2832 -0.9515
vn 0.1203 0.2865 -0.9505
vn 0.1201 0.2917 -0.9489
vn 0.1198 0.2988 -0.9468
vn 0.1195 0.3081 -0.9438
vn 0.1192 0.3198 -0.9400
vn 0.1189 0.3342 -0.9350
vn 0.1187 0.3519 -0.9285
vn 0.1188 0.3731 -0.9202
vn 0.1192 0.3983 -0.9095
vn 0.1200 0.4280 -0.8957
vn 0.1215 0.4630 -0.8780
vn 0.1240 0.5037 -0.8549
vn 0.1280 0.5506 -0.8249
vn 0.2019 0.2839 -0.9373
vn 0.2017 0.2873 -0.9364
vn 0.2014 0.2925 -0.9348
vn 0.2009 0.2996 -0.9327
vn 0.2004 0.3088 -0.9298
vn 0.1997 0.3205 -0.9259
vn 0.1991 0.3350 -0.9209
vn 0.1986 0.3527 -0.9144
vn 0.1984 0.3739 -0.9060
vn 0.1984 0.3988 -0.8953
vn 0.1988 0.4281 -0.8816
vn 0.1999 0.4624 -0.8639
vn 0.2024 0.5023 -0.8407
vn 0.2073 0.5482 -0.8103
vn 0.2852 0.2850 -0.9151
vn 0.2849 0.2884 -0.9141
vn 0.2844 0.2935 -0.9127
vn 0.2838 0.3006 -0.9106
vn 0.2830 0.3098 -0.9077
vn 0.2820 0.3216 -0.9039
vn 0.2810 0.3361 -0.8989
vn 0.2800 0.3539 -0.8924
vn 0.2791 0.3749 -0.8841
vn 0.2783 0.3993 -0.8736
vn 0.2777 0.4279 -0.8601
vn 0.2777 0.4612 -0.8427
vn 0.2794 0.5000 -0.8197
vn 0.2842 0.5444 -0.7892
vn 0.3706 0.2863 -0.8836
vn 0.3702 0.2897 -0.8826
vn 0.3696 0.2948 -0.8812
vn 0.3687 0.3019 -0.8792
vn 0.3676 0.3111 -0.8764
vn 0.3663 0.3228 -0.8727
vn 0.3647 0.3374 -0.8678
vn 0.3631 0.3553 -0.8614
vn 0.3614 0.3760 -0.8533
vn 0.3596 0.3998 -0.8432
vn 0.3576 0.4273 -0.8304
vn 0.3561 0.4594 -0.8137
vn 0.3562 0.4967 -0.7914
vn 0.3598 0.5392 -0.7614
vn 0.4579 0.2878 -0.8412
vn 0.4574 0.2911 -0.8403
vn 0.4566 0.2962 -0.8389
vn 0.4556 0.3032 -0.8370
vn 0.4542 0.3124 -0.8343
vn 0.4525 0.3241 -0.8308
vn 0.4504 0.3388 -0.8261
vn 0.4480 0.3567 -0.8198
vn 0.4453 0.3771 -0.8121
vn 0.4423 0.4002 -0.8027
vn 0.4389 0.4267 -0.7908
vn 0.4355 0.4574 -0.7753
vn 0.4327 0.4926 -0.7550
vn 0.4324 0.5326 -0.7276
vn 0.5463 0.2890 -0.7862
vn 0.5457 0.2923 -0.7853
vn 0.5448 0.2974 -0.7841
vn 0.5435 0.3044 -0.7822
vn 0.5419 0.3136 -0.7798
vn 0.5397 0.3253 -0.7764
vn 0.5370 0.3401 -0.7720
vn 0.5338 0.3580 -0.7661
vn 0.5300 0.3781 -0.7590
vn 0.5257 0.4005 -0.7505
vn 0.5207 0.4262 -0.7398
vn 0.5150 0.4556 -0.7261
vn 0.5089 0.4882 -0.7090
vn 0.5031 0.5245 -0.6869
vn -0.6344 0.2882 -0.7173
vn -0.6341 0.2898 -0.7169
vn -0.6334 0.2931 -0.7161
vn -0.6324 0.2982 -0.7150
vn -0.6309 0.3052 -0.7133
vn -0.6290 0.3144 -0.7110
vn -0.6264 0.3261 -0.7080
vn -0.6230 0.3409 -0.7040
vn -0.6188 0.3588 -0.6988
vn -0.6138 0.3787 -0.6927
vn -0.6080 0.4008 -0.6853
vn -0.6011 0.4260 -0.6762
vn -0.5928 0.4546 -0.6648
vn -0.5833 0.4852 -0.6514
vn -0.5725 0.5169 -0.6364
vn -0.5619 0.5516 -0.6165
vn -0.5012 0.5645 -0.6558
vn -0.4386 0.5763 -0.6896
vn -0.3690 0.5859 -0.7215
vn -0.2936 0.5938 -0.7491
vn -0.2154 0.5998 -0.7706
vn -0.1338 0.6040 -0.7857
vn -0.0463 0.6063 -0.7939
vn 0.0463 0.6063 -0.7939
vn 0.1338 0.6040 -0.7857
vn 0.2154 0.5998 -0.7706
vn 0.2936 0.5938 -0.7491
vn 0.3690 0.5859 -0.7215
vn 0.4386 0.5763 -0.6896
vn 0.5012 0.5645 -0.6558
vn 0.5619 0.5516 -0.6165
vn 0.5725 0.5169 -0.6364
vn 0.5833 0.4852 -0.6514
vn 0.5928 0.4546 -0.6648
vn 0.6011 0.4260 -0.6762
vn 0.6080 0.4008 -0.6853
vn 0.6138 0.3787 -0.6927
vn 0.6188 0.3588 -0.6988
vn 0.6230 0.3409 -0.7040
vn 0.6264 0.3261 -0.7080
vn 0.6290 0.3144 -0.7110
vn 0.6309 0.3052 -0.7133
vn 0.6324 0.2982 -0.7150
vn 0.6334 0.2931 -0.7161
vn 0.6341 0.2898 -0.7169
vn 0.6344 0.2882 -0.7173
vn 0.5466 0.2874 -0.7866
vn 0.4581 0.2861 -0.8416
vn 0.3708 0.2847 -0.8840
vn 0.2854 0.2834 -0.9156
vn 0.2020 0.2823 -0.9378
vn 0.1205 0.2815 -0.9520
vn 0.0400 0.2811 -0.9588
vn -0.0400 0.2811 -0.9588
vn -0.1205 0.2815 -0.9520
vn -0.2020 0.2823 -0.9378
vn -0.2854 0.2834 -0.9156
vn -0.3708 0.2847 -0.8840
vn -0.4581 0.2861 -0.8416
vn -0.5466 0.2874 -0.7866
vn -0.5568 -0.2188 -0.8013
vn -0.5564 -0.2224 -0.8006
vn -0.5556 -0.2278 -0.7996
vn -0.5546 -0.2353 -0.7982
vn -0.5532 -0.2451 -0.7962
vn -0.5514 -0.2575 -0.7935
vn -0.5490 -0.2729 -0.7900
vn -0.5458 -0.2920 -0.7854
vn -0.5415 -0.3155 -0.7793
vn -0.5357 -0.3444 -0.7710
vn -0.5278 -0.3803 -0.7595
vn -0.5165 -0.4250 -0.7434
vn -0.5003 -0.4810 -0.7200
vn -0.4760 -0.5514 -0.6851
vn -0.4666 -0.2178 -0.8572
vn -0.4662 -0.2213 -0.8565
vn -0.4656 -0.2268 -0.8554
vn -0.4648 -0.2342 -0.8539
vn -0.4636 -0.2440 -0.8518
vn -0.4621 -0.2563 -0.8490
vn -0.4601 -0.2717 -0.8453
vn -0.4574 -0.2907 -0.8404
vn -0.4539 -0.3141 -0.8339
vn -0.4491 -0.3430 -0.8250
vn -0.4425 -0.3788 -0.8129
vn -0.4331 -0.4233 -0.7957
vn -0.4196 -0.4792 -0.7709
vn -0.3994 -0.5496 -0.7338
vn -0.3776 -0.2167 -0.9003
vn -0.3773 -0.2202 -0.8995
vn -0.3768 -0.2256 -0.8984
vn -0.3761 -0.2330 -0.8968
vn -0.3752 -0.2427 -0.8946
vn -0.3740 -0.2550 -0.8917
vn -0.3724 -0.2703 -0.8878
vn -0.3702 -0.2893 -0.8827
vn -0.3674 -0.3126 -0.8760
vn -0.3635 -0.3414 -0.8668
vn -0.3582 -0.3770 -0.8541
vn -0.3507 -0.4215 -0.8363
vn -0.3399 -0.4772 -0.8104
vn -0.3237 -0.5475 -0.7717
vn -0.2906 -0.2157 -0.9322
vn -0.2903 -0.2191 -0.9315
vn -0.2900 -0.2245 -0.9303
vn -0.2895 -0.2319 -0.9287
vn -0.2888 -0.2416 -0.9264
vn -0.2878 -0.2538 -0.9234
vn -0.2866 -0.2691 -0.9195
vn -0.2850 -0.2879 -0.9143
vn -0.2828 -0.3112 -0.9073
vn -0.2799 -0.3398 -0.8979
vn -0.2758 -0.3754 -0.8849
vn -0.2701 -0.4197 -0.8666
vn -0.2618 -0.4754 -0.8399
vn -0.2494 -0.5456 -0.8001
vn -0.2057 -0.2148 -0.9548
vn -0.2055 -0.2183 -0.9540
vn -0.2053 -0.2236 -0.9528
vn -0.2049 -0.2310 -0.9511
vn -0.2044 -0.2406 -0.9489
vn -0.2038 -0.2528 -0.9458
vn -0.2029 -0.2680 -0.9418
vn -0.2018 -0.2868 -0.9365
vn -0.2002 -0.3100 -0.9294
vn -0.1982 -0.3385 -0.9198
vn -0.1953 -0.3740 -0.9066
vn -0.1913 -0.4182 -0.8880
vn -0.1855 -0.4738 -0.8609
vn -0.1767 -0.5439 -0.8203
vn -0.1226 -0.2142 -0.9691
vn -0.1225 -0.2176 -0.9683
vn -0.1224 -0.2230 -0.9671
vn -0.1222 -0.2303 -0.9654
vn -0.1219 -0.2399 -0.9631
vn -0.1215 -0.2521 -0.9600
vn -0.1210 -0.2673 -0.9560
vn -0.1203 -0.2860 -0.9506
vn -0.1194 -0.3091 -0.9435
vn -0.1182 -0.3376 -0.9338
vn -0.1165 -0.3730 -0.9205
vn -0.1141 -0.4172 -0.9016
vn -0.1106 -0.4727 -0.8743
vn -0.1054 -0.5428 -0.8332
vn -0.0407 -0.2139 -0.9760
vn -0.0407 -0.2173 -0.9753
vn -0.0407 -0.2226 -0.9741
vn -0.0406 -0.2300 -0.9723
vn -0.0405 -0.2396 -0.9700
vn -0.0404 -0.2517 -0.9670
vn -0.0402 -0.2669 -0.9629
vn -0.0400 -0.2856 -0.9575
vn -0.0397 -0.3087 -0.9503
vn -0.0393 -0.3372 -0.9406
vn -0.0387 -0.3725 -0.9272
vn -0.0379 -0.4166 -0.9083
vn -0.0368 -0.4721 -0.8808
vn -0.0350 -0.5422 -0.8395
vn 0.0407 -0.2139 -0.9760
vn 0.0407 -0.2173 -0.9753
vn 0.0407 -0.2226 -0.9741
vn 0.0406 -0.2300 -0.9723
vn 0.0405 -0.2396 -0.9700
vn 0.0404 -0.2517 -0.9670
vn 0.0402 -0.2669 -0.9629
vn 0.0400 -0.2856 -0.9575
vn 0.0397 -0.3087 -0.9503
vn 0.0393 -0.3372 -0.9406
vn 0.0387 -0.3725 -0.9272
vn 0.0379 -0.4166 -0.9083
vn 0.0368 -0.4721 -0.8808
vn 0.0350 -0.5422 -0.8395
vn 0.1226 -0.2142 -0.9691
vn 0.1225 -0.2176 -0.9683
vn 0.1224 -0.2230 -0.9671
vn 0.1222 -0.2303 -0.9654
vn 0.1219 -0.2399 -0.9631
vn 0.1215 -0.2521 -0.9600
vn 0.1210 -0.2673 -0.9560
vn 0.1203 -0.2860 -0.9506
vn 0.1194 -0.3091 -0.9435
vn 0.1182 -0.3376 -0.9338
vn 0.1165 -0.3730 -0.9205
vn 0.1141 -0.4172 -0.9016
vn 0.1106 -0.4727 -0.8743
vn 0.1054 -0.5428 -0.8332
vn 0.2057 -0.2148 -0.9548
vn 0.2055 -0.2183 -0.9540
vn 0.2053 -0.2236 -0.9528
vn 0.2049 -0.2310 -0.9511
vn 0.2044 -0.2406 -0.9489
vn 0.2038 -0.2528 -0.9458
vn 0.2029 -0.2680 -0.9418
vn 0.2018 -0.2868 -0.9365
vn 0.2002 -0.3100 -0.9294
vn 0.1982 -0.3385 -0.9198
vn 0.1953 -0.3740 -0.9066
vn 0.1913 -0.4182 -0.8880
vn 0.1855 -0.4738 -0.8609
vn 0.1767 -0.5439 -0.8203
vn 0.2906 -0.2157 -0.9322
vn 0.2903 -0.2191 -0.9315
vn 0.2900 -0.2245 -0.9303
vn 0.2895 -0.2319 -0.9287
vn 0.2888 -0.2416 -0.9264
vn 0.2878 -0.2538 -0.9234
vn 0.2866 -0.2691 -0.9195
vn 0.2850 -0.2879 -0.9143
vn 0.2828 -0.3112 -0.9073
vn 0.2799 -0.3398 -0.8979
vn 0.2758 -0.3754 -0.8849
vn 0.2701 -0.4197 -0.8666
vn 0.2618 -0.4754 -0.8399
vn 0.2494 -0.5456 -0.8001
vn 0.3776 -0.2167 -0.9003
vn 0.3773 -0.2202 -0.8995
vn 0.3768 -0.2256 -0.8984
vn 0.3761 -0.2330 -0.8968
vn 0.3752 -0.2427 -0.8946
vn 0.3740 -0.2550 -0.8917
vn 0.3724 -0.2703 -0.8878
vn 0.3702 -0.2893 -0.8827
vn 0.3674 -0.3126 -0.8760
vn 0.3635 -0.3414 -0.8668
vn 0.3582 -0.3770 -0.8541
vn 0.3507 -0.4215 -0.8363
vn 0.3399 -0.4772 -0.8104
vn 0.3237 -0.5475 -0.7717
vn 0.4666 -0.2178 -0.8572
vn 0.4662 -0.2213 -0.8565
vn 0.4656 -0.2268 -0.8554
vn 0.4648 -0.2342 -0.8539
vn 0.4636 -0.2440 -0.8518
vn 0.4621 -0.2563 -0.8490
vn 0.4601 -0.2717 -0.8453
vn 0.4574 -0.2907 -0.8404
vn 0.4539 -0.3141 -0.8339
vn 0.4491 -0.3430 -0.8250
vn 0.4425 -0.3788 -0.8129
vn 0.4331 -0.4233 -0.7957
vn 0.4196 -0.4792 -0.7709
vn 0.3994 -0.5496 -0.7338
vn 0.5568 -0.2188 -0.8013
vn 0.5564 -0.2224 -0.8006
vn 0.5556 -0.2278 -0.7996
vn 0.5546 -0.2353 -0.7982
vn 0.5532 -0.2451 -0.7962
vn 0.5514 -0.2575 -0.7935
vn 0.5490 -0.2729 -0.7900
vn 0.5458 -0.2920 -0.7854
vn 0.5415 -0.3155 -0.7793
vn 0.5357 -0.3444 -0.7710
vn 0.5278 -0.3803 -0.7595
vn 0.5165 -0.4250 -0.7434
vn 0.5003 -0.4810 -0.7200
vn 0.4760 -0.5514 -0.6851
vn -0.6466 -0.2177 -0.7311
vn -0.6464 -0.2194 -0.7308
vn -0.6459 -0.2230 -0.7302
vn -0.6450 -0.2284 -0.7292
vn -0.6438 -0.2360 -0.7279
vn -0.6422 -0.2458 -0.7261
vn -0.6401 -0.2582 -0.7236
vn -0.6372 -0.2737 -0.7204
vn -0.6335 -0.2928 -0.7162
vn -0.6285 -0.3163 -0.7106
vn -0.6218 -0.3454 -0.7029
vn -0.6125 -0.3813 -0.6924
vn -0.5994 -0.4260 -0.6777
vn -0.5804 -0.4821 -0.6562
vn -0.5522 -0.5526 -0.6243
vn -0.5088 -0.6405 -0.5752
vn -0.4388 -0.6393 -0.6314
vn -0.3683 -0.6375 -0.6767
vn -0.2986 -0.6355 -0.7120
vn -0.2302 -0.6335 -0.7387
vn -0.1632 -0.6319 -0.7576
vn -0.0974 -0.6308 -0.7698
vn -0.0324 -0.6302 -0.7758
vn 0.0324 -0.6302 -0.7758
vn 0.0974 -0.6308 -0.7698
vn 0.1632 -0.6319 -0.7576
vn 0.2302 -0.6335 -0.7387
vn 0.2986 -0.6355 -0.7120
vn 0.3683 -0.6375 -0.6767
vn 0.4388 -0.6393 -0.6315
vn 0.5088 -0.6405 -0.5752
vn 0.5522 -0.5526 -0.6243
vn 0.5805 -0.4821 -0.6562
vn 0.5994 -0.4260 -0.6777
vn 0.6125 -0.3813 -0.6924
vn 0.6218 -0.3454 -0.7029
vn 0.6285 -0.3163 -0.7106
vn 0.6335 -0.2928 -0.7162
vn 0.6372 -0.2737 -0.7204
vn 0.6401 -0.2582 -0.7236
vn 0.6422 -0.2458 -0.7261
vn 0.6438 -0.2360 -0.7279
vn 0.6450 -0.2284 -0.7292
vn 0.6458 -0.2230 -0.7302
vn 0.6464 -0.2194 -0.7308
vn 0.6466 -0.2177 -0.7311
vn 0.5570 -0.2171 -0.8016
vn 0.4668 -0.2161 -0.8576
vn 0.3777 -0.2150 -0.9006
vn 0.2907 -0.2139 -0.9326
vn 0.2058 -0.2131 -0.9551
vn 0.1227 -0.2125 -0.9694
vn 0.0408 -0.2121 -0.9764
vn -0.0408 -0.2121 -0.9764
vn -0.1227 -0.2125 -0.9694
vn -0.2058 -0.2131 -0.9551
vn -0.2907 -0.2139 -0.9326
vn -0.3777 -0.2150 -0.9006
vn -0.4668 -0.2161 -0.8576
vn -0.5570 -0.2171 -0.8016
vn 0.8013 -0.2188 -0.5568
vn 0.8006 -0.2224 -0.5564
vn 0.7996 -0.2278 -0.5556
vn 0.7981 -0.2353 -0.5546
vn 0.7962 -0.2451 -0.5532
vn 0.7935 -0.2575 -0.5514
vn 0.7900 -0.2729 -0.5490
vn 0.7854 -0.2920 -0.5458
vn 0.7793 -0.3155 -0.5415
vn 0.7710 -0.3444 -0.5357
vn 0.7595 -0.3803 -0.5278
vn 0.7434 -0.4250 -0.5165
vn 0.7200 -0.4810 -0.5003
vn 0.6851 -0.5514 -0.4760
vn 0.8572 -0.2178 -0.4666
vn 0.8565 -0.2213 -0.4662
vn 0.8554 -0.2268 -0.4656
vn 0.8539 -0.2342 -0.4648
vn 0.8518 -0.2440 -0.4636
vn 0.8490 -0.2563 -0.4621
vn 0.8453 -0.2717 -0.4601
vn 0.8404 -0.2907 -0.4574
vn 0.8339 -0.3141 -0.4539
vn 0.8250 -0.3430 -0.4491
vn 0.8129 -0.3788 -0.4425
vn 0.7957 -0.4233 -0.4331
vn 0.7709 -0.4792 -0.4196
vn 0.7338 -0.5496 -0.3994
vn 0.9003 -0.2167 -0.3776
vn 0.8995 -0.2202 -0.3773
vn 0.8984 -0.2256 -0.3768
vn 0.8968 -0.2330 -0.3761
vn 0.8946 -0.2427 -0.3752
vn 0.8917 -0.2550 -0.3740
vn 0.8878 -0.2703 -0.3724
vn 0.8827 -0.2893 -0.3702
vn 0.8760 -0.3126 -0.3674
vn 0.8668 -0.3414 -0.3635
vn 0.8541 -0.3770 -0.3582
vn 0.8363 -0.4215 -0.3507
vn 0.8104 -0.4772 -0.3399
vn 0.7717 -0.5475 -0.3236
vn 0.9322 -0.2157 -0.2906
vn 0.9315 -0.2191 -0.2903
vn 0.9303 -0.2245 -0.2900
vn 0.9287 -0.2319 -0.2895
vn 0.9264 -0.2416 -0.2888
vn 0.9234 -0.2538 -0.2878
vn 0.9195 -0.2691 -0.2866
vn 0.9143 -0.2879 -0.2850
vn 0.9073 -0.3112 -0.2828
vn 0.8979 -0.3398 -0.2799
vn 0.8849 -0.3754 -0.2758
vn 0.8666 -0.4197 -0.2701
vn 0.8399 -0.4754 -0.2618
vn 0.8001 -0.5456 -0.2494
vn 0.9548 -0.2148 -0.2057
vn 0.9540 -0.2183 -0.2055
vn 0.9528 -0.2236 -0.2053
vn 0.9511 -0.2310 -0.2049
vn 0.9489 -0.2406 -0.2044
vn 0.9458 -0.2528 -0.2038
vn 0.9418 -0.2680 -0.2029
vn 0.9365 -0.2868 -0.2018
vn 0.9294 -0.3100 -0.2002
vn 0.9198 -0.3385 -0.1982
vn 0.9066 -0.3740 -0.1953
vn 0.8880 -0.4182 -0.1913
vn 0.8609 -0.4738 -0.1855
vn 0.8203 -0.5439 -0.1767
vn 0.9691 -0.2142 -0.1226
vn 0.9683 -0.2176 -0.1225
vn 0.9671 -0.2230 -0.1224
vn 0.9654 -0.2303 -0.1222
vn 0.9631 -0.2399 -0.1219
vn 0.9600 -0.2521 -0.1215
vn 0.9560 -0.2673 -0.1210
vn 0.9506 -0.2860 -0.1203
vn 0.9435 -0.3091 -0.1194
vn 0.9338 -0.3376 -0.1182
vn 0.9205 -0.3730 -0.1165
vn 0.9016 -0.4172 -0.1141
vn 0.8743 -0.4727 -0.1106
vn 0.8332 -0.5428 -0.1054
vn 0.9760 -0.2139 -0.0407
vn 0.9753 -0.2173 -0.0407
vn 0.9741 -0.2226 -0.0407
vn 0.9723 -0.2300 -0.0406
vn 0.9700 -0.2396 -0.0405
vn 0.9670 -0.2517 -0.0404
vn 0.9629 -0.2669 -0.0402
vn 0.9575 -0.2856 -0.0400
vn 0.9503 -0.3087 -0.0397
vn 0.9406 -0.3372 -0.0393
vn 0.9272 -0.3725 -0.0387
vn 0.9083 -0.4166 -0.0379
vn 0.8808 -0.4721 -0.0368
vn 0.8395 -0.5422 -0.0350
vn 0.9760 -0.2139 0.0407
vn 0.9753 -0.2173 0.0407
vn 0.9741 -0.2226 0.0407
vn 0.9723 -0.2300 0.0406
vn 0.9700 -0.2396 0.0405
vn 0.9670 -0.2517 0.0404
vn 0.9629 -0.2669 0.0402
vn 0.9575 -0.2856 0.0400
vn 0.9503 -0.3087 0.0397
vn 0.9406 -0.3372 0.0393
vn 0.9272 -0.3725 0.0387
vn 0.9083 -0.4166 0.0379
vn 0.8808 -0.4721 0.0368
vn 0.8395 -0.5422 0.0350
vn 0.9691 -0.2142 0.1226
vn 0.9683 -0.2176 0.1225
vn 0.9671 -0.2230 0.1224
vn 0.9654 -0.2303 0.1222
vn 0.9631 -0.2399 0.1219
vn 0.9600 -0.2521 0.1215
vn 0.9560 -0.2673 0.1210
vn 0.9506 -0.2860 0.1203
vn 0.9435 -0.3091 0.1194
vn 0.9338 -0.3376 0.1182
vn 0.9205 -0.3730 0.1165
vn 0.9016 -0.4172 0.1141
vn 0.8743 -0.4727 0.1106
vn 0.8332 -0.5428 0.1054
vn 0.9548 -0.2148 0.2057
vn 0.9540 -0.2183 0.2055
vn 0.9528 -0.2236 0.2053
vn 0.9511 -0.2310 0.2049
vn 0.9489 -0.2406 0.2044
vn 0.9458 -0.2528 0.2038
vn 0.9418 -0.2680 0.2029
vn 0.9365 -0.2868 0.2018
vn 0.9294 -0.3100 0.2002
vn 0.9198 -0.3385 0.1982
vn 0.9066 -0.3740 0.1953
vn 0.8880 -0.4182 0.1913
vn 0.8609 -0.4738 0.1855
vn 0.8203 -0.5439 0.1767
vn 0.9322 -0.2157 0.2906
vn 0.9315 -0.2191 0.2903
vn 0.9303 -0.2245 0.2900
vn 0.9287 -0.2319 0.2895
vn 0.9264 -0.2416 0.2888
vn 0.9234 -0.2538 0.2878
vn 0.9195 -0.2691 0.2866
vn 0.9143 -0.2879 0.2850
vn 0.9073 -0.3112 0.2828
vn 0.8979 -0.3398 0.2799
vn 0.8849 -0.3754 0.2758
vn 0.8666 -0.4197 0.2701
vn 0.8399 -0.4754 0.2618
vn 0.8001 -0.5456 0.2494
vn 0.9003 -0.2167 0.3776
vn 0.8995 -0.2202 0.3773
vn 0.8984 -0.2256 0.3768
vn 0.8968 -0.2330 0.3761
vn 0.8946 -0.2427 0.3752
vn 0.8917 -0.2550 0.3740
vn 0.8878 -0.2703 0.3724
vn 0.8827 -0.2893 0.3702
vn 0.8760 -0.3126 0.3674
vn 0.8668 -0.3414 0.3635
vn 0.8541 -0.3770 0.3582
vn 0.8363 -0.4215 0.3507
vn 0.8104 -0.4772 0.3399
vn 0.7717 -0.5475 0.3237
vn 0.8572 -0.2178 0.4666
vn 0.8565 -0.2213 0.4662
vn 0.8554 -0.2268 0.4656
vn 0.8539 -0.2342 0.4648
vn 0.8518 -0.2440 0.4636
vn 0.8490 -0.2563 0.4621
vn 0.8453 -0.2717 0.4601
vn 0.8404 -0.2907 0.4574
vn 0.8339 -0.3141 0.4539
vn 0.8250 -0.3430 0.4491
vn 0.8129 -0.3788 0.4425
vn 0.7957 -0.4233 0.4331
vn 0.7709 -0.4792 0.4196
vn 0.7338 -0.5496 0.3994
vn 0.8013 -0.2188 0.5568
vn 0.8006 -0.2224 0.5564
vn 0.7996 -0.2278 0.5556
vn 0.7981 -0.2353 0.5546
vn 0.7962 -0.2451 0.5532
vn 0.7935 -0.2575 0.5514
vn 0.7900 -0.2729 0.5490
vn 0.7854 -0.2920 0.5458
vn 0.7793 -0.3155 0.5415
vn 0.7710 -0.3444 0.5357
vn 0.7595 -0.3803 0.5278
vn 0.7434 -0.4250 0.5165
vn 0.7200 -0.4810 0.5003
vn 0.6851 -0.5514 0.4760
vn 0.7311 -0.2177 -0.6466
vn 0.7308 -0.2194 -0.6464
vn 0.7302 -0.2230 -0.6458
vn 0.7292 -0.2284 -0.6450
vn 0.7279 -0.2360 -0.6438
vn 0.7261 -0.2458 -0.6422
vn 0.7236 -0.2582 -0.6401
vn 0.7204 -0.2737 -0.6372
vn 0.7162 -0.2928 -0.6335
vn 0.7106 -0.3163 -0.6285
vn 0.7029 -0.3454 -0.6218
vn 0.6924 -0.3813 -0.6125
vn 0.6777 -0.4260 -0.5994
vn 0.6562 -0.4821 -0.5805
vn 0.6243 -0.5526 -0.5522
vn 0.5752 -0.6405 -0.5088
vn 0.6315 -0.6393 -0.4388
vn 0.6767 -0.6375 -0.3683
vn 0.7120 -0.6355 -0.2986
vn 0.7387 -0.6335 -0.2302
vn 0.7576 -0.6319 -0.1632
vn 0.7698 -0.6308 -0.0974
vn 0.7758 -0.6302 -0.0324
vn 0.7758 -0.6302 0.0324
vn 0.7698 -0.6308 0.0974
vn 0.7576 -0.6319 0.1632
vn 0.7387 -0.6335 0.2302
vn 0.7120 -0.6355 0.2986
vn 0.6767 -0.6375 0.3683
vn 0.6315 -0.6393 0.4388
vn 0.5752 -0.6405 0.5088
vn 0.6243 -0.5526 0.5522
vn 0.6562 -0.4821 0.5805
vn 0.6777 -0.4260 0.5994
vn 0.6924 -0.3813 0.6125
vn 0.7029 -0.3454 0.6218
vn 0.7106 -0.3163 0.6285
vn 0.7162 -0.2928 0.6335
vn 0.7204 -0.2737 0.6372
vn 0.7236 -0.2582 0.6401
vn 0.7261 -0.2458 0.6422
vn 0.7279 -0.2360 0.6438
vn 0.7292 -0.2284 0.6450
vn 0.7302 -0.2230 0.6458
vn 0.7308 -0.2194 0.6464
vn 0.7311 -0.2177 0.6466
vn 0.8016 -0.2171 0.5570
vn 0.8576 -0.2161 0.4668
vn 0.9006 -0.2150 0.3777
vn 0.9326 -0.2139 0.2907
vn 0.9551 -0.2131 0.2058
vn 0.9694 -0.2125 0.1227
vn 0.9764 -0.2121 0.0408
vn 0.9764 -0.2121 -0.0408
vn 0.9694 -0.2125 -0.1227
vn 0.9551 -0.2131 -0.2058
vn 0.9326 -0.2139 -0.2907
vn 0.9006 -0.2150 -0.3777
vn 0.8576 -0.2161 -0.4668
vn 0.8016 -0.2171 -0.5570
vn -0.8013 -0.2188 0.5568
vn -0.8006 -0.2224 0.5564
vn -0.7996 -0.2278 0.5556
vn -0.7981 -0.2353 0.5546
vn -0.7962 -0.2451 0.5532
vn -0.7935 -0.2575 0.5514
vn -0.7900 -0.2729 0.5490
vn -0.7854 -0.2920 0.5458
vn -0.7793 -0.3155 0.5415
vn -0.7710 -0.3444 0.5357
vn -0.7595 -0.3803 0.5278
vn -0.7433 -0.4250 0.5165
vn -0.7200 -0.4810 0.5003
vn -0.6851 -0.5514 0.4760
vn -0.8572 -0.2178 0.4666
vn -0.8565 -0.2213 0.4662
vn -0.8554 -0.2268 0.4656
vn -0.8539 -0.2342 0.4648
vn -0.8518 -0.2440 0.4636
vn -0.8490 -0.2563 0.4621
vn -0.8453 -0.2717 0.4601
vn -0.8404 -0.2907 0.4574
vn -0.8339 -0.3141 0.4539
vn -0.8250 -0.3430 0.4491
vn -0.8129 -0.3788 0.4425
vn -0.7957 -0.4233 0.4331
vn -0.7709 -0.4792 0.4196
vn -0.7338 -0.5496 0.3994
vn -0.9003 -0.2167 0.3776
vn -0.8995 -0.2202 0.3773
vn -0.8984 -0.2256 0.3768
vn -0.8968 -0.2330 0.3761
vn -0.8946 -0.2427 0.3752
vn -0.8917 -0.2550 0.3740
vn -0.8878 -0.2703 0.3724
vn -0.8827 -0.2893 0.3702
vn -0.8760 -0.3126 0.3674
vn -0.8668 -0.3414 0.3635
vn -0.8541 -0.3770 0.3582
vn -0.8363 -0.4215 0.3507
vn -0.8104 -0.4772 0.3399
vn -0.7717 -0.5475 0.3236
vn -0.9322 -0.2157 0.2906
vn -0.9315 -0.2191 0.2903
vn -0.9303 -0.2245 0.2900
vn -0.9287 -0.2319 0.2895
vn -0.9264 -0.2416 0.2888
vn -0.9234 -0.2538 0.2878
vn -0.9195 -0.2691 0.2866
vn -0.9143 -0.2879 0.2850
vn -0.9073 -0.3112 0.2828
vn -0.8979 -0.3398 0.2799
vn -0.8849 -0.3754 0.2758
vn -0.8666 -0.4197 0.2701
vn -0.8399 -0.4754 0.2618
vn -0.8001 -0.5456 0.2494
vn -0.9548 -0.2148 0.2057
vn -0.9540 -0.2183 0.2055
vn -0.9528 -0.2236 0.2053
vn -0.9511 -0.2310 0.2049
vn -0.9489 -0.2406 0.2044
vn -0.9458 -0.2528 0.2038
vn -0.9418 -0.2680 0.2029
vn -0.9365 -0.2868 0.2018
vn -0.9294 -0.3100 0.2002
vn -0.9198 -0.3385 0.1982
vn -0.9066 -0.3740 0.1953
vn -0.8880 -0.4182 0.1913
vn -0.8609 -0.4738 0.1855
vn -0.8203 -0.5439 0.1767
vn -0.9691 -0.2142 0.1226
vn -0.9683 -0.2176 0.1225
vn -0.9671 -0.2230 0.1224
vn -0.9654 -0.2303 0.1222
vn -0.9631 -0.2399 0.1219
vn -0.9600 -0.2521 0.1215
vn -0.9560 -0.2673 0.1210
vn -0.9506 -0.2860 0.1203
vn -0.9435 -0.3091 0.1194
vn -0.9338 -0.3376 0.1182
vn -0.9205 -0.3730 0.1165
vn -0.9016 -0.4172 0.1141
vn -0.8743 -0.4727 0.1106
vn -0.8332 -0.5428 0.1054
vn -0.9760 -0.2139 0.0407
vn -0.9753 -0.2173 0.0407
vn -0.9741 -0.2226 0.0407
vn -0.9723 -0.2300 0.0406
vn -0.9700 -0.2396 0.0405
vn -0.9670 -0.2517 0.0404
vn -0.9629 -0.2669 0.0402
vn -0.9575 -0.2856 0.0400
vn -0.9503 -0.3087 0.0397
vn -0.9406 -0.3372 0.0393
vn -0.9272 -0.3725 0.0387
vn -0.9083 -0.4166 0.0379
vn -0.8808 -0.4721 0.0368
vn -0.8395 -0.5422 0.0350
vn -0.9760 -0.2139 -0.0407
vn -0.9753 -0.2173 -0.0407
vn -0.9741 -0.2226 -0.0407
vn -0.9723 -0.2300 -0.0406
vn -0.9700 -0.2396 -0.0405
vn -0.9670 -0.2517 -0.0404
vn -0.9629 -0.2669 -0.0402
vn -0.9575 -0.2856 -0.0400
vn -0.9503 -0.3087 -0.0397
vn -0.9406 -0.3372 -0.0393
vn -0.9272 -0.3725 -0.0387
vn -0.9083 -0.4166 -0.0379
vn -0.8808 -0.4721 -0.0368
vn -0.8395 -0.5422 -0.0350
vn -0.9691 -0.2142 -0.1226
vn -0.9683 -0.2176 -0.1225
vn -0.9671 -0.2230 -0.1224
vn -0.9654 -0.2303 -0.1222
vn -0.9631 -0.2399 -0.1219
vn -0.9600 -0.2521 -0.1215
vn -0.9560 -0.2673 -0.1210
vn -0.9506 -0.2860 -0.1203
vn -0.9435 -0.3091 -0.1194
vn -0.9338 -0.3376 -0.1182
vn -0.9205 -0.3730 -0.1165
vn -0.9016 -0.4172 -0.1141
vn -0.8743 -0.4727 -0.1106
vn -0.8332 -0.5428 -0.1054
vn -0.9548 -0.2148 -0.2057
vn -0.9540 -0.2183 -0.2055
vn -0.9528 -0.2236 -0.2053
vn -0.9511 -0.2310 -0.2049
vn -0.9489 -0.2406 -0.2044
vn -0.9458 -0.2528 -0.2038
vn -0.9418 -0.2680 -0.2029
vn -0.9365 -0.2868 -0.2018
vn -0.9294 -0.3100 -0.2002
vn -0.9198 -0.3385 -0.1982
vn -0.9066 -0.3740 -0.1953
vn -0.8880 -0.4182 -0.1913
vn -0.8609 -0.4738 -0.1855
vn -0.8203 -0.5439 -0.1767
vn -0.9322 -0.2157 -0.2906
vn -0.9315 -0.2191 -0.2903
vn -0.9303 -0.2245 -0.2900
vn -0.9287 -0.2319 -0.2895
vn -0.9264 -0.2416 -0.2888
vn -0.9234 -0.2538 -0.2878
vn -0.9195 -0.2691 -0.2866
vn -0.9143 -0.2879 -0.2850
vn -0.9073 -0.3112 -0.2828
vn -0.8979 -0.3398 -0.2799
vn -0.8849 -0.3754 -0.2758
vn -0.8666 -0.4197 -0.2701
vn -0.8399 -0.4754 -0.2618
vn -0.8001 -0.5456 -0.2494
vn -0.9003 -0.2167 -0.3776
vn -0.8995 -0.2202 -0.3773
vn -0.8984 -0.2256 -0.3768
vn -0.8968 -0.2330 -0.3761
vn -0.8946 -0.2427 -0.3752
vn -0.8917 -0.2550 -0.3740
vn -0.8878 -0.2703 -0.3724
vn -0.8827 -0.2893 -0.3702
vn -0.8760 -0.3126 -0.3674
vn -0.8668 -0.3414 -0.3635
vn -0.8541 -0.3770 -0.3582
vn -0.8363 -0.4215 -0.3507
vn -0.8104 -0.4772 -0.3399
vn -0.7717 -0.5475 -0.3236
vn -0.8572 -0.2178 -0.4666
vn -0.8565 -0.2213 -0.4662
vn -0.8554 -0.2268 -0.4656
vn -0.8539 -0.2342 -0.4648
vn -0.8518 -0.2440 -0.4636
vn -0.8490 -0.2563 -0.4621
vn -0.8453 -0.2717 -0.4601
vn -0.8404 -0.2907 -0.4574
vn -0.8339 -0.3141 -0.4539
vn -0.8250 -0.3430 -0.4491
vn -0.8129 -0.3788 -0.4425
vn -0.7957 -0.4233 -0.4331
vn -0.7709 -0.4792 -0.4196
vn -0.7338 -0.5496 -0.3994
vn -0.8013 -0.2188 -0.5568
vn -0.8006 -0.2224 -0.5564
vn -0.7996 -0.2278 -0.5556
vn -0.7981 -0.2353 -0.5546
vn -0.7962 -0.2451 -0.5532
vn -0.7935 -0.2575 -0.5514
vn -0.7900 -0.2729 -0.5490
vn -0.7854 -0.2920 -0.5458
vn -0.7793 -0.3155 -0.5415
vn -0.7710 -0.3444 -0.5357
vn -0.7595 -0.3803 -0.5278
vn -0.7434 -0.4250 -0.5165
vn -0.7200 -0.4810 -0.5003
vn -0.6851 -0.5514 -0.4760
vn -0.7311 -0.2177 0.6466
vn -0.7308 -0.2194 0.6464
vn -0.7302 -0.2230 0.6458
vn -0.7292 -0.2284 0.6450
vn -0.7279 -0.2360 0.6438
vn -0.7261 -0.2458 0.6422
vn -0.7236 -0.2582 0.6401
vn -0.7204 -0.2737 0.6372
vn -0.7162 -0.2928 0.6335
vn -0.7106 -0.3163 0.6285
vn -0.7029 -0.3454 0.6218
vn -0.6924 -0.3813 0.6125
vn -0.6777 -0.4260 0.5994
vn -0.6562 -0.4821 0.5804
vn -0.6243 -0.5526 0.5522
vn -0.5752 -0.6405 0.5088
vn -0.6314 -0.6393 0.4388
vn -0.6767 -0.6375 0.3683
vn -0.7120 -0.6355 0.2986
vn -0.7387 -0.6335 0.2302
vn -0.7576 -0.6319 0.1632
vn -0.7698 -0.6308 0.0974
vn -0.7758 -0.6302 0.0324
vn -0.7758 -0.6302 -0.0324
vn -0.7698 -0.6308 -0.0974
vn -0.7576 -0.6319 -0.1632
vn -0.7387 -0.6335 -0.2302
vn -0.7120 -0.6355 -0.2986
vn -0.6767 -0.6375 -0.3683
vn -0.6315 -0.6393 -0.4388
vn -0.5752 -0.6405 -0.5088
vn -0.6243 -0.5526 -0.5522
vn -0.6562 -0.4821 -0.5804
vn -0.6777 -0.4260 -0.5994
vn -0.6924 -0.3813 -0.6125
vn -0.7029 -0.3454 -0.6218
vn -0.7106 -0.3163 -0.6285
vn -0.7162 -0.2928 -0.6335
vn -0.7204 -0.2737 -0.6372
vn -0.7236 -0.2582 -0.6401
vn -0.7261 -0.2458 -0.6422
vn -0.7279 -0.2360 -0.6438
vn -0.7292 -0.2284 -0.6450
vn -0.7302 -0.2230 -0.6458
vn -0.7308 -0.2194 -0.6464
vn -0.7311 -0.2177 -0.6466
vn -0.8016 -0.2171 -0.5570
vn -0.8576 -0.2161 -0.4668
vn -0.9006 -0.2150 -0.3777
vn -0.9326 -0.2139 -0.2907
vn -0.9551 -0.2131 -0.2058
vn -0.9694 -0.2125 -0.1227
vn -0.9764 -0.2121 -0.0408
vn -0.9764 -0.2121 0.0408
vn -0.9694 -0.2125 0.1227
vn -0.9551 -0.2131 0.2058
vn -0.9326 -0.2139 0.2907
vn -0.9006 -0.2150 0.3777
vn -0.8576 -0.2161 0.4668
vn -0.8016 -0.2171 0.5570
vn 0.5568 -0.2188 0.8013
vn 0.5564 -0.2224 0.8006
vn 0.5556 -0.2278 0.7996
vn 0.5546 -0.2353 0.7982
vn 0.5532 -0.2451 0.7962
vn 0.5514 -0.2575 0.7935
vn 0.5490 -0.2729 0.7900
vn 0.5458 -0.2920 0.7854
vn 0.5415 -0.3155 0.7793
vn 0.5357 -0.3444 0.7710
vn 0.5278 -0.3803 0.7595
vn 0.5165 -0.4250 0.7434
vn 0.5003 -0.4810 0.7200
vn 0.4760 -0.5514 0.6851
vn 0.4666 -0.2178 0.8572
vn 0.4662 -0.2213 0.8565
vn 0.4656 -0.2268 0.8554
vn 0.4648 -0.2342 0.8539
vn 0.4636 -0.2440 0.8518
vn 0.4621 -0.2563 0.8490
vn 0.4601 -0.2717 0.8453
vn 0.4574 -0.2907 0.8404
vn 0.4539 -0.3141 0.8339
vn 0.4491 -0.3430 0.8250
vn 0.4425 -0.3788 0.8129
vn 0.4331 -0.4233 0.7957
vn 0.4196 -0.4792 0.7709
vn 0.3994 -0.5496 0.7338
vn 0.3776 -0.2167 0.9003
vn 0.3773 -0.2202 0.8995
vn 0.3768 -0.2256 0.8984
vn 0.3761 -0.2330 0.8968
vn 0.3752 -0.2427 0.8946
vn 0.3740 -0.2550 0.8917
vn 0.3724 -0.2703 0.8878
vn 0.3702 -0.2893 0.8827
vn 0.3674 -0.3126 0.8760
vn 0.3635 -0.3414 0.8668
vn 0.3582 -0.3770 0.8541
vn 0.3507 -0.4215 0.8363
vn 0.3399 -0.4772 0.8104
vn 0.3237 -0.5475 0.7717
vn 0.2906 -0.2157 0.9322
vn 0.2903 -0.2191 0.9315
vn 0.2900 -0.2245 0.9303
vn 0.2895 -0.2319 0.9287
vn 0.2888 -0.2416 0.9264
vn 0.2878 -0.2538 0.9234
vn 0.2866 -0.2691 0.9195
vn 0.2850 -0.2879 0.9143
vn 0.2828 -0.3112 0.9073
vn 0.2799 -0.3398 0.8979
vn 0.2758 -0.3754 0.8849
vn 0.2701 -0.4197 0.8666
vn 0.2618 -0.4754 0.8399
vn 0.2494 -0.5456 0.8001
vn 0.2057 -0.2148 0.9548
vn 0.2055 -0.2183 0.9540
vn 0.2053 -0.2236 0.9528
vn 0.2049 -0.2310 0.9511
vn 0.2044 -0.2406 0.9489
vn 0.2038 -0.2528 0.9458
vn 0.2029 -0.2680 0.9418
vn 0.2018 -0.2868 0.9365
vn 0.2002 -0.3100 0.9294
vn 0.1982 -0.3385 0.9198
vn 0.1953 -0.3740 0.9066
vn 0.1913 -0.4182 0.8880
vn 0.1855 -0.4738 0.8609
vn 0.1767 -0.5439 0.8203
vn 0.1226 -0.2142 0.9691
vn 0.1225 -0.2176 0.9683
vn 0.1224 -0.2230 0.9671
vn 0.1222 -0.2303 0.9654
vn 0.1219 -0.2399 0.9631
vn 0.1215 -0.2521 0.9600
vn 0.1210 -0.2673 0.9560
vn 0.1203 -0.2860 0.9506
vn 0.1194 -0.3091 0.9435
vn 0.1182 -0.3376 0.9338
vn 0.1165 -0.3730 0.9205
vn 0.1141 -0.4172 0.9016
vn 0.1106 -0.4727 0.8743
vn 0.1054 -0.5428 0.8332
vn 0.0407 -0.2139 0.9760
vn 0.0407 -0.2173 0.9753
vn 0.0407 -0.2226 0.9741
vn 0.0406 -0.2300 0.9723
vn 0.0405 -0.2396 0.9700
vn 0.0404 -0.2517 0.9670
vn 0.0402 -0.2669 0.9629
vn 0.0400 -0.2856 0.9575
vn 0.0397 -0.3087 0.9503
vn 0.0393 -0.3372 0.9406
vn 0.0387 -0.3725 0.9272
vn 0.0379 -0.4166 0.9083
vn 0.0368 -0.4721 0.8808
vn 0.0350 -0.5422 0.8395
vn -0.0407 -0.2139 0.9760
vn -0.0407 -0.2173 0.9753
vn -0.0407 -0.2226 0.9741
vn -0.0406 -0.2300 0.9723
vn -0.0405 -0.2396 0.9700
vn -0.0404 -0.2517 0.9670
vn -0.0402 -0.2669 0.9629
vn -0.0400 -0.2856 0.9575
vn -0.0397 -0.3087 0.9503
vn -0.0393 -0.3372 0.9406
vn -0.0387 -0.3725 0.9272
vn -0.0379 -0.4166 0.9083
vn -0.0368 -0.4721 0.8808
vn -0.0350 -0.5422 0.8395
vn -0.1226 -0.2142 0.9691
vn -0.1225 -0.2176 0.9683
vn -0.1224 -0.2230 0.9671
vn -0.1222 -0.2303 0.9654
vn -0.1219 -0.2399 0.9631
vn -0.1215 -0.2521 0.9600
vn -0.1210 -0.2673 0.9560
vn -0.1203 -0.2860 0.9506
vn -0.1194 -0.3091 0.9435
vn -0.1182 -0.3376 0.9338
vn -0.1165 -0.3730 0.9205
vn -0.1141 -0.4172 0.9016
vn -0.1106 -0.4727 0.8743
vn -0.1054 -0.5428 0.8332
vn -0.2057 -0.2148 0.9548
vn -0.2055 -0.2183 0.9540
vn -0.2053 -0.2236 0.9528
vn -0.2049 -0.2310 0.9511
vn -0.2044 -0.2406 0.9489
vn -0.2038 -0.2528 0.9458
vn -0.2029 -0.2680 0.9418
vn -0.2018 -0.2868 0.9365
vn -0.2002 -0.3100 0.9294
vn -0.1982 -0.3385 0.9198
vn -0.1953 -0.3740 0.9066
vn -0.1913 -0.4182 0.8880
vn -0.1855 -0.4738 0.8609
vn -0.1767 -0.5439 0.8203
vn -0.2906 -0.2157 0.9322
vn -0.2903 -0.2191 0.9315
vn -0.2900 -0.2245 0.9303
vn -0.2895 -0.2319 0.9287
vn -0.2888 -0.2416 0.9264
vn -0.2878 -0.2538 0.9234
vn -0.2866 -0.2691 0.9195
vn -0.2850 -0.2879 0.9143
vn -0.2828 -0.3112 0.9073
vn -0.2799 -0.3398 0.8979
vn -0.2758 -0.3754 0.8849
vn -0.2701 -0.4197 0.8666
vn -0.2618 -0.4754 0.8399
vn -0.2494 -0.5456 0.8001
vn -0.3776 -0.2167 0.9003
vn -0.3773 -0.2202 0.8995
vn -0.3768 -0.2256 0.8984
vn -0.3761 -0.2330 0.8968
vn -0.3752 -0.2427 0.8946
vn -0.3740 -0.2550 0.8917
vn -0.3724 -0.2703 0.8878
vn -0.3702 -0.2893 0.8827
vn -0.3674 -0.3126 0.8760
vn -0.3635 -0.3414 0.8668
vn -0.3582 -0.3770 0.8541
vn -0.3507 -0.4215 0.8363
vn -0.3399 -0.4772 0.8104
vn -0.3237 -0.5475 0.7717
vn -0.4666 -0.2178 0.8572
vn -0.4662 -0.2213 0.8565
vn -0.4656 -0.2268 0.8554
vn -0.4648 -0.2342 0.8539
vn -0.4636 -0.2440 0.8518
vn -0.4621 -0.2563 0.8490
vn -0.4601 -0.2717 0.8453
vn -0.4574 -0.2907 0.8404
vn -0.4539 -0.3141 0.8339
vn -0.4491 -0.3430 0.8250
vn -0.4425 -0.3788 0.8129
vn -0.4331 -0.4233 0.7957
vn -0.4196 -0.4792 0.7709
vn -0.3994 -0.5496 0.7338
vn -0.5568 -0.2188 0.8013
vn -0.5564 -0.2224 0.8006
vn -0.5556 -0.2278 0.7996
vn -0.5546 -0.2353 0.7982
vn -0.5532 -0.2451 0.7962
vn -0.5514 -0.2575 0.7935
vn -0.5490 -0.2729 0.7900
vn -0.5458 -0.2920 0.7854
vn -0.5415 -0.3155 0.7793
vn -0.5357 -0.3444 0.7710
vn -0.5278 -0.3803 0.7595
vn -0.5165 -0.4250 0.7434
vn -0.5003 -0.4810 0.7200
vn -0.4760 -0.5514 0.6851
vn 0.6466 -0.2177 0.7311
vn 0.6464 -0.2194 0.7308
vn 0.6459 -0.2230 0.7302
vn 0.6450 -0.2284 0.7292
vn 0.6438 -0.2360 0.7279
vn 0.6422 -0.2458 0.7261
vn 0.6401 -0.2582 0.7236
vn 0.6372 -0.2737 0.7204
vn 0.6335 -0.2928 0.7162
vn 0.6285 -0.3163 0.7106
vn 0.6218 -0.3454 0.7029
vn 0.6125 -0.3813 0.6924
vn 0.5994 -0.4260 0.6777
vn 0.5804 -0.4821 0.6562
vn 0.5522 -0.5526 0.6243
vn 0.5088 -0.6405 0.5752
vn 0.4388 -0.6393 0.6315
vn 0.3683 -0.6375 0.6767
vn 0.2986 -0.6355 0.7120
vn 0.2302 -0.6335 0.7387
vn 0.1632 -0.6319 0.7576
vn 0.0974 -0.6308 0.7698
vn 0.0324 -0.6302 0.7758
vn -0.0324 -0.6302 0.7758
vn -0.0974 -0.6308 0.7698
vn -0.1632 -0.6319 0.7576
vn -0.2302 -0.6335 0.7387
vn -0.2986 -0.6355 0.7120
vn -0.3683 -0.6375 0.6767
vn -0.4388 -0.6393 0.6314
vn -0.5088 -0.6405 0.5752
vn -0.5522 -0.5526 0.6243
vn -0.5804 -0.4821 0.6562
vn -0.5994 -0.4260 0.6777
vn -0.6125 -0.3813 0.6924
vn -0.6218 -0.3454 0.7029
vn -0.6285 -0.3163 0.7106
vn -0.6335 -0.2928 0.7162
vn -0.6372 -0.2737 0.7204
vn -0.6401 -0.2582 0.7236
vn -0.6422 -0.2458 0.7261
vn -0.6438 -0.2360 0.7279
vn -0.6450 -0.2284 0.7292
vn -0.6458 -0.2230 0.7302
vn -0.6464 -0.2194 0.7308
vn -0.6466 -0.2177 0.7311
vn -0.5570 -0.2171 0.8016
vn -0.4668 -0.2161 0.8576
vn -0.3777 -0.2150 0.9006
vn -0.2907 -0.2139 0.9326
vn -0.2058 -0.2131 0.9551
vn -0.1227 -0.2125 0.9694
vn -0.0408 -0.2121 0.9764
vn 0.0408 -0.2121 0.9764
vn 0.1227 -0.2125 0.9694
vn 0.2058 -0.2131 0.9551
vn 0.2907 -0.2139 0.9326
vn 0.3777 -0.2150 0.9006
vn 0.4668 -0.2161 0.8576
vn 0.5570 -0.2171 0.8016
vn -0.3042 -0.8460 -0.4378
vn -0.2087 -0.9307 -0.3003
vn -0.1035 -0.9834 -0.1490
vn -0.0009 -1.0000 -0.0012
vn 0.0895 -0.9876 0.1288
vn 0.1633 -0.9582 0.2351
vn 0.2211 -0.9219 0.3182
vn 0.2652 -0.8854 0.3817
vn 0.2986 -0.8521 0.4297
vn 0.3237 -0.8236 0.4658
vn 0.3423 -0.8001 0.4926
vn 0.3558 -0.7817 0.5121
vn 0.3653 -0.7682 0.5257
vn 0.3713 -0.7594 0.5343
vn -0.2558 -0.8449 -0.4699
vn -0.1755 -0.9302 -0.3225
vn -0.0871 -0.9833 -0.1601
vn -0.0007 -1.0000 -0.0013
vn 0.0753 -0.9875 0.1384
vn 0.1375 -0.9578 0.2525
vn 0.1860 -0.9212 0.3417
vn 0.2231 -0.8845 0.4098
vn 0.2511 -0.8510 0.4612
vn 0.2721 -0.8223 0.4998
vn 0.2877 -0.7987 0.5285
vn 0.2990 -0.7803 0.5493
vn 0.3069 -0.7667 0.5638
vn 0.3119 -0.7579 0.5730
vn -0.2077 -0.8436 -0.4952
vn -0.1427 -0.9295 -0.3402
vn -0.0709 -0.9831 -0.1689
vn -0.0006 -1.0000 -0.0014
vn 0.0613 -0.9874 0.1461
vn 0.1118 -0.9573 0.2665
vn 0.1512 -0.9205 0.3604
vn 0.1812 -0.8834 0.4321
vn 0.2039 -0.8498 0.4861
vn 0.2209 -0.8209 0.5267
vn 0.2335 -0.7972 0.5568
vn 0.2427 -0.7786 0.5786
vn 0.2491 -0.7650 0.5939
vn 0.2531 -0.7561 0.6035
vn -0.1604 -0.8423 -0.5146
vn -0.1103 -0.9288 -0.3537
vn -0.0548 -0.9829 -0.1758
vn -0.0005 -1.0000 -0.0015
vn 0.0474 -0.9872 0.1520
vn 0.0864 -0.9569 0.2772
vn 0.1168 -0.9197 0.3747
vn 0.1400 -0.8824 0.4491
vn 0.1575 -0.8485 0.5052
vn 0.1705 -0.8195 0.5471
vn 0.1802 -0.7957 0.5783
vn 0.1873 -0.7771 0.6009
vn 0.1922 -0.7634 0.6167
vn 0.1953 -0.7545 0.6266
vn -0.1139 -0.8413 -0.5285
vn -0.0783 -0.9283 -0.3635
vn -0.0389 -0.9828 -0.1807
vn -0.0003 -1.0000 -0.0015
vn 0.0337 -0.9871 0.1563
vn 0.0614 -0.9566 0.2849
vn 0.0830 -0.9191 0.3851
vn 0.0994 -0.8816 0.4614
vn 0.1118 -0.8475 0.5188
vn 0.1210 -0.8183 0.5618
vn 0.1279 -0.7944 0.5937
vn 0.1329 -0.7758 0.6169
vn 0.1364 -0.7620 0.6330
vn 0.1386 -0.7531 0.6432
vn -0.0680 -0.8405 -0.5375
vn -0.0468 -0.9279 -0.3699
vn -0.0233 -0.9827 -0.1839
vn -0.0002 -1.0000 -0.0015
vn 0.0201 -0.9871 0.1590
vn 0.0367 -0.9563 0.2899
vn 0.0496 -0.9187 0.3918
vn 0.0594 -0.8810 0.4693
vn 0.0668 -0.8468 0.5277
vn 0.0723 -0.8175 0.5713
vn 0.0764 -0.7936 0.6037
vn 0.0794 -0.7748 0.6272
vn 0.0814 -0.7611 0.6435
vn 0.0827 -0.7521 0.6538
vn -0.0226 -0.8402 -0.5419
vn -0.0156 -0.9277 -0.3730
vn -0.0077 -0.9826 -0.1855
vn -0.0001 -1.0000 -0.0015
vn 0.0067 -0.9870 0.1604
vn 0.0122 -0.9562 0.2924
vn 0.0165 -0.9185 0.3951
vn 0.0198 -0.8807 0.4732
vn 0.0222 -0.8464 0.5320
vn 0.0240 -0.8171 0.5760
vn 0.0254 -0.7931 0.6086
vn 0.0264 -0.7743 0.6322
vn 0.0271 -0.7606 0.6487
vn 0.0275 -0.7516 0.6591
vn 0.0226 -0.8401 -0.5419
vn 0.0156 -0.9277 -0.3730
vn 0.0077 -0.9826 -0.1855
vn 0.0001 -1.0000 -0.0015
vn -0.0067 -0.9870 0.1604
vn -0.0122 -0.9562 0.2924
vn -0.0165 -0.9185 0.3951
vn -0.0198 -0.8807 0.4732
vn -0.0222 -0.8464 0.5320
vn -0.0240 -0.8171 0.5760
vn -0.0254 -0.7931 0.6086
vn -0.0264 -0.7743 0.6322
vn -0.0271 -0.7606 0.6487
vn -0.0275 -0.7516 0.6591
vn 0.0680 -0.8405 -0.5375
vn 0.0468 -0.9279 -0.3699
vn 0.0233 -0.9827 -0.1839
vn 0.0002 -1.0000 -0.0015
vn -0.0201 -0.9871 0.1590
vn -0.0367 -0.9563 0.2899
vn -0.0496 -0.9187 0.3918
vn -0.0594 -0.8810 0.4693
vn -0.0668 -0.8468 0.5277
vn -0.0723 -0.8175 0.5713
vn -0.0764 -0.7936 0.6037
vn -0.0794 -0.7748 0.6272
vn -0.0814 -0.7611 0.6435
vn -0.0827 -0.7521 0.6538
vn 0.1139 -0.8413 -0.5285
vn 0.0783 -0.9283 -0.3635
vn 0.0389 -0.9828 -0.1807
vn 0.0003 -1.0000 -0.0015
vn -0.0337 -0.9871 0.1563
vn -0.0614 -0.9566 0.2849
vn -0.0830 -0.9191 0.3851
vn -0.0994 -0.8816 0.4614
vn -0.1118 -0.8475 0.5188
vn -0.1210 -0.8183 0.5618
vn -0.1279 -0.7944 0.5937
vn -0.1329 -0.7758 0.6169
vn -0.1364 -0.7620 0.6330
vn -0.1386 -0.7531 0.6432
vn 0.1604 -0.8423 -0.5146
vn 0.1103 -0.9288 -0.3537
vn 0.0548 -0.9829 -0.1758
vn 0.0005 -1.0000 -0.0015
vn -0.0474 -0.9872 0.1520
vn -0.0864 -0.9569 0.2772
vn -0.1168 -0.9197 0.3747
vn -0.1400 -0.8824 0.4491
vn -0.1575 -0.8485 0.5052
vn -0.1705 -0.8195 0.5471
vn -0.1802 -0.7957 0.5783
vn -0.1873 -0.7771 0.6009
vn -0.1922 -0.7634 0.6167
vn -0.1953 -0.7545 0.6266
vn 0.2077 -0.8436 -0.4952
vn 0.1427 -0.9295 -0.3402
vn 0.0709 -0.9831 -0.1689
vn 0.0006 -1.0000 -0.0014
vn -0.0613 -0.9874 0.1461
vn -0.1118 -0.9573 0.2665
vn -0.1512 -0.9205 0.3604
vn -0.1812 -0.8834 0.4321
vn -0.2039 -0.8498 0.4861
vn -0.2209 -0.8209 0.5267
vn -0.2335 -0.7972 0.5568
vn -0.2427 -0.7786 0.5786
vn -0.2491 -0.7650 0.5939
vn -0.2531 -0.7561 0.6035
vn 0.2558 -0.8449 -0.4699
vn 0.1755 -0.9302 -0.3225
vn 0.0871 -0.9833 -0.1601
vn 0.0007 -1.0000 -0.0013
vn -0.0753 -0.9875 0.1384
vn -0.1375 -0.9578 0.2525
vn -0.1860 -0.9212 0.3417
vn -0.2231 -0.8845 0.4098
vn -0.2511 -0.8510 0.4612
vn -0.2721 -0.8223 0.4998
vn -0.2877 -0.7987 0.5285
vn -0.2990 -0.7803 0.5493
vn -0.3069 -0.7667 0.5638
vn -0.3119 -0.7579 0.5730
vn 0.3042 -0.8460 -0.4378
vn 0.2087 -0.9308 -0.3003
vn 0.1035 -0.9834 -0.1490
vn 0.0009 -1.0000 -0.0012
vn -0.0895 -0.9876 0.1288
vn -0.1633 -0.9582 0.2351
vn -0.2211 -0.9219 0.3182
vn -0.2652 -0.8854 0.3817
vn -0.2986 -0.8521 0.4297
vn -0.3237 -0.8236 0.4658
vn -0.3423 -0.8001 0.4926
vn -0.3558 -0.7817 0.5121
vn -0.3653 -0.7682 0.5257
vn -0.3713 -0.7594 0.5343
vn -0.4426 -0.7441 -0.5004
vn -0.3525 -0.8468 -0.3985
vn -0.2416 -0.9311 -0.2732
vn -0.1198 -0.9835 -0.1355
vn -0.0010 -1.0000 -0.0011
vn 0.1036 -0.9877 0.1171
vn 0.1891 -0.9584 0.2138
vn 0.2561 -0.9223 0.2895
vn 0.3072 -0.8860 0.3473
vn 0.3459 -0.8529 0.3911
vn 0.3750 -0.8244 0.4240
vn 0.3966 -0.8010 0.4484
vn 0.4124 -0.7827 0.4662
vn 0.4234 -0.7692 0.4786
vn 0.4303 -0.7604 0.4865
vn 0.4337 -0.7560 0.4903
vn 0.3742 -0.7550 0.5385
vn 0.3143 -0.7535 0.5775
vn 0.2551 -0.7517 0.6082
vn 0.1968 -0.7500 0.6314
vn 0.1396 -0.7486 0.6481
vn 0.0834 -0.7476 0.6589
vn 0.0277 -0.7471 0.6641
vn -0.0277 -0.7471 0.6641
vn -0.0834 -0.7476 0.6588
vn -0.1396 -0.7486 0.6481
vn -0.1968 -0.7500 0.6314
vn -0.2551 -0.7517 0.6082
vn -0.3143 -0.7535 0.5775
vn -0.3742 -0.7550 0.5385
vn -0.4337 -0.7560 0.4903
vn -0.4303 -0.7604 0.4865
vn -0.4234 -0.7692 0.4786
vn -0.4124 -0.7827 0.4662
vn -0.3966 -0.8010 0.4484
vn -0.3750 -0.8244 0.4240
vn -0.3459 -0.8529 0.3911
vn -0.3072 -0.8860 0.3473
vn -0.2561 -0.9223 0.2895
vn -0.1891 -0.9584 0.2138
vn -0.1036 -0.9877 0.1171
vn 0.0010 -1.0000 -0.0011
vn 0.1198 -0.9835 -0.1355
vn 0.2416 -0.9311 -0.2732
vn 0.3525 -0.8468 -0.3985
vn 0.4426 -0.7441 -0.5004
vn 0.3819 -0.7431 -0.5496
vn 0.3208 -0.7415 -0.5893
vn 0.2603 -0.7397 -0.6206
vn 0.2008 -0.7380 -0.6443
vn 0.1425 -0.7365 -0.6612
vn 0.0851 -0.7355 -0.6722
vn 0.0283 -0.7350 -0.6775
vn -0.0283 -0.7350 -0.6775
vn -0.0851 -0.7355 -0.6722
vn -0.1425 -0.7365 -0.6612
vn -0.2008 -0.7380 -0.6443
vn -0.2603 -0.7397 -0.6206
vn -0.3208 -0.7415 -0.5893
vn -0.3819 -0.7431 -0.5496
vn 0.4378 -0.8460 -0.3042
vn 0.3003 -0.9307 -0.2087
vn 0.1490 -0.9834 -0.1035
vn 0.0012 -1.0000 -0.0009
vn -0.1288 -0.9876 0.0895
vn -0.2351 -0.9582 0.1633
vn -0.3182 -0.9219 0.2211
vn -0.3817 -0.8854 0.2652
vn -0.4297 -0.8521 0.2986
vn -0.4658 -0.8236 0.3237
vn -0.4926 -0.8001 0.3423
vn -0.5121 -0.7817 0.3558
vn -0.5257 -0.7682 0.3653
vn -0.5343 -0.7594 0.3713
vn 0.4699 -0.8449 -0.2558
vn 0.3225 -0.9302 -0.1755
vn 0.1601 -0.9833 -0.0871
vn 0.0013 -1.0000 -0.0007
vn -0.1384 -0.9875 0.0753
vn -0.2525 -0.9578 0.1375
vn -0.3417 -0.9212 0.1860
vn -0.4098 -0.8845 0.2231
vn -0.4612 -0.8510 0.2511
vn -0.4998 -0.8223 0.2721
vn -0.5285 -0.7987 0.2877
vn -0.5493 -0.7803 0.2990
vn -0.5638 -0.7667 0.3069
vn -0.5730 -0.7579 0.3119
vn 0.4952 -0.8436 -0.2077
vn 0.3402 -0.9295 -0.1427
vn 0.1689 -0.9831 -0.0709
vn 0.0014 -1.0000 -0.0006
vn -0.1461 -0.9874 0.0613
vn -0.2665 -0.9573 0.1118
vn -0.3604 -0.9205 0.1512
vn -0.4321 -0.8834 0.1812
vn -0.4861 -0.8498 0.2039
vn -0.5267 -0.8209 0.2209
vn -0.5568 -0.7972 0.2335
vn -0.5786 -0.7786 0.2427
vn -0.5939 -0.7650 0.2491
vn -0.6035 -0.7561 0.2531
vn 0.5146 -0.8423 -0.1604
vn 0.3537 -0.9288 -0.1103
vn 0.1758 -0.9829 -0.0548
vn 0.0015 -1.0000 -0.0005
vn -0.1520 -0.9872 0.0474
vn -0.2772 -0.9569 0.0864
vn -0.3747 -0.9197 0.1168
vn -0.4491 -0.8824 0.1400
vn -0.5052 -0.8485 0.1575
vn -0.5471 -0.8195 0.1705
vn -0.5783 -0.7957 0.1802
vn -0.6009 -0.7771 0.1873
vn -0.6167 -0.7634 0.1922
vn -0.6266 -0.7545 0.1953
vn 0.5285 -0.8413 -0.1139
vn 0.3635 -0.9283 -0.0783
vn 0.1807 -0.9828 -0.0389
vn 0.0015 -1.0000 -0.0003
vn -0.1563 -0.9871 0.0337
vn -0.2849 -0.9566 0.0614
vn -0.3851 -0.9191 0.0830
vn -0.4614 -0.8816 0.0994
vn -0.5188 -0.8475 0.1118
vn -0.5618 -0.8183 0.1210
vn -0.5937 -0.7944 0.1279
vn -0.6169 -0.7758 0.1329
vn -0.6330 -0.7620 0.1364
vn -0.6432 -0.7531 0.1386
vn 0.5375 -0.8405 -0.0680
vn 0.3699 -0.9279 -0.0468
vn 0.1839 -0.9827 -0.0233
vn 0.0015 -1.0000 -0.0002
vn -0.1591 -0.9871 0.0201
vn -0.2899 -0.9563 0.0367
vn -0.3918 -0.9187 0.0496
vn -0.4693 -0.8810 0.0594
vn -0.5277 -0.8468 0.0668
vn -0.5713 -0.8175 0.0723
vn -0.6037 -0.7936 0.0764
vn -0.6272 -0.7748 0.0794
vn -0.6435 -0.7611 0.0814
vn -0.6538 -0.7521 0.0827
vn 0.5419 -0.8402 -0.0226
vn 0.3730 -0.9277 -0.0156
vn 0.1855 -0.9826 -0.0077
vn 0.0015 -1.0000 -0.0001
vn -0.1604 -0.9870 0.0067
vn -0.2924 -0.9562 0.0122
vn -0.3951 -0.9185 0.0165
vn -0.4732 -0.8807 0.0198
vn -0.5320 -0.8464 0.0222
vn -0.5760 -0.8171 0.0240
vn -0.6086 -0.7931 0.0254
vn -0.6322 -0.7743 0.0264
vn -0.6487 -0.7606 0.0271
vn -0.6591 -0.7516 0.0275
vn 0.5419 -0.8402 0.0226
vn 0.3730 -0.9277 0.0156
vn 0.1855 -0.9826 0.0077
vn 0.0015 -1.0000 0.0001
vn -0.1604 -0.9870 -0.0067
vn -0.2924 -0.9562 -0.0122
vn -0.3951 -0.9185 -0.0165
vn -0.4732 -0.8807 -0.0198
vn -0.5320 -0.8464 -0.0222
vn -0.5760 -0.8171 -0.0240
vn -0.6086 -0.7931 -0.0254
vn -0.6322 -0.7743 -0.0264
vn -0.6487 -0.7606 -0.0271
vn -0.6591 -0.7516 -0.0275
vn 0.5375 -0.8405 0.0680
vn 0.3699 -0.9279 0.0468
vn 0.1839 -0.9827 0.0233
vn 0.0015 -1.0000 0.0002
vn -0.1590 -0.9871 -0.0201
vn -0.2899 -0.9563 -0.0367
vn -0.3918 -0.9187 -0.0496
vn -0.4693 -0.8810 -0.0594
vn -0.5277 -0.8468 -0.0668
vn -0.5713 -0.8175 -0.0723
vn -0.6037 -0.7936 -0.0764
vn -0.6272 -0.7748 -0.0794
vn -0.6435 -0.7611 -0.0814
vn -0.6538 -0.7521 -0.0827
vn 0.5285 -0.8413 0.1139
vn 0.3635 -0.9283 0.0783
vn 0.1807 -0.9828 0.0389
vn 0.0015 -1.0000 0.0003
vn -0.1563 -0.9871 -0.0337
vn -0.2849 -0.9566 -0.0614
vn -0.3851 -0.9191 -0.0830
vn -0.4614 -0.8816 -0.0994
vn -0.5188 -0.8475 -0.1118
vn -0.5618 -0.8183 -0.1210
vn -0.5937 -0.7944 -0.1279
vn -0.6169 -0.7758 -0.1329
vn -0.6330 -0.7620 -0.1364
vn -0.6432 -0.7531 -0.1386
vn 0.5146 -0.8423 0.1604
vn 0.3537 -0.9288 0.1103
vn 0.1758 -0.9829 0.0548
vn 0.0015 -1.0000 0.0005
vn -0.1520 -0.9872 -0.0474
vn -0.2772 -0.9569 -0.0864
vn -0.3747 -0.9197 -0.1168
vn -0.4491 -0.8824 -0.1400
vn -0.5052 -0.8485 -0.1575
vn -0.5471 -0.8195 -0.1705
vn -0.5783 -0.7957 -0.1802
vn -0.6009 -0.7771 -0.1873
vn -0.6167 -0.7634 -0.1922
vn -0.6266 -0.7545 -0.1953
vn 0.4952 -0.8436 0.2077
vn 0.3402 -0.9295 0.1427
vn 0.1689 -0.9831 0.0709
vn 0.0014 -1.0000 0.0006
vn -0.1461 -0.9874 -0.0613
vn -0.2665 -0.9573 -0.1118
vn -0.3604 -0.9205 -0.1512
vn -0.4321 -0.8834 -0.1812
vn -0.4861 -0.8498 -0.2039
vn -0.5267 -0.8209 -0.2209
vn -0.5568 -0.7972 -0.2335
vn -0.5786 -0.7786 -0.2427
vn -0.5939 -0.7650 -0.2491
vn -0.6035 -0.7561 -0.2531
vn 0.4699 -0.8449 0.2558
vn 0.3225 -0.9302 0.1755
vn 0.1601 -0.9833 0.0871
vn 0.0013 -1.0000 0.0007
vn -0.1384 -0.9875 -0.0753
vn -0.2525 -0.9578 -0.1375
vn -0.3417 -0.9212 -0.1860
vn -0.4098 -0.8845 -0.2231
vn -0.4612 -0.8510 -0.2511
vn -0.4998 -0.8223 -0.2721
vn -0.5285 -0.7987 -0.2877
vn -0.5493 -0.7803 -0.2990
vn -0.5638 -0.7667 -0.3069
vn -0.5730 -0.7579 -0.3119
vn 0.4378 -0.8460 0.3042
vn 0.3003 -0.9308 0.2087
vn 0.1490 -0.9834 0.1035
vn 0.0012 -1.0000 0.0009
vn -0.1288 -0.9876 -0.0895
vn -0.2351 -0.9582 -0.1633
vn -0.3182 -0.9219 -0.2211
vn -0.3817 -0.8854 -0.2652
vn -0.4297 -0.8521 -0.2986
vn -0.4658 -0.8236 -0.3237
vn -0.4926 -0.8001 -0.3423
vn -0.5121 -0.7817 -0.3558
vn -0.5257 -0.7682 -0.3653
vn -0.5343 -0.7594 -0.3713
vn 0.5004 -0.7441 -0.4426
vn 0.3985 -0.8468 -0.3525
vn 0.2732 -0.9311 -0.2416
vn 0.1355 -0.9835 -0.1198
vn 0.0011 -1.0000 -0.0010
vn -0.1171 -0.9877 0.1036
vn -0.2138 -0.9584 0.1891
vn -0.2895 -0.9223 0.2561
vn -0.3473 -0.8860 0.3072
vn -0.3911 -0.8529 0.3459
vn -0.4240 -0.8244 0.3750
vn -0.4484 -0.8010 0.3966
vn -0.4662 -0.7827 0.4124
vn -0.4786 -0.7692 0.4234
vn -0.4865 -0.7604 0.4303
vn -0.4903 -0.7560 0.4337
vn -0.5385 -0.7550 0.3742
vn -0.5775 -0.7535 0.3143
vn -0.6082 -0.7517 0.2551
vn -0.6314 -0.7500 0.1968
vn -0.6481 -0.7486 0.1396
vn -0.6588 -0.7476 0.0834
vn -0.6641 -0.7471 0.0277
vn -0.6641 -0.7471 -0.0277
vn -0.6588 -0.7476 -0.0834
vn -0.6481 -0.7486 -0.1396
vn -0.6314 -0.7500 -0.1968
vn -0.6082 -0.7517 -0.2551
vn -0.5775 -0.7535 -0.3143
vn -0.5385 -0.7550 -0.3742
vn -0.4903 -0.7560 -0.4337
vn -0.4865 -0.7604 -0.4303
vn -0.4786 -0.7692 -0.4234
vn -0.4662 -0.7827 -0.4124
vn -0.4484 -0.8010 -0.3966
vn -0.4240 -0.8244 -0.3750
vn -0.3911 -0.8529 -0.3459
vn -0.3473 -0.8860 -0.3072
vn -0.2895 -0.9223 -0.2561
vn -0.2138 -0.9584 -0.1891
vn -0.1171 -0.9877 -0.1036
vn 0.0011 -1.0000 0.0010
vn 0.1355 -0.9835 0.1198
vn 0.2732 -0.9311 0.2416
vn 0.3985 -0.8468 0.3525
vn 0.5004 -0.7441 0.4426
vn 0.5496 -0.7431 0.3819
vn 0.5893 -0.7415 0.3208
vn 0.6206 -0.7397 0.2603
vn 0.6443 -0.7380 0.2008
vn 0.6612 -0.7365 0.1425
vn 0.6722 -0.7355 0.0851
vn 0.6775 -0.7350 0.0283
vn 0.6775 -0.7350 -0.0283
vn 0.6722 -0.7355 -0.0851
vn 0.6612 -0.7365 -0.1425
vn 0.6443 -0.7380 -0.2008
vn 0.6206 -0.7397 -0.2603
vn 0.5893 -0.7415 -0.3208
vn 0.5496 -0.7431 -0.3819
vn -0.4378 -0.8460 0.3042
vn -0.3003 -0.9307 0.2087
vn -0.1490 -0.9834 0.1035
vn -0.0012 -1.0000 0.0009
vn 0.1288 -0.9876 -0.0895
vn 0.2351 -0.9582 -0.1633
vn 0.3182 -0.9219 -0.2211
vn 0.3817 -0.8854 -0.2652
vn 0.4297 -0.8521 -0.2986
vn 0.4658 -0.8236 -0.3237
vn 0.4926 -0.8001 -0.3423
vn 0.5121 -0.7817 -0.3558
vn 0.5257 -0.7682 -0.3653
vn 0.5343 -0.7594 -0.3713
vn -0.4699 -0.8449 0.2558
vn -0.3225 -0.9302 0.1755
vn -0.1601 -0.9833 0.0871
vn -0.0013 -1.0000 0.0007
vn 0.1384 -0.9875 -0.0753
vn 0.2525 -0.9578 -0.1375
vn 0.3417 -0.9212 -0.1860
vn 0.4098 -0.8845 -0.2231
vn 0.4612 -0.8510 -0.2511
vn 0.4998 -0.8223 -0.2721
vn 0.5285 -0.7987 -0.2877
vn 0.5493 -0.7803 -0.2990
vn 0.5638 -0.7667 -0.3069
vn 0.5730 -0.7579 -0.3119
vn -0.4952 -0.8436 0.2077
vn -0.3402 -0.9295 0.1427
vn -0.1689 -0.9831 0.0709
vn -0.0014 -1.0000 0.0006
vn 0.1461 -0.9874 -0.0613
vn 0.2665 -0.9573 -0.1118
vn 0.3604 -0.9205 -0.1512
vn 0.4321 -0.8834 -0.1812
vn 0.4861 -0.8498 -0.2039
vn 0.5267 -0.8209 -0.2209
vn 0.5568 -0.7972 -0.2335
vn 0.5786 -0.7786 -0.2427
vn 0.5939 -0.7650 -0.2491
vn 0.6035 -0.7561 -0.2531
vn -0.5146 -0.8423 0.1604
vn -0.3537 -0.9288 0.1103
vn -0.1758 -0.9829 0.0548
vn -0.0015 -1.0000 0.0005
vn 0.1520 -0.9872 -0.0474
vn 0.2772 -0.9569 -0.0864
vn 0.3747 -0.9197 -0.1168
vn 0.4491 -0.8824 -0.1400
vn 0.5052 -0.8485 -0.1575
vn 0.5471 -0.8195 -0.1705
vn 0.5783 -0.7957 -0.1802
vn 0.6009 -0.7771 -0.1873
vn 0.6167 -0.7634 -0.1922
vn 0.6266 -0.7545 -0.1953
vn -0.5285 -0.8413 0.1139
vn -0.3635 -0.9283 0.0783
vn -0.1807 -0.9828 0.0389
vn -0.0015 -1.0000 0.0003
vn 0.1563 -0.9871 -0.0337
vn 0.2849 -0.9566 -0.0614
vn 0.3851 -0.9191 -0.0830
vn 0.4614 -0.8816 -0.0994
vn 0.5188 -0.8475 -0.1118
vn 0.5618 -0.8183 -0.1210
vn 0.5937 -0.7944 -0.1279
vn 0.6169 -0.7758 -0.1329
vn 0.6330 -0.7620 -0.1364
vn 0.6432 -0.7531 -0.1386
vn -0.5375 -0.8405 0.0680
vn -0.3699 -0.9279 0.0468
vn -0.1839 -0.9827 0.0233
vn -0.0015 -1.0000 0.0002
vn 0.1591 -0.9871 -0.0201
vn 0.2899 -0.9563 -0.0367
vn 0.3918 -0.9187 -0.0496
vn 0.4693 -0.8810 -0.0594
vn 0.5277 -0.8468 -0.0668
vn 0.5713 -0.8175 -0.0723
vn 0.6037 -0.7936 -0.0764
vn 0.6272 -0.7748 -0.0794
vn 0.6435 -0.7611 -0.0814
vn 0.6538 -0.7521 -0.0827
vn -0.5419 -0.8402 0.0226
vn -0.3730 -0.9277 0.0156
vn -0.1855 -0.9826 0.0077
vn -0.0015 -1.0000 0.0001
vn 0.1604 -0.9870 -0.0067
vn 0.2924 -0.9562 -0.0122
vn 0.3951 -0.9185 -0.0165
vn 0.4732 -0.8807 -0.0198
vn 0.5320 -0.8464 -0.0222
vn 0.5760 -0.8171 -0.0240
vn 0.6086 -0.7931 -0.0254
vn 0.6322 -0.7743 -0.0264
vn 0.6487 -0.7606 -0.0271
vn 0.6591 -0.7516 -0.0275
vn -0.5419 -0.8402 -0.0226
vn -0.3730 -0.9277 -0.0156
vn -0.1855 -0.9826 -0.0077
vn -0.0015 -1.0000 -0.0001
vn 0.1604 -0.9870 0.0067
vn 0.2924 -0.9562 0.0122
vn 0.3951 -0.9185 0.0165
vn 0.4732 -0.8807 0.0198
vn 0.5320 -0.8464 0.0222
vn 0.5760 -0.8171 0.0240
vn 0.6086 -0.7931 0.0254
vn 0.6322 -0.7743 0.0264
vn 0.6487 -0.7606 0.0271
vn 0.6591 -0.7516 0.0275
vn -0.5375 -0.8405 -0.0680
vn -0.3699 -0.9279 -0.0468
vn -0.1839 -0.9827 -0.0233
vn -0.0015 -1.0000 -0.0002
vn 0.1590 -0.9871 0.0201
vn 0.2899 -0.9563 0.0367
vn 0.3918 -0.9187 0.0496
vn 0.4693 -0.8810 0.0594
vn 0.5277 -0.8468 0.0668
vn 0.5713 -0.8175 0.0723
vn 0.6037 -0.7936 0.0764
vn 0.6272 -0.7748 0.0794
vn 0.6435 -0.7611 0.0814
vn 0.6538 -0.7521 0.0827
vn -0.5285 -0.8413 -0.1139
vn -0.3635 -0.9283 -0.0783
vn -0.1807 -0.9828 -0.0389
vn -0.0015 -1.0000 -0.0003
vn 0.1563 -0.9871 0.0337
vn 0.2849 -0.9566 0.0614
vn 0.3851 -0.9191 0.0830
vn 0.4614 -0.8816 0.0994
vn 0.5188 -0.8475 0.1118
vn 0.5618 -0.8183 0.1210
vn 0.5937 -0.7944 0.1279
vn 0.6169 -0.7758 0.1329
vn 0.6330 -0.7620 0.1364
vn 0.6432 -0.7531 0.1386
vn -0.5146 -0.8423 -0.1604
vn -0.3537 -0.9288 -0.1103
vn -0.1758 -0.9829 -0.0548
vn -0.0015 -1.0000 -0.0005
vn 0.1520 -0.9872 0.0474
vn 0.2772 -0.9569 0.0864
vn 0.3747 -0.9197 0.1168
vn 0.4491 -0.8824 0.1400
vn 0.5052 -0.8485 0.1574
vn 0.5471 -0.8195 0.1705
vn 0.5783 -0.7957 0.1802
vn 0.6009 -0.7771 0.1873
vn 0.6167 -0.7634 0.1922
vn 0.6266 -0.7545 0.1953
vn -0.4952 -0.8436 -0.2077
vn -0.3402 -0.9295 -0.1427
vn -0.1689 -0.9831 -0.0709
vn -0.0014 -1.0000 -0.0006
vn 0.1461 -0.9874 0.0613
vn 0.2665 -0.9573 0.1118
vn 0.3604 -0.9205 0.1512
vn 0.4321 -0.8834 0.1812
vn 0.4861 -0.8498 0.2039
vn 0.5267 -0.8209 0.2209
vn 0.5568 -0.7972 0.2335
vn 0.5786 -0.7786 0.2427
vn 0.5939 -0.7650 0.2491
vn 0.6035 -0.7561 0.2531
vn -0.4699 -0.8449 -0.2558
vn -0.3225 -0.9302 -0.1755
vn -0.1601 -0.9833 -0.0871
vn -0.0013 -1.0000 -0.0007
vn 0.1384 -0.9875 0.0753
vn 0.2525 -0.9578 0.1375
vn 0.3417 -0.9212 0.1860
vn 0.4098 -0.8845 0.2231
vn 0.4612 -0.8510 0.2511
vn 0.4998 -0.8223 0.2721
vn 0.5285 -0.7987 0.2877
vn 0.5493 -0.7803 0.2990
vn 0.5638 -0.7667 0.3069
vn 0.5730 -0.7579 0.3119
vn -0.4378 -0.8460 -0.3042
vn -0.3003 -0.9307 -0.2087
vn -0.1490 -0.9834 -0.1035
vn -0.0012 -1.0000 -0.0009
vn 0.1288 -0.9876 0.0895
vn 0.2351 -0.9582 0.1633
vn 0.3182 -0.9219 0.2211
vn 0.3817 -0.8854 0.2652
vn 0.4297 -0.8521 0.2986
vn 0.4658 -0.8236 0.3237
vn 0.4926 -0.8001 0.3423
vn 0.5121 -0.7817 0.3558
vn 0.5257 -0.7682 0.3653
vn 0.5343 -0.7594 0.3713
vn -0.5004 -0.7441 0.4426
vn -0.3985 -0.8468 0.3525
vn -0.2732 -0.9311 0.2416
vn -0.1355 -0.9835 0.1198
vn -0.0011 -1.0000 0.0010
vn 0.1171 -0.9877 -0.1036
vn 0.2138 -0.9584 -0.1891
vn 0.2895 -0.9223 -0.2561
vn 0.3473 -0.8860 -0.3072
vn 0.3911 -0.8529 -0.3459
vn 0.4240 -0.8244 -0.3750
vn 0.4484 -0.8010 -0.3966
vn 0.4662 -0.7827 -0.4124
vn 0.4786 -0.7692 -0.4234
vn 0.4865 -0.7604 -0.4303
vn 0.4903 -0.7560 -0.4337
vn 0.5385 -0.7550 -0.3742
vn 0.5775 -0.7535 -0.3143
vn 0.6082 -0.7517 -0.2551
vn 0.6314 -0.7500 -0.1968
vn 0.6481 -0.7486 -0.1396
vn 0.6588 -0.7476 -0.0834
vn 0.6641 -0.7471 -0.0277
vn 0.6641 -0.7471 0.0277
vn 0.6588 -0.7476 0.0834
vn 0.6481 -0.7486 0.1396
vn 0.6314 -0.7500 0.1968
vn 0.6082 -0.7517 0.2551
vn 0.5775 -0.7535 0.3143
vn 0.5385 -0.7550 0.3742
vn 0.4903 -0.7560 0.4337
vn 0.4865 -0.7604 0.4303
vn 0.4786 -0.7692 0.4234
vn 0.4662 -0.7827 0.4124
vn 0.4484 -0.8010 0.3966
vn 0.4240 -0.8244 0.3750
vn 0.3911 -0.8529 0.3459
vn 0.3473 -0.8860 0.3072
vn 0.2895 -0.9223 0.2561
vn 0.2138 -0.9584 0.1891
vn 0.1171 -0.9877 0.1036
vn -0.0011 -1.0000 -0.0010
vn -0.1355 -0.9835 -0.1198
vn -0.2732 -0.9311 -0.2416
vn -0.3985 -0.8468 -0.3525
vn -0.5004 -0.7441 -0.4426
vn -0.5496 -0.7431 -0.3819
vn -0.5893 -0.7415 -0.3208
vn -0.6206 -0.7397 -0.2603
vn -0.6443 -0.7380 -0.2008
vn -0.6612 -0.7365 -0.1425
vn -0.6722 -0.7355 -0.0851
vn -0.6775 -0.7350 -0.0283
vn -0.6775 -0.7350 0.0283
vn -0.6721 -0.7355 0.0851
vn -0.6612 -0.7365 0.1425
vn -0.6443 -0.7380 0.2008
vn -0.6206 -0.7397 0.2603
vn -0.5893 -0.7415 0.3208
vn -0.5496 -0.7431 0.3819
vn 0.3042 -0.8460 0.4378
vn 0.2087 -0.9308 0.3003
vn 0.1035 -0.9834 0.1490
vn 0.0009 -1.0000 0.0012
vn -0.0895 -0.9876 -0.1288
vn -0.1634 -0.9582 -0.2351
vn -0.2211 -0.9219 -0.3182
vn -0.2652 -0.8854 -0.3817
vn -0.2986 -0.8521 -0.4297
vn -0.3237 -0.8236 -0.4658
vn -0.3423 -0.8001 -0.4926
vn -0.3558 -0.7817 -0.5121
vn -0.3653 -0.7682 -0.5257
vn -0.3713 -0.7594 -0.5343
vn 0.2558 -0.8449 0.4699
vn 0.1755 -0.9302 0.3225
vn 0.0871 -0.9833 0.1601
vn 0.0007 -1.0000 0.0013
vn -0.0753 -0.9875 -0.1384
vn -0.1375 -0.9578 -0.2525
vn -0.1860 -0.9212 -0.3417
vn -0.2231 -0.8845 -0.4098
vn -0.2511 -0.8510 -0.4612
vn -0.2721 -0.8223 -0.4998
vn -0.2877 -0.7987 -0.5285
vn -0.2990 -0.7803 -0.5493
vn -0.3069 -0.7667 -0.5638
vn -0.3119 -0.7579 -0.5730
vn 0.2077 -0.8436 0.4952
vn 0.1427 -0.9295 0.3402
vn 0.0709 -0.9831 0.1689
vn 0.0006 -1.0000 0.0014
vn -0.0613 -0.9874 -0.1461
vn -0.1118 -0.9573 -0.2665
vn -0.1512 -0.9205 -0.3604
vn -0.1812 -0.8834 -0.4321
vn -0.2039 -0.8498 -0.4861
vn -0.2209 -0.8209 -0.5267
vn -0.2335 -0.7972 -0.5568
vn -0.2427 -0.7786 -0.5786
vn -0.2491 -0.7650 -0.5939
vn -0.2531 -0.7561 -0.6035
vn 0.1604 -0.8423 0.5146
vn 0.1103 -0.9288 0.3537
vn 0.0548 -0.9829 0.1758
vn 0.0005 -1.0000 0.0015
vn -0.0474 -0.9872 -0.1520
vn -0.0864 -0.9569 -0.2772
vn -0.1168 -0.9197 -0.3747
vn -0.1400 -0.8824 -0.4491
vn -0.1575 -0.8485 -0.5052
vn -0.1705 -0.8195 -0.5471
vn -0.1802 -0.7957 -0.5783
vn -0.1873 -0.7771 -0.6009
vn -0.1922 -0.7634 -0.6167
vn -0.1953 -0.7545 -0.6266
vn 0.1139 -0.8413 0.5285
vn 0.0783 -0.9283 0.3635
vn 0.0389 -0.9828 0.1807
vn 0.0003 -1.0000 0.0015
vn -0.0337 -0.9871 -0.1563
vn -0.0614 -0.9566 -0.2849
vn -0.0830 -0.9191 -0.3851
vn -0.0994 -0.8816 -0.4614
vn -0.1118 -0.8475 -0.5188
vn -0.1210 -0.8183 -0.5618
vn -0.1279 -0.7944 -0.5937
vn -0.1329 -0.7758 -0.6169
vn -0.1364 -0.7620 -0.6330
vn -0.1386 -0.7531 -0.6432
vn 0.0680 -0.8405 0.5375
vn 0.0468 -0.9279 0.3699
vn 0.0233 -0.9827 0.1839
vn 0.0002 -1.0000 0.0015
vn -0.0201 -0.9871 -0.1590
vn -0.0367 -0.9563 -0.2899
vn -0.0496 -0.9187 -0.3918
vn -0.0594 -0.8810 -0.4693
vn -0.0668 -0.8468 -0.5277
vn -0.0723 -0.8175 -0.5713
vn -0.0764 -0.7936 -0.6037
vn -0.0794 -0.7748 -0.6272
vn -0.0814 -0.7611 -0.6435
vn -0.0827 -0.7521 -0.6538
vn 0.0226 -0.8402 0.5419
vn 0.0156 -0.9277 0.3730
vn 0.0077 -0.9826 0.1855
vn 0.0001 -1.0000 0.0015
vn -0.0067 -0.9870 -0.1604
vn -0.0122 -0.9562 -0.2924
vn -0.0165 -0.9185 -0.3951
vn -0.0198 -0.8807 -0.4732
vn -0.0222 -0.8464 -0.5320
vn -0.0240 -0.8171 -0.5760
vn -0.0254 -0.7931 -0.6086
vn -0.0264 -0.7743 -0.6322
vn -0.0271 -0.7606 -0.6487
vn -0.0275 -0.7516 -0.6591
vn -0.0226 -0.8402 0.5419
vn -0.0156 -0.9277 0.3730
vn -0.0077 -0.9826 0.1855
vn -0.0001 -1.0000 0.0015
vn 0.0067 -0.9870 -0.1604
vn 0.0122 -0.9562 -0.2924
vn 0.0165 -0.9185 -0.3951
vn 0.0198 -0.8807 -0.4732
vn 0.0222 -0.8464 -0.5320
vn 0.0240 -0.8171 -0.5760
vn 0.0254 -0.7931 -0.6086
vn 0.0264 -0.7743 -0.6322
vn 0.0271 -0.7606 -0.6487
vn 0.0275 -0.7516 -0.6591
vn -0.0680 -0.8405 0.5375
vn -0.0468 -0.9279 0.3699
vn -0.0233 -0.9827 0.1839
vn -0.0002 -1.0000 0.0015
vn 0.0201 -0.9871 -0.1590
vn 0.0367 -0.9563 -0.2899
vn 0.0496 -0.9187 -0.3918
vn 0.0594 -0.8810 -0.4693
vn 0.0668 -0.8468 -0.5277
vn 0.0723 -0.8175 -0.5713
vn 0.0764 -0.7936 -0.6037
vn 0.0794 -0.7748 -0.6272
vn 0.0814 -0.7611 -0.6435
vn 0.0827 -0.7521 -0.6538
vn -0.1139 -0.8413 0.5285
vn -0.0783 -0.9283 0.3635
vn -0.0389 -0.9828 0.1807
vn -0.0003 -1.0000 0.0015
vn 0.0337 -0.9871 -0.1563
vn 0.0614 -0.9566 -0.2849
vn 0.0830 -0.9191 -0.3851
vn 0.0994 -0.8816 -0.4614
vn 0.1118 -0.8475 -0.5188
vn 0.1210 -0.8183 -0.5618
vn 0.1279 -0.7944 -0.5937
vn 0.1329 -0.7758 -0.6169
vn 0.1364 -0.7620 -0.6330
vn 0.1386 -0.7531 -0.6432
vn -0.1604 -0.8423 0.5146
vn -0.1103 -0.9288 0.3537
vn -0.0548 -0.9829 0.1758
vn -0.0005 -1.0000 0.0015
vn 0.0474 -0.9872 -0.1520
vn 0.0864 -0.9569 -0.2772
vn 0.1168 -0.9197 -0.3747
vn 0.1400 -0.8824 -0.4491
vn 0.1574 -0.8485 -0.5052
vn 0.1705 -0.8195 -0.5471
vn 0.1802 -0.7957 -0.5783
vn 0.1873 -0.7771 -0.6009
vn 0.1922 -0.7634 -0.6167
vn 0.1953 -0.7545 -0.6266
vn -0.2077 -0.8436 0.4952
vn -0.1427 -0.9295 0.3402
vn -0.0709 -0.9831 0.1689
vn -0.0006 -1.0000 0.0014
vn 0.0613 -0.9874 -0.1461
vn 0.1118 -0.9573 -0.2665
vn 0.1512 -0.9205 -0.3604
vn 0.1812 -0.8834 -0.4321
vn 0.2039 -0.8498 -0.4861
vn 0.2209 -0.8209 -0.5267
vn 0.2335 -0.7972 -0.5568
vn 0.2427 -0.7786 -0.5786
vn 0.2491 -0.7650 -0.5939
vn 0.2531 -0.7561 -0.6035
vn -0.2558 -0.8449 0.4699
vn -0.1755 -0.9302 0.3225
vn -0.0871 -0.9833 0.1601
vn -0.0007 -1.0000 0.0013
vn 0.0753 -0.9875 -0.1384
vn 0.1375 -0.9578 -0.2525
vn 0.1860 -0.9212 -0.3417
vn 0.2231 -0.8845 -0.4098
vn 0.2511 -0.8510 -0.4612
vn 0.2721 -0.8223 -0.4998
vn 0.2877 -0.7987 -0.5285
vn 0.2990 -0.7803 -0.5493
vn 0.3069 -0.7667 -0.5638
vn 0.3119 -0.7579 -0.5730
vn -0.3042 -0.8460 0.4378
vn -0.2087 -0.9307 0.3003
vn -0.1035 -0.9834 0.1490
vn -0.0009 -1.0000 0.0012
vn 0.0895 -0.9876 -0.1288
vn 0.1633 -0.9582 -0.2351
vn 0.2211 -0.9219 -0.3182
vn 0.2652 -0.8854 -0.3817
vn 0.2986 -0.8521 -0.4297
vn 0.3237 -0.8236 -0.4658
vn 0.3423 -0.8001 -0.4926
vn 0.3558 -0.7817 -0.5121
vn 0.3653 -0.7682 -0.5257
vn 0.3713 -0.7594 -0.5343
vn 0.4426 -0.7441 0.5004
vn 0.3525 -0.8468 0.3985
vn 0.2416 -0.9311 0.2732
vn 0.1198 -0.9835 0.1355
vn 0.0010 -1.0000 0.0011
vn -0.1036 -0.9877 -0.1171
vn -0.1891 -0.9584 -0.2138
vn -0.2560 -0.9223 -0.2895
vn -0.3072 -0.8860 -0.3473
vn -0.3459 -0.8529 -0.3911
vn -0.3750 -0.8244 -0.4240
vn -0.3966 -0.8010 -0.4484
vn -0.4124 -0.7827 -0.4662
vn -0.4234 -0.7692 -0.4786
vn -0.4303 -0.7604 -0.4865
vn -0.4337 -0.7560 -0.4903
vn -0.3742 -0.7550 -0.5385
vn -0.3143 -0.7535 -0.5775
vn -0.2551 -0.7517 -0.6082
vn -0.1968 -0.7500 -0.6314
vn -0.1396 -0.7486 -0.6481
vn -0.0834 -0.7476 -0.6589
vn -0.0277 -0.7471 -0.6641
vn 0.0277 -0.7471 -0.6641
vn 0.0834 -0.7476 -0.6588
vn 0.1396 -0.7486 -0.6481
vn 0.1968 -0.7500 -0.6314
vn 0.2551 -0.7517 -0.6082
vn 0.3143 -0.7535 -0.5775
vn 0.3742 -0.7550 -0.5385
vn 0.4337 -0.7560 -0.4903
vn 0.4303 -0.7604 -0.4865
vn 0.4234 -0.7692 -0.4786
vn 0.4124 -0.7827 -0.4662
vn 0.3966 -0.8010 -0.4484
vn 0.3750 -0.8244 -0.4240
vn 0.3459 -0.8529 -0.3911
vn 0.3072 -0.8860 -0.3473
vn 0.2561 -0.9223 -0.2895
vn 0.1891 -0.9584 -0.2138
vn 0.1036 -0.9877 -0.1171
vn -0.0010 -1.0000 0.0011
vn -0.1198 -0.9835 0.1355
vn -0.2416 -0.9311 0.2732
vn -0.3525 -0.8468 0.3985
vn -0.4426 -0.7441 0.5004
vn -0.3819 -0.7431 0.5496
vn -0.3208 -0.7415 0.5893
vn -0.2603 -0.7397 0.6206
vn -0.2008 -0.7380 0.6443
vn -0.1425 -0.7365 0.6612
vn -0.0851 -0.7355 0.6722
vn -0.0283 -0.7350 0.6775
vn 0.0283 -0.7350 0.6775
vn 0.0851 -0.7355 0.6722
vn 0.1425 -0.7365 0.6612
vn 0.2008 -0.7380 0.6443
vn 0.2603 -0.7397 0.6206
vn 0.3208 -0.7415 0.5893
vn 0.3819 -0.7431 0.5496
vt 0.620299 0.672370
vt 0.615924 0.644100
vt 0.618618 0.611618
vt 0.621718 0.633444
vt 0.612558 0.620173
vt 0.615849 0.591587
vt 0.609798 0.599424
vt 0.613405 0.573500
vt 0.607439 0.581106
vt 0.611236 0.557307
vt 0.605358 0.564826
vt 0.609266 0.542825
vt 0.603452 0.550283
vt 0.607408 0.529835
vt 0.601620 0.537174
vt 0.605576 0.518121
vt 0.599771 0.525238
vt 0.603696 0.507493
vt 0.597876 0.514377
vt 0.601729 0.497881
vt 0.595915 0.504538
vt 0.599647 0.489241
vt 0.593873 0.495665
vt 0.597422 0.481529
vt 0.591732 0.487739
vt 0.595020 0.474735
vt 0.589481 0.480885
vt 0.592379 0.468979
vt 0.587059 0.475390
vt 0.589415 0.464450
vt 0.620364 0.575291
vt 0.622655 0.592127
vt 0.618178 0.559255
vt 0.616127 0.544327
vt 0.614223 0.530728
vt 0.612417 0.518410
vt 0.610648 0.507261
vt 0.608851 0.497168
vt 0.606969 0.488033
vt 0.604960 0.479809
vt 0.602786 0.472463
vt 0.600409 0.465962
vt 0.597784 0.460297
vt 0.594837 0.455547
vt 0.591484 0.451821
vt 0.621519 0.536754
vt 0.623253 0.549516
vt 0.619809 0.524435
vt 0.618136 0.512780
vt 0.616502 0.501971
vt 0.614875 0.492025
vt 0.613212 0.482920
vt 0.611471 0.474634
vt 0.609609 0.467142
vt 0.607581 0.460423
vt 0.605343 0.454451
vt 0.602849 0.449203
vt 0.600051 0.444666
vt 0.596882 0.440876
vt 0.593272 0.437883
vt 0.622320 0.497120
vt 0.623663 0.506308
vt 0.620962 0.488191
vt 0.619582 0.479648
vt 0.618171 0.471605
vt 0.616700 0.464104
vt 0.615141 0.457171
vt 0.613463 0.450833
vt 0.611633 0.445108
vt 0.609604 0.439987
vt 0.607329 0.435452
vt 0.604758 0.431488
vt 0.601840 0.428082
vt 0.598518 0.425243
vt 0.594733 0.422984
vt 0.622845 0.456797
vt 0.623931 0.462739
vt 0.621721 0.450991
vt 0.620544 0.445391
vt 0.619292 0.440059
vt 0.617943 0.435038
vt 0.616472 0.430367
vt 0.614852 0.426083
vt 0.613056 0.422215
vt 0.611038 0.418762
vt 0.608746 0.415713
vt 0.606130 0.413057
vt 0.603140 0.410785
vt 0.599723 0.408893
vt 0.595825 0.407381
vt 0.623132 0.416014
vt 0.624077 0.418930
vt 0.622140 0.413155
vt 0.621078 0.410383
vt 0.619924 0.407726
vt 0.618653 0.405210
vt 0.617242 0.402859
vt 0.615667 0.400700
vt 0.613898 0.398751
vt 0.611891 0.397013
vt 0.609595 0.395480
vt 0.606959 0.394148
vt 0.603933 0.393011
vt 0.600467 0.392066
vt 0.596510 0.391308
vt 0.623219 0.375000
vt 0.624122 0.375000
vt 0.622268 0.375000
vt 0.621243 0.375000
vt 0.620122 0.375000
vt 0.618879 0.375000
vt 0.617491 0.375000
vt 0.615932 0.375000
vt 0.614175 0.375000
vt 0.612174 0.375000
vt 0.609878 0.375000
vt 0.607237 0.375000
vt 0.604202 0.375000
vt 0.600722 0.375000
vt 0.596747 0.375000
vt 0.623132 0.333987
vt 0.624077 0.331070
vt 0.622140 0.336845
vt 0.621078 0.339617
vt 0.619924 0.342274
vt 0.618654 0.344790
vt 0.617242 0.347141
vt 0.615667 0.349300
vt 0.613898 0.351249
vt 0.611891 0.352988
vt 0.609595 0.354520
vt 0.606959 0.355852
vt 0.603933 0.356989
vt 0.600467 0.357934
vt 0.596510 0.358692
vt 0.622845 0.293203
vt 0.623931 0.287261
vt 0.621721 0.299009
vt 0.620544 0.304609
vt 0.619292 0.309941
vt 0.617943 0.314962
vt 0.616472 0.319633
vt 0.614853 0.323917
vt 0.613056 0.327785
vt 0.611038 0.331238
vt 0.608746 0.334287
vt 0.606130 0.336943
vt 0.603140 0.339216
vt 0.599723 0.341107
vt 0.595825 0.342619
vt 0.622320 0.252880
vt 0.623663 0.243692
vt 0.620962 0.261809
vt 0.619582 0.270352
vt 0.618170 0.278395
vt 0.616700 0.285896
vt 0.615141 0.292829
vt 0.613463 0.299167
vt 0.611633 0.304892
vt 0.609604 0.310013
vt 0.607329 0.314548
vt 0.604758 0.318512
vt 0.601840 0.321918
vt 0.598518 0.324757
vt 0.594733 0.327016
vt 0.621519 0.213246
vt 0.623253 0.200484
vt 0.619809 0.225566
vt 0.618136 0.237220
vt 0.616502 0.248030
vt 0.614875 0.257975
vt 0.613212 0.267080
vt 0.611471 0.275367
vt 0.609609 0.282857
vt 0.607581 0.289577
vt 0.605343 0.295549
vt 0.602849 0.300797
vt 0.600051 0.305335
vt 0.596882 0.309124
vt 0.593272 0.312117
vt 0.620366 0.174706
vt 0.622656 0.157870
vt 0.618179 0.190742
vt 0.616127 0.205671
vt 0.614223 0.219272
vt 0.612417 0.231590
vt 0.610648 0.242739
vt 0.608851 0.252832
vt 0.606970 0.261967
vt 0.604960 0.270191
vt 0.602786 0.277537
vt 0.600409 0.284038
vt 0.597784 0.289703
vt 0.594837 0.294453
vt 0.591484 0.298179
vt 0.618628 0.138353
vt 0.621724 0.116537
vt 0.615857 0.158389
vt 0.613409 0.176487
vt 0.611238 0.192687
vt 0.609266 0.207174
vt 0.607408 0.220165
vt 0.605576 0.231879
vt 0.603696 0.242507
vt 0.601729 0.252119
vt 0.599647 0.260760
vt 0.597422 0.268471
vt 0.595020 0.275265
vt 0.592379 0.281021
vt 0.589415 0.285550
vt 0.615964 0.105781
vt 0.620625 0.075779
vt 0.612587 0.129742
vt 0.609813 0.150530
vt 0.607445 0.168875
vt 0.605360 0.185168
vt 0.603453 0.199716
vt 0.601620 0.212826
vt 0.599771 0.224762
vt 0.597876 0.235623
vt 0.595915 0.245462
vt 0.593873 0.254335
vt 0.591732 0.262261
vt 0.589481 0.269115
vt 0.587059 0.274610
vt 0.625000 0.750000
vt 0.617714 0.707167
vt 0.625000 0.703125
vt 0.611605 0.669708
vt 0.608001 0.643582
vt 0.605136 0.621226
vt 0.602727 0.601520
vt 0.600631 0.583971
vt 0.598743 0.568246
vt 0.596955 0.554012
vt 0.595178 0.540980
vt 0.593388 0.529036
vt 0.591578 0.518110
vt 0.589743 0.508134
vt 0.587885 0.499065
vt 0.586051 0.490969
vt 0.584429 0.484401
vt 0.583030 0.479167
vt 0.584419 0.471396
vt 0.585977 0.461486
vt 0.587635 0.449244
vt 0.589152 0.435736
vt 0.590424 0.421321
vt 0.591393 0.406247
vt 0.592010 0.390733
vt 0.592227 0.375000
vt 0.592010 0.359267
vt 0.591393 0.343754
vt 0.590424 0.328679
vt 0.589152 0.314264
vt 0.587635 0.300756
vt 0.585977 0.288514
vt 0.584419 0.278604
vt 0.583030 0.270833
vt 0.584429 0.265599
vt 0.586051 0.259031
vt 0.587885 0.250935
vt 0.589743 0.241866
vt 0.591578 0.231890
vt 0.593388 0.220964
vt 0.595178 0.209020
vt 0.596955 0.195988
vt 0.598743 0.181752
vt 0.600636 0.166016
vt 0.602742 0.148435
vt 0.605173 0.128665
vt 0.608074 0.106201
vt 0.611737 0.079885
vt 0.617809 0.042538
vt 0.625000 0.046875
vt 0.625000 0.000000
vt 0.625000 0.093750
vt 0.625000 0.140625
vt 0.625000 0.187500
vt 0.625000 0.234375
vt 0.625000 0.281250
vt 0.625000 0.328125
vt 0.625000 0.375000
vt 0.625000 0.421875
vt 0.625000 0.468750
vt 0.625000 0.515625
vt 0.625000 0.562500
vt 0.625000 0.609375
vt 0.625000 0.656250
vt 0.467610 0.765623
vt 0.478097 0.765607
vt 0.478099 0.781239
vt 0.467610 0.781249
vt 0.488575 0.765564
vt 0.488583 0.781211
vt 0.499040 0.765480
vt 0.499058 0.781159
vt 0.509486 0.765341
vt 0.509521 0.781071
vt 0.519909 0.765134
vt 0.519970 0.780941
vt 0.530305 0.764846
vt 0.530402 0.780759
vt 0.540668 0.764462
vt 0.540813 0.780518
vt 0.551000 0.763980
vt 0.551205 0.780218
vt 0.561316 0.763444
vt 0.561594 0.779907
vt 0.571637 0.762906
vt 0.572000 0.779641
vt 0.581985 0.762421
vt 0.582443 0.779477
vt 0.592395 0.762101
vt 0.592945 0.779483
vt 0.602970 0.762288
vt 0.603537 0.779770
vt 0.613623 0.764172
vt 0.614238 0.780409
vt 0.478101 0.796868
vt 0.467610 0.796874
vt 0.488588 0.796853
vt 0.499071 0.796822
vt 0.509546 0.796772
vt 0.520014 0.796696
vt 0.530471 0.796591
vt 0.540917 0.796451
vt 0.551352 0.796279
vt 0.561788 0.796110
vt 0.572239 0.795985
vt 0.582719 0.795947
vt 0.593240 0.796029
vt 0.603800 0.796228
vt 0.614392 0.796525
vt 0.478102 0.812497
vt 0.467611 0.812500
vt 0.488592 0.812489
vt 0.499079 0.812473
vt 0.509563 0.812447
vt 0.520043 0.812409
vt 0.530518 0.812355
vt 0.540986 0.812283
vt 0.551449 0.812195
vt 0.561913 0.812110
vt 0.572386 0.812050
vt 0.582875 0.812039
vt 0.593385 0.812092
vt 0.603914 0.812198
vt 0.614454 0.812340
vt 0.478103 0.828124
vt 0.467611 0.828125
vt 0.488594 0.828120
vt 0.499085 0.828114
vt 0.509574 0.828103
vt 0.520061 0.828086
vt 0.530546 0.828064
vt 0.541028 0.828034
vt 0.551508 0.827996
vt 0.561989 0.827961
vt 0.572473 0.827935
vt 0.582964 0.827931
vt 0.593464 0.827953
vt 0.603972 0.827998
vt 0.614485 0.828058
vt 0.478103 0.843750
vt 0.467611 0.843750
vt 0.488595 0.843749
vt 0.499087 0.843747
vt 0.509579 0.843743
vt 0.520070 0.843739
vt 0.530560 0.843732
vt 0.541050 0.843723
vt 0.551539 0.843712
vt 0.562028 0.843701
vt 0.572518 0.843694
vt 0.583010 0.843692
vt 0.593505 0.843699
vt 0.604002 0.843712
vt 0.614501 0.843730
vt 0.478103 0.859375
vt 0.467611 0.859375
vt 0.488596 0.859375
vt 0.499088 0.859375
vt 0.509581 0.859374
vt 0.520073 0.859374
vt 0.530566 0.859373
vt 0.541058 0.859372
vt 0.551550 0.859370
vt 0.562042 0.859369
vt 0.572535 0.859368
vt 0.583027 0.859368
vt 0.593520 0.859369
vt 0.604013 0.859370
vt 0.614507 0.859373
vt 0.478103 0.875000
vt 0.467611 0.875000
vt 0.488596 0.875000
vt 0.499089 0.875000
vt 0.509581 0.875000
vt 0.520074 0.875000
vt 0.530566 0.875000
vt 0.541059 0.875000
vt 0.551552 0.875000
vt 0.562044 0.875000
vt 0.572537 0.875000
vt 0.583030 0.875000
vt 0.593522 0.875000
vt 0.604015 0.875000
vt 0.614507 0.875000
vt 0.478103 0.890625
vt 0.467611 0.890625
vt 0.488596 0.890625
vt 0.499089 0.890625
vt 0.509581 0.890625
vt 0.520074 0.890625
vt 0.530566 0.890625
vt 0.541059 0.890625
vt 0.551552 0.890625
vt 0.562044 0.890625
vt 0.572537 0.890625
vt 0.583030 0.890625
vt 0.593522 0.890625
vt 0.604015 0.890625
vt 0.614507 0.890625
vt 0.478103 0.906250
vt 0.467611 0.906250
vt 0.488596 0.906250
vt 0.499089 0.906250
vt 0.509581 0.906250
vt 0.520074 0.906250
vt 0.530566 0.906250
vt 0.541059 0.906250
vt 0.551552 0.906250
vt 0.562044 0.906250
vt 0.572537 0.906250
vt 0.583030 0.906250
vt 0.593522 0.906250
vt 0.604015 0.906250
vt 0.614507 0.906250
vt 0.478103 0.921875
vt 0.467611 0.921875
vt 0.488596 0.921875
vt 0.499089 0.921875
vt 0.509581 0.921875
vt 0.520074 0.921875
vt 0.530566 0.921875
vt 0.541059 0.921875
vt 0.551552 0.921875
vt 0.562044 0.921875
vt 0.572537 0.921875
vt 0.583030 0.921875
vt 0.593522 0.921875
vt 0.604015 0.921875
vt 0.614507 0.921875
vt 0.478103 0.937500
vt 0.467611 0.937500
vt 0.488596 0.937500
vt 0.499089 0.937500
vt 0.509581 0.937500
vt 0.520074 0.937500
vt 0.530566 0.937500
vt 0.541059 0.937500
vt 0.551552 0.937500
vt 0.562044 0.937500
vt 0.572537 0.937500
vt 0.583030 0.937500
vt 0.593522 0.937500
vt 0.604015 0.937500
vt 0.614507 0.937500
vt 0.478103 0.953125
vt 0.467611 0.953125
vt 0.488596 0.953125
vt 0.499089 0.953125
vt 0.509581 0.953125
vt 0.520074 0.953125
vt 0.530566 0.953125
vt 0.541059 0.953125
vt 0.551552 0.953125
vt 0.562044 0.953125
vt 0.572537 0.953125
vt 0.583030 0.953125
vt 0.593522 0.953125
vt 0.604015 0.953125
vt 0.614507 0.953125
vt 0.478103 0.968750
vt 0.467611 0.968750
vt 0.488596 0.968750
vt 0.499089 0.968750
vt 0.509581 0.968750
vt 0.520074 0.968750
vt 0.530566 0.968750
vt 0.541059 0.968750
vt 0.551552 0.968750
vt 0.562044 0.968750
vt 0.572537 0.968750
vt 0.583030 0.968750
vt 0.593522 0.968750
vt 0.604015 0.968750
vt 0.614507 0.968750
vt 0.478103 0.984375
vt 0.467611 0.984375
vt 0.488596 0.984375
vt 0.499089 0.984375
vt 0.509581 0.984375
vt 0.520074 0.984375
vt 0.530566 0.984375
vt 0.541059 0.984375
vt 0.551552 0.984375
vt 0.562044 0.984375
vt 0.572537 0.984375
vt 0.583030 0.984375
vt 0.593522 0.984375
vt 0.604015 0.984375
vt 0.614507 0.984375
vt 0.457118 0.750000
vt 0.467610 0.749997
vt 0.457118 0.765625
vt 0.478094 0.749973
vt 0.488565 0.749909
vt 0.499016 0.749783
vt 0.509439 0.749576
vt 0.519828 0.749268
vt 0.530176 0.748837
vt 0.540476 0.748264
vt 0.550725 0.747535
vt 0.560933 0.746664
vt 0.571114 0.745670
vt 0.581281 0.744575
vt 0.591465 0.743451
vt 0.601763 0.742588
vt 0.613111 0.745345
vt 0.625000 0.765625
vt 0.625000 0.781250
vt 0.625000 0.796875
vt 0.625000 0.812500
vt 0.625000 0.828125
vt 0.625000 0.843750
vt 0.625000 0.859375
vt 0.625000 0.875000
vt 0.625000 0.890625
vt 0.625000 0.906250
vt 0.625000 0.921875
vt 0.625000 0.937500
vt 0.625000 0.953125
vt 0.625000 0.968750
vt 0.625000 0.984375
vt 0.625000 1.000000
vt 0.614507 1.000000
vt 0.604015 1.000000
vt 0.593522 1.000000
vt 0.583030 1.000000
vt 0.572537 1.000000
vt 0.562044 1.000000
vt 0.551552 1.000000
vt 0.541059 1.000000
vt 0.530566 1.000000
vt 0.520074 1.000000
vt 0.509581 1.000000
vt 0.499089 1.000000
vt 0.488596 1.000000
vt 0.478103 1.000000
vt 0.467611 1.000000
vt 0.457118 0.984375
vt 0.457118 1.000000
vt 0.457118 0.968750
vt 0.457118 0.953125
vt 0.457118 0.937500
vt 0.457118 0.921875
vt 0.457118 0.906250
vt 0.457118 0.890625
vt 0.457118 0.875000
vt 0.457118 0.859375
vt 0.457118 0.843750
vt 0.457118 0.828125
vt 0.457118 0.812500
vt 0.457118 0.796875
vt 0.457118 0.781250
vt 0.467610 0.015628
vt 0.478097 0.015645
vt 0.478090 0.031290
vt 0.467609 0.031255
vt 0.488573 0.015693
vt 0.488550 0.031385
vt 0.499034 0.015787
vt 0.498980 0.031569
vt 0.509474 0.015941
vt 0.509368 0.031874
vt 0.519890 0.016172
vt 0.519706 0.032328
vt 0.530274 0.016493
vt 0.529982 0.032962
vt 0.540622 0.016921
vt 0.540187 0.033806
vt 0.550926 0.017485
vt 0.550303 0.034918
vt 0.561164 0.018276
vt 0.560290 0.036469
vt 0.571311 0.019399
vt 0.570099 0.038660
vt 0.581341 0.020958
vt 0.579682 0.041691
vt 0.591203 0.023173
vt 0.588953 0.045934
vt 0.600747 0.026714
vt 0.597670 0.052456
vt 0.610134 0.030859
vt 0.605480 0.062817
vt 0.478083 0.046933
vt 0.467608 0.046882
vt 0.488527 0.047072
vt 0.498926 0.047343
vt 0.509263 0.047789
vt 0.519523 0.048454
vt 0.529692 0.049383
vt 0.539754 0.050618
vt 0.549685 0.052244
vt 0.559429 0.054494
vt 0.568917 0.057645
vt 0.578086 0.061971
vt 0.586836 0.067893
vt 0.594938 0.076416
vt 0.602119 0.088734
vt 0.478076 0.062575
vt 0.467607 0.062509
vt 0.488505 0.062754
vt 0.498872 0.063103
vt 0.509158 0.063677
vt 0.519343 0.064535
vt 0.529406 0.065731
vt 0.539326 0.067323
vt 0.549075 0.069410
vt 0.558585 0.072269
vt 0.567780 0.076217
vt 0.576582 0.081573
vt 0.584897 0.088738
vt 0.592558 0.098437
vt 0.599378 0.111477
vt 0.478070 0.078215
vt 0.467607 0.078136
vt 0.488482 0.078429
vt 0.498819 0.078845
vt 0.509055 0.079530
vt 0.519165 0.080554
vt 0.529123 0.081982
vt 0.538905 0.083882
vt 0.548475 0.086365
vt 0.557766 0.089714
vt 0.566698 0.094254
vt 0.575192 0.100312
vt 0.583164 0.108247
vt 0.590496 0.118558
vt 0.597063 0.131777
vt 0.478063 0.093852
vt 0.467606 0.093763
vt 0.488460 0.094093
vt 0.498768 0.094564
vt 0.508954 0.095339
vt 0.518990 0.096497
vt 0.528846 0.098111
vt 0.538491 0.100260
vt 0.547887 0.103058
vt 0.556970 0.106771
vt 0.565666 0.111705
vt 0.573902 0.118164
vt 0.581602 0.126465
vt 0.588682 0.136963
vt 0.595056 0.150024
vt 0.478057 0.109485
vt 0.467605 0.109389
vt 0.488439 0.109747
vt 0.498717 0.110256
vt 0.508855 0.111095
vt 0.518819 0.112348
vt 0.528574 0.114096
vt 0.538086 0.116422
vt 0.547313 0.119440
vt 0.556198 0.123387
vt 0.564678 0.128534
vt 0.572687 0.135148
vt 0.580164 0.143502
vt 0.587043 0.153869
vt 0.593257 0.166527
vt 0.478051 0.125115
vt 0.467604 0.125014
vt 0.488418 0.125387
vt 0.498668 0.125916
vt 0.508759 0.126790
vt 0.518653 0.128092
vt 0.528310 0.129911
vt 0.537691 0.132330
vt 0.546754 0.135461
vt 0.555449 0.139510
vt 0.563723 0.144707
vt 0.571525 0.151283
vt 0.578801 0.159468
vt 0.585500 0.169494
vt 0.591569 0.181590
vt 0.478045 0.140740
vt 0.467603 0.140639
vt 0.488398 0.141012
vt 0.498620 0.141542
vt 0.508666 0.142417
vt 0.518492 0.143721
vt 0.528055 0.145541
vt 0.537310 0.147963
vt 0.546214 0.151092
vt 0.554725 0.155109
vt 0.562800 0.160212
vt 0.570397 0.166601
vt 0.577476 0.174476
vt 0.583993 0.184037
vt 0.589908 0.195485
vt 0.478039 0.156361
vt 0.467603 0.156264
vt 0.488379 0.156625
vt 0.498575 0.157138
vt 0.508578 0.157984
vt 0.518340 0.159247
vt 0.527814 0.161009
vt 0.536950 0.163354
vt 0.545704 0.166380
vt 0.554039 0.170247
vt 0.561921 0.175128
vt 0.569317 0.181198
vt 0.576194 0.188634
vt 0.582519 0.197617
vt 0.588261 0.208333
vt 0.478034 0.171979
vt 0.467602 0.171888
vt 0.488362 0.172227
vt 0.498534 0.172709
vt 0.508498 0.173505
vt 0.518201 0.174691
vt 0.527593 0.176347
vt 0.536621 0.178551
vt 0.545236 0.181392
vt 0.553407 0.185011
vt 0.561105 0.189559
vt 0.568302 0.195187
vt 0.574970 0.202052
vt 0.581087 0.210334
vt 0.586630 0.220219
vt 0.478029 0.187595
vt 0.467601 0.187512
vt 0.488347 0.187822
vt 0.498498 0.188263
vt 0.508427 0.188989
vt 0.518079 0.190074
vt 0.527399 0.191587
vt 0.536331 0.193601
vt 0.544824 0.196195
vt 0.552847 0.199489
vt 0.560372 0.203607
vt 0.567372 0.208678
vt 0.573822 0.214841
vt 0.579708 0.222288
vt 0.585019 0.231228
vt 0.478026 0.203210
vt 0.467601 0.203136
vt 0.488334 0.203411
vt 0.498467 0.203803
vt 0.508368 0.204450
vt 0.517977 0.205414
vt 0.527237 0.206760
vt 0.536090 0.208551
vt 0.544481 0.210856
vt 0.552375 0.213767
vt 0.559742 0.217381
vt 0.566552 0.221794
vt 0.572777 0.227129
vt 0.578409 0.233597
vt 0.583446 0.241443
vt 0.478023 0.218823
vt 0.467601 0.218759
vt 0.488324 0.218998
vt 0.498444 0.219337
vt 0.508323 0.219897
vt 0.517900 0.220732
vt 0.527114 0.221898
vt 0.535906 0.223449
vt 0.544218 0.225442
vt 0.552011 0.227940
vt 0.559249 0.231006
vt 0.565893 0.234706
vt 0.571912 0.239126
vt 0.577284 0.244450
vt 0.581995 0.250933
vt 0.478021 0.234437
vt 0.467600 0.234383
vt 0.488318 0.234584
vt 0.498430 0.234871
vt 0.508295 0.235344
vt 0.517850 0.236049
vt 0.527036 0.237033
vt 0.535789 0.238343
vt 0.544051 0.240022
vt 0.551778 0.242103
vt 0.558926 0.244617
vt 0.565455 0.247593
vt 0.571319 0.251068
vt 0.576459 0.255096
vt 0.580830 0.259897
vt 0.457118 0.000000
vt 0.467611 0.000000
vt 0.457118 0.015625
vt 0.478103 0.000000
vt 0.488596 0.000000
vt 0.499089 0.000000
vt 0.509581 0.000000
vt 0.520074 0.000000
vt 0.530566 0.000000
vt 0.541059 0.000000
vt 0.551552 0.000000
vt 0.562044 0.000000
vt 0.572537 0.000000
vt 0.583030 0.000000
vt 0.593522 0.000000
vt 0.604015 0.000000
vt 0.614507 0.000000
vt 0.617809 0.042538
vt 0.608074 0.106201
vt 0.605173 0.128665
vt 0.602742 0.148434
vt 0.600636 0.166016
vt 0.598743 0.181752
vt 0.596955 0.195988
vt 0.595178 0.209020
vt 0.593388 0.220964
vt 0.591578 0.231890
vt 0.587885 0.250935
vt 0.584429 0.265599
vt 0.580060 0.268519
vt 0.576135 0.265955
vt 0.571099 0.263211
vt 0.565296 0.260638
vt 0.558811 0.258344
vt 0.551695 0.256351
vt 0.543993 0.254662
vt 0.535748 0.253279
vt 0.527008 0.252197
vt 0.517833 0.251383
vt 0.508285 0.250801
vt 0.498425 0.250410
vt 0.488316 0.250173
vt 0.478020 0.250051
vt 0.467600 0.250006
vt 0.457118 0.234375
vt 0.457118 0.250000
vt 0.457118 0.218750
vt 0.457118 0.203125
vt 0.457118 0.187500
vt 0.457118 0.171875
vt 0.457118 0.156250
vt 0.457118 0.140625
vt 0.457118 0.125000
vt 0.457118 0.109375
vt 0.457118 0.093750
vt 0.457118 0.078125
vt 0.457118 0.062500
vt 0.457118 0.046875
vt 0.457118 0.031250
vt 0.140625 0.515625
vt 0.156250 0.515625
vt 0.156250 0.531250
vt 0.140625 0.531250
vt 0.171875 0.515625
vt 0.171875 0.531250
vt 0.187500 0.515625
vt 0.187500 0.531250
vt 0.203125 0.515625
vt 0.203125 0.531250
vt 0.218750 0.515625
vt 0.218750 0.531250
vt 0.234375 0.515625
vt 0.234375 0.531250
vt 0.250000 0.515625
vt 0.250000 0.531250
vt 0.265625 0.515625
vt 0.265625 0.531250
vt 0.281250 0.515625
vt 0.281250 0.531250
vt 0.296875 0.515625
vt 0.296875 0.531250
vt 0.312500 0.515625
vt 0.312500 0.531250
vt 0.328125 0.515625
vt 0.328125 0.531250
vt 0.343750 0.515625
vt 0.343750 0.531250
vt 0.359375 0.515625
vt 0.359375 0.531250
vt 0.156250 0.546875
vt 0.140625 0.546875
vt 0.171875 0.546875
vt 0.187500 0.546875
vt 0.203125 0.546875
vt 0.218750 0.546875
vt 0.234375 0.546875
vt 0.250000 0.546875
vt 0.265625 0.546875
vt 0.281250 0.546875
vt 0.296875 0.546875
vt 0.312500 0.546875
vt 0.328125 0.546875
vt 0.343750 0.546875
vt 0.359375 0.546875
vt 0.156250 0.562500
vt 0.140625 0.562500
vt 0.171875 0.562500
vt 0.187500 0.562500
vt 0.203125 0.562500
vt 0.218750 0.562500
vt 0.234375 0.562500
vt 0.250000 0.562500
vt 0.265625 0.562500
vt 0.281250 0.562500
vt 0.296875 0.562500
vt 0.312500 0.562500
vt 0.328125 0.562500
vt 0.343750 0.562500
vt 0.359375 0.562500
vt 0.156250 0.578125
vt 0.140625 0.578125
vt 0.171875 0.578125
vt 0.187500 0.578125
vt 0.203125 0.578125
vt 0.218750 0.578125
vt 0.234375 0.578125
vt 0.250000 0.578125
vt 0.265625 0.578125
vt 0.281250 0.578125
vt 0.296875 0.578125
vt 0.312500 0.578125
vt 0.328125 0.578125
vt 0.343750 0.578125
vt 0.359375 0.578125
vt 0.156250 0.593750
vt 0.140625 0.593750
vt 0.171875 0.593750
vt 0.187500 0.593750
vt 0.203125 0.593750
vt 0.218750 0.593750
vt 0.234375 0.593750
vt 0.250000 0.593750
vt 0.265625 0.593750
vt 0.281250 0.593750
vt 0.296875 0.593750
vt 0.312500 0.593750
vt 0.328125 0.593750
vt 0.343750 0.593750
vt 0.359375 0.593750
vt 0.156250 0.609375
vt 0.140625 0.609375
vt 0.171875 0.609375
vt 0.187500 0.609375
vt 0.203125 0.609375
vt 0.218750 0.609375
vt 0.234375 0.609375
vt 0.250000 0.609375
vt 0.265625 0.609375
vt 0.281250 0.609375
vt 0.296875 0.609375
vt 0.312500 0.609375
vt 0.328125 0.609375
vt 0.343750 0.609375
vt 0.359375 0.609375
vt 0.156250 0.625000
vt 0.140625 0.625000
vt 0.171875 0.625000
vt 0.187500 0.625000
vt 0.203125 0.625000
vt 0.218750 0.625000
vt 0.234375 0.625000
vt 0.250000 0.625000
vt 0.265625 0.625000
vt 0.281250 0.625000
vt 0.296875 0.625000
vt 0.312500 0.625000
vt 0.328125 0.625000
vt 0.343750 0.625000
vt 0.359375 0.625000
vt 0.156250 0.640625
vt 0.140625 0.640625
vt 0.171875 0.640625
vt 0.187500 0.640625
vt 0.203125 0.640625
vt 0.218750 0.640625
vt 0.234375 0.640625
vt 0.250000 0.640625
vt 0.265625 0.640625
vt 0.281250 0.640625
vt 0.296875 0.640625
vt 0.312500 0.640625
vt 0.328125 0.640625
vt 0.343750 0.640625
vt 0.359375 0.640625
vt 0.156250 0.656250
vt 0.140625 0.656250
vt 0.171875 0.656250
vt 0.187500 0.656250
vt 0.203125 0.656250
vt 0.218750 0.656250
vt 0.234375 0.656250
vt 0.250000 0.656250
vt 0.265625 0.656250
vt 0.281250 0.656250
vt 0.296875 0.656250
vt 0.312500 0.656250
vt 0.328125 0.656250
vt 0.343750 0.656250
vt 0.359375 0.656250
vt 0.156250 0.671875
vt 0.140625 0.671875
vt 0.171875 0.671875
vt 0.187500 0.671875
vt 0.203125 0.671875
vt 0.218750 0.671875
vt 0.234375 0.671875
vt 0.250000 0.671875
vt 0.265625 0.671875
vt 0.281250 0.671875
vt 0.296875 0.671875
vt 0.312500 0.671875
vt 0.328125 0.671875
vt 0.343750 0.671875
vt 0.359375 0.671875
vt 0.156250 0.687500
vt 0.140625 0.687500
vt 0.171875 0.687500
vt 0.187500 0.687500
vt 0.203125 0.687500
vt 0.218750 0.687500
vt 0.234375 0.687500
vt 0.250000 0.687500
vt 0.265625 0.687500
vt 0.281250 0.687500
vt 0.296875 0.687500
vt 0.312500 0.687500
vt 0.328125 0.687500
vt 0.343750 0.687500
vt 0.359375 0.687500
vt 0.156250 0.703125
vt 0.140625 0.703125
vt 0.171875 0.703125
vt 0.187500 0.703125
vt 0.203125 0.703125
vt 0.218750 0.703125
vt 0.234375 0.703125
vt 0.250000 0.703125
vt 0.265625 0.703125
vt 0.281250 0.703125
vt 0.296875 0.703125
vt 0.312500 0.703125
vt 0.328125 0.703125
vt 0.343750 0.703125
vt 0.359375 0.703125
vt 0.156250 0.718750
vt 0.140625 0.718750
vt 0.171875 0.718750
vt 0.187500 0.718750
vt 0.203125 0.718750
vt 0.218750 0.718750
vt 0.234375 0.718750
vt 0.250000 0.718750
vt 0.265625 0.718750
vt 0.281250 0.718750
vt 0.296875 0.718750
vt 0.312500 0.718750
vt 0.328125 0.718750
vt 0.343750 0.718750
vt 0.359375 0.718750
vt 0.156250 0.734375
vt 0.140625 0.734375
vt 0.171875 0.734375
vt 0.187500 0.734375
vt 0.203125 0.734375
vt 0.218750 0.734375
vt 0.234375 0.734375
vt 0.250000 0.734375
vt 0.265625 0.734375
vt 0.281250 0.734375
vt 0.296875 0.734375
vt 0.312500 0.734375
vt 0.328125 0.734375
vt 0.343750 0.734375
vt 0.359375 0.734375
vt 0.125000 0.500000
vt 0.140625 0.500000
vt 0.125000 0.515625
vt 0.156250 0.500000
vt 0.171875 0.500000
vt 0.187500 0.500000
vt 0.203125 0.500000
vt 0.218750 0.500000
vt 0.234375 0.500000
vt 0.250000 0.500000
vt 0.265625 0.500000
vt 0.281250 0.500000
vt 0.296875 0.500000
vt 0.312500 0.500000
vt 0.328125 0.500000
vt 0.343750 0.500000
vt 0.359375 0.500000
vt 0.375000 0.500000
vt 0.375000 0.515625
vt 0.375000 0.531250
vt 0.375000 0.546875
vt 0.375000 0.562500
vt 0.375000 0.578125
vt 0.375000 0.593750
vt 0.375000 0.609375
vt 0.375000 0.625000
vt 0.375000 0.640625
vt 0.375000 0.656250
vt 0.375000 0.671875
vt 0.375000 0.687500
vt 0.375000 0.703125
vt 0.375000 0.718750
vt 0.375000 0.734375
vt 0.375000 0.750000
vt 0.359375 0.750000
vt 0.343750 0.750000
vt 0.328125 0.750000
vt 0.312500 0.750000
vt 0.296875 0.750000
vt 0.281250 0.750000
vt 0.265625 0.750000
vt 0.250000 0.750000
vt 0.234375 0.750000
vt 0.218750 0.750000
vt 0.203125 0.750000
vt 0.187500 0.750000
vt 0.171875 0.750000
vt 0.156250 0.750000
vt 0.140625 0.750000
vt 0.125000 0.734375
vt 0.125000 0.750000
vt 0.125000 0.718750
vt 0.125000 0.703125
vt 0.125000 0.687500
vt 0.125000 0.671875
vt 0.125000 0.656250
vt 0.125000 0.640625
vt 0.125000 0.625000
vt 0.125000 0.609375
vt 0.125000 0.593750
vt 0.125000 0.578125
vt 0.125000 0.562500
vt 0.125000 0.546875
vt 0.125000 0.531250
vt 0.467600 0.515617
vt 0.478021 0.515563
vt 0.478023 0.531177
vt 0.467601 0.531241
vt 0.488318 0.515416
vt 0.488324 0.531002
vt 0.498430 0.515129
vt 0.498444 0.530663
vt 0.508295 0.514656
vt 0.508323 0.530103
vt 0.517851 0.513951
vt 0.517900 0.529268
vt 0.527036 0.512967
vt 0.527114 0.528102
vt 0.535789 0.511657
vt 0.535906 0.526551
vt 0.544051 0.509978
vt 0.544218 0.524558
vt 0.551778 0.507897
vt 0.552011 0.522060
vt 0.558926 0.505384
vt 0.559249 0.518994
vt 0.565455 0.502407
vt 0.565893 0.515294
vt 0.571319 0.498932
vt 0.571912 0.510874
vt 0.576459 0.494904
vt 0.577284 0.505551
vt 0.580830 0.490103
vt 0.581995 0.499067
vt 0.478026 0.546790
vt 0.467601 0.546864
vt 0.488334 0.546589
vt 0.498467 0.546197
vt 0.508368 0.545550
vt 0.517977 0.544586
vt 0.527237 0.543240
vt 0.536090 0.541449
vt 0.544481 0.539144
vt 0.552375 0.536233
vt 0.559742 0.532619
vt 0.566552 0.528206
vt 0.572777 0.522871
vt 0.578410 0.516403
vt 0.583446 0.508557
vt 0.478029 0.562405
vt 0.467601 0.562488
vt 0.488347 0.562178
vt 0.498498 0.561737
vt 0.508427 0.561011
vt 0.518079 0.559926
vt 0.527399 0.558413
vt 0.536331 0.556400
vt 0.544824 0.553805
vt 0.552847 0.550511
vt 0.560372 0.546393
vt 0.567372 0.541322
vt 0.573822 0.535160
vt 0.579708 0.527712
vt 0.585019 0.518772
vt 0.478034 0.578021
vt 0.467602 0.578112
vt 0.488362 0.577773
vt 0.498534 0.577291
vt 0.508498 0.576495
vt 0.518201 0.575309
vt 0.527593 0.573653
vt 0.536621 0.571449
vt 0.545236 0.568608
vt 0.553407 0.564989
vt 0.561106 0.560441
vt 0.568302 0.554813
vt 0.574970 0.547948
vt 0.581087 0.539666
vt 0.586630 0.529782
vt 0.478039 0.593639
vt 0.467603 0.593736
vt 0.488379 0.593375
vt 0.498575 0.592862
vt 0.508578 0.592016
vt 0.518340 0.590753
vt 0.527814 0.588991
vt 0.536950 0.586646
vt 0.545704 0.583620
vt 0.554039 0.579753
vt 0.561921 0.574872
vt 0.569317 0.568802
vt 0.576194 0.561366
vt 0.582519 0.552383
vt 0.588261 0.541668
vt 0.478045 0.609260
vt 0.467603 0.609361
vt 0.488398 0.608988
vt 0.498620 0.608458
vt 0.508666 0.607584
vt 0.518492 0.606279
vt 0.528055 0.604459
vt 0.537310 0.602037
vt 0.546214 0.598908
vt 0.554725 0.594892
vt 0.562800 0.589788
vt 0.570397 0.583399
vt 0.577476 0.575524
vt 0.583993 0.565963
vt 0.589908 0.554515
vt 0.478051 0.624885
vt 0.467604 0.624986
vt 0.488418 0.624613
vt 0.498668 0.624084
vt 0.508759 0.623210
vt 0.518653 0.621908
vt 0.528310 0.620089
vt 0.537691 0.617670
vt 0.546754 0.614539
vt 0.555449 0.610490
vt 0.563723 0.605293
vt 0.571525 0.598717
vt 0.578801 0.590532
vt 0.585500 0.580506
vt 0.591569 0.568410
vt 0.478057 0.640515
vt 0.467605 0.640611
vt 0.488439 0.640253
vt 0.498717 0.639744
vt 0.508855 0.638904
vt 0.518819 0.637651
vt 0.528574 0.635902
vt 0.538084 0.633575
vt 0.547311 0.630556
vt 0.556196 0.626607
vt 0.564675 0.621459
vt 0.572685 0.614844
vt 0.580162 0.606492
vt 0.587041 0.596126
vt 0.593256 0.583470
vt 0.478063 0.656148
vt 0.467606 0.656237
vt 0.488460 0.655905
vt 0.498766 0.655433
vt 0.508952 0.654654
vt 0.518986 0.653492
vt 0.528840 0.651870
vt 0.538481 0.649713
vt 0.547875 0.646904
vt 0.556954 0.643180
vt 0.565647 0.638239
vt 0.573883 0.631778
vt 0.581585 0.623484
vt 0.588669 0.612998
vt 0.595047 0.599950
vt 0.478069 0.671784
vt 0.467606 0.671864
vt 0.488481 0.671567
vt 0.498815 0.671144
vt 0.509048 0.670447
vt 0.519152 0.669408
vt 0.529103 0.667957
vt 0.538874 0.666027
vt 0.548432 0.663507
vt 0.557711 0.660122
vt 0.566634 0.655556
vt 0.575127 0.649494
vt 0.583106 0.641580
vt 0.590451 0.631309
vt 0.597034 0.618137
vt 0.478075 0.687421
vt 0.467607 0.687490
vt 0.488501 0.687234
vt 0.498863 0.686870
vt 0.509140 0.686270
vt 0.519312 0.685374
vt 0.529357 0.684124
vt 0.539254 0.682460
vt 0.548973 0.680285
vt 0.558454 0.677342
vt 0.567629 0.673334
vt 0.576427 0.667966
vt 0.584760 0.660852
vt 0.592452 0.651248
vt 0.599309 0.638318
vt 0.478081 0.703060
vt 0.467608 0.703117
vt 0.488520 0.702905
vt 0.498908 0.702604
vt 0.509228 0.702108
vt 0.519463 0.701367
vt 0.529597 0.700333
vt 0.539612 0.698958
vt 0.549486 0.697161
vt 0.559172 0.694741
vt 0.568619 0.691465
vt 0.577776 0.687101
vt 0.586553 0.681258
vt 0.594715 0.672913
vt 0.601975 0.660832
vt 0.478086 0.718699
vt 0.467609 0.718744
vt 0.488537 0.718577
vt 0.498949 0.718339
vt 0.509308 0.717947
vt 0.519602 0.717363
vt 0.529817 0.716547
vt 0.539941 0.715462
vt 0.549957 0.714051
vt 0.559840 0.712188
vt 0.569563 0.709731
vt 0.579096 0.706536
vt 0.588375 0.702295
vt 0.597183 0.696036
vt 0.605170 0.686222
vt 0.478090 0.734337
vt 0.467609 0.734370
vt 0.488552 0.734245
vt 0.498985 0.734068
vt 0.509379 0.733775
vt 0.519725 0.733338
vt 0.530012 0.732728
vt 0.540232 0.731916
vt 0.550374 0.730870
vt 0.560436 0.729542
vt 0.570411 0.727882
vt 0.580296 0.725838
vt 0.590076 0.723301
vt 0.599696 0.719930
vt 0.608957 0.715487
vt 0.457118 0.500000
vt 0.467600 0.499994
vt 0.457118 0.515625
vt 0.478020 0.499949
vt 0.488316 0.499827
vt 0.498425 0.499590
vt 0.508285 0.499199
vt 0.517833 0.498617
vt 0.527008 0.497803
vt 0.535748 0.496721
vt 0.543993 0.495338
vt 0.551695 0.493649
vt 0.558811 0.491657
vt 0.565296 0.489362
vt 0.571099 0.486789
vt 0.576135 0.484045
vt 0.580060 0.481481
vt 0.584429 0.484401
vt 0.586051 0.490969
vt 0.587885 0.499065
vt 0.591578 0.518110
vt 0.593388 0.529036
vt 0.596955 0.554012
vt 0.598743 0.568246
vt 0.600631 0.583971
vt 0.602727 0.601520
vt 0.608001 0.643582
vt 0.611605 0.669708
vt 0.457118 0.734375
vt 0.457118 0.718750
vt 0.457118 0.703125
vt 0.457118 0.687500
vt 0.457118 0.671875
vt 0.457118 0.656250
vt 0.457118 0.640625
vt 0.457118 0.625000
vt 0.457118 0.609375
vt 0.457118 0.593750
vt 0.457118 0.578125
vt 0.457118 0.562500
vt 0.457118 0.546875
vt 0.457118 0.531250
vt 0.467600 0.265630
vt 0.478021 0.265667
vt 0.478023 0.281284
vt 0.467601 0.281254
vt 0.488318 0.265766
vt 0.488323 0.281363
vt 0.498430 0.265959
vt 0.498442 0.281518
vt 0.508294 0.266277
vt 0.508319 0.281773
vt 0.517850 0.266752
vt 0.517893 0.282154
vt 0.527035 0.267415
vt 0.527103 0.282686
vt 0.535787 0.268297
vt 0.535890 0.283393
vt 0.544048 0.269419
vt 0.544196 0.284288
vt 0.551774 0.270761
vt 0.551981 0.285333
vt 0.558921 0.272294
vt 0.559209 0.286474
vt 0.565449 0.273988
vt 0.565846 0.287660
vt 0.571312 0.275772
vt 0.571856 0.288794
vt 0.576451 0.277418
vt 0.577221 0.289601
vt 0.580822 0.278471
vt 0.581925 0.289705
vt 0.478025 0.296901
vt 0.467601 0.296878
vt 0.488331 0.296964
vt 0.498461 0.297085
vt 0.508355 0.297286
vt 0.517954 0.297585
vt 0.527201 0.298002
vt 0.536035 0.298557
vt 0.544403 0.299256
vt 0.552271 0.300046
vt 0.559610 0.300863
vt 0.566391 0.301639
vt 0.572588 0.302274
vt 0.578196 0.302530
vt 0.583212 0.302126
vt 0.478027 0.312520
vt 0.467601 0.312503
vt 0.488340 0.312567
vt 0.498481 0.312660
vt 0.508395 0.312812
vt 0.518024 0.313039
vt 0.527312 0.313356
vt 0.536201 0.313778
vt 0.544641 0.314305
vt 0.552601 0.314883
vt 0.560059 0.315440
vt 0.566990 0.315907
vt 0.573375 0.316195
vt 0.579202 0.316139
vt 0.584463 0.315557
vt 0.478030 0.328139
vt 0.467601 0.328127
vt 0.488349 0.328173
vt 0.498502 0.328240
vt 0.508436 0.328349
vt 0.518095 0.328513
vt 0.527424 0.328741
vt 0.536368 0.329044
vt 0.544878 0.329421
vt 0.552927 0.329822
vt 0.560494 0.330182
vt 0.567557 0.330441
vt 0.574097 0.330525
vt 0.580098 0.330334
vt 0.585545 0.329756
vt 0.478032 0.343759
vt 0.467602 0.343751
vt 0.488356 0.343781
vt 0.498520 0.343824
vt 0.508471 0.343895
vt 0.518156 0.344001
vt 0.527521 0.344148
vt 0.536513 0.344344
vt 0.545084 0.344587
vt 0.553208 0.344838
vt 0.560864 0.345051
vt 0.568029 0.345180
vt 0.574685 0.345174
vt 0.580810 0.344975
vt 0.586386 0.344522
vt 0.478034 0.359380
vt 0.467602 0.359376
vt 0.488362 0.359390
vt 0.498533 0.359411
vt 0.508496 0.359446
vt 0.518199 0.359498
vt 0.527590 0.359570
vt 0.536616 0.359666
vt 0.545230 0.359785
vt 0.553406 0.359906
vt 0.561121 0.360005
vt 0.568353 0.360056
vt 0.575080 0.360034
vt 0.581279 0.359913
vt 0.586930 0.359666
vt 0.478034 0.375000
vt 0.467602 0.375000
vt 0.488364 0.375000
vt 0.498538 0.375000
vt 0.508506 0.375000
vt 0.518216 0.375000
vt 0.527616 0.375000
vt 0.536655 0.375000
vt 0.545285 0.375000
vt 0.553481 0.375000
vt 0.561217 0.375000
vt 0.568473 0.375000
vt 0.575224 0.375000
vt 0.581449 0.375000
vt 0.587124 0.375000
vt 0.478034 0.390620
vt 0.467602 0.390624
vt 0.488362 0.390610
vt 0.498533 0.390589
vt 0.508496 0.390554
vt 0.518199 0.390502
vt 0.527590 0.390430
vt 0.536616 0.390334
vt 0.545230 0.390215
vt 0.553406 0.390094
vt 0.561121 0.389995
vt 0.568353 0.389945
vt 0.575080 0.389966
vt 0.581279 0.390087
vt 0.586930 0.390334
vt 0.478032 0.406241
vt 0.467602 0.406249
vt 0.488356 0.406219
vt 0.498520 0.406176
vt 0.508471 0.406105
vt 0.518156 0.406000
vt 0.527521 0.405852
vt 0.536513 0.405656
vt 0.545084 0.405414
vt 0.553208 0.405162
vt 0.560864 0.404949
vt 0.568029 0.404821
vt 0.574685 0.404826
vt 0.580810 0.405025
vt 0.586386 0.405478
vt 0.478030 0.421861
vt 0.467601 0.421873
vt 0.488349 0.421827
vt 0.498502 0.421760
vt 0.508436 0.421651
vt 0.518095 0.421487
vt 0.527424 0.421259
vt 0.536368 0.420956
vt 0.544878 0.420579
vt 0.552927 0.420179
vt 0.560494 0.419818
vt 0.567557 0.419560
vt 0.574097 0.419475
vt 0.580098 0.419666
vt 0.585545 0.420245
vt 0.478027 0.437480
vt 0.467601 0.437498
vt 0.488340 0.437433
vt 0.498481 0.437340
vt 0.508395 0.437188
vt 0.518024 0.436961
vt 0.527312 0.436644
vt 0.536201 0.436222
vt 0.544641 0.435695
vt 0.552601 0.435117
vt 0.560059 0.434560
vt 0.566990 0.434093
vt 0.573375 0.433805
vt 0.579202 0.433861
vt 0.584463 0.434443
vt 0.478025 0.453099
vt 0.467601 0.453122
vt 0.488331 0.453036
vt 0.498461 0.452915
vt 0.508355 0.452714
vt 0.517954 0.452415
vt 0.527201 0.451998
vt 0.536035 0.451443
vt 0.544403 0.450744
vt 0.552271 0.449954
vt 0.559610 0.449138
vt 0.566391 0.448362
vt 0.572588 0.447726
vt 0.578196 0.447471
vt 0.583211 0.447874
vt 0.478023 0.468717
vt 0.467601 0.468746
vt 0.488323 0.468637
vt 0.498442 0.468482
vt 0.508319 0.468227
vt 0.517893 0.467846
vt 0.527103 0.467314
vt 0.535890 0.466607
vt 0.544195 0.465712
vt 0.551981 0.464667
vt 0.559209 0.463526
vt 0.565846 0.462340
vt 0.571856 0.461206
vt 0.577220 0.460399
vt 0.581925 0.460295
vt 0.478021 0.484333
vt 0.467600 0.484370
vt 0.488318 0.484234
vt 0.498430 0.484041
vt 0.508294 0.483723
vt 0.517850 0.483248
vt 0.527035 0.482585
vt 0.535787 0.481703
vt 0.544048 0.480581
vt 0.551774 0.479239
vt 0.558921 0.477706
vt 0.565449 0.476012
vt 0.571312 0.474228
vt 0.576451 0.472582
vt 0.580822 0.471529
vt 0.457118 0.265625
vt 0.585977 0.288514
vt 0.587635 0.300756
vt 0.589152 0.314264
vt 0.590424 0.328679
vt 0.592010 0.359267
vt 0.592227 0.375000
vt 0.592010 0.390733
vt 0.591393 0.406247
vt 0.590424 0.421321
vt 0.589152 0.435736
vt 0.585977 0.461486
vt 0.580060 0.481481
vt 0.457118 0.484375
vt 0.457118 0.468750
vt 0.457118 0.453125
vt 0.457118 0.437500
vt 0.457118 0.421875
vt 0.457118 0.406250
vt 0.457118 0.390625
vt 0.457118 0.375000
vt 0.457118 0.359375
vt 0.457118 0.343750
vt 0.457118 0.328125
vt 0.457118 0.312500
vt 0.457118 0.296875
vt 0.457118 0.281250
vt 0.379643 0.265625
vt 0.384270 0.265625
vt 0.384270 0.281250
vt 0.379643 0.281250
vt 0.388864 0.265625
vt 0.388864 0.281250
vt 0.393410 0.265625
vt 0.393410 0.281250
vt 0.397890 0.265625
vt 0.397890 0.281250
vt 0.402290 0.265625
vt 0.402290 0.281250
vt 0.406592 0.265625
vt 0.406592 0.281250
vt 0.410780 0.265625
vt 0.410780 0.281250
vt 0.414838 0.265625
vt 0.414838 0.281250
vt 0.418750 0.265625
vt 0.418750 0.281250
vt 0.422499 0.265625
vt 0.422499 0.281250
vt 0.426070 0.265625
vt 0.426070 0.281250
vt 0.429446 0.265625
vt 0.429446 0.281250
vt 0.432611 0.265625
vt 0.432611 0.281250
vt 0.435548 0.265625
vt 0.435548 0.281250
vt 0.384270 0.296875
vt 0.379643 0.296875
vt 0.388864 0.296875
vt 0.393410 0.296875
vt 0.397890 0.296875
vt 0.402290 0.296875
vt 0.406592 0.296875
vt 0.410780 0.296875
vt 0.414838 0.296875
vt 0.418750 0.296875
vt 0.422499 0.296875
vt 0.426070 0.296875
vt 0.429446 0.296875
vt 0.432611 0.296875
vt 0.435548 0.296875
vt 0.384270 0.312500
vt 0.379643 0.312500
vt 0.388864 0.312500
vt 0.393410 0.312500
vt 0.397890 0.312500
vt 0.402290 0.312500
vt 0.406592 0.312500
vt 0.410780 0.312500
vt 0.414838 0.312500
vt 0.418750 0.312500
vt 0.422500 0.312500
vt 0.426070 0.312500
vt 0.429446 0.312500
vt 0.432611 0.312500
vt 0.435548 0.312500
vt 0.384270 0.328125
vt 0.379643 0.328125
vt 0.388864 0.328125
vt 0.393410 0.328125
vt 0.397890 0.328125
vt 0.402290 0.328125
vt 0.406592 0.328125
vt 0.410780 0.328125
vt 0.414838 0.328125
vt 0.418750 0.328125
vt 0.422500 0.328125
vt 0.426070 0.328125
vt 0.429446 0.328125
vt 0.432611 0.328125
vt 0.435548 0.328125
vt 0.384270 0.343750
vt 0.379643 0.343750
vt 0.388864 0.343750
vt 0.393410 0.343750
vt 0.397890 0.343750
vt 0.402290 0.343750
vt 0.406592 0.343750
vt 0.410780 0.343750
vt 0.414838 0.343750
vt 0.418750 0.343750
vt 0.422500 0.343750
vt 0.426070 0.343750
vt 0.429446 0.343750
vt 0.432611 0.343750
vt 0.435548 0.343750
vt 0.384270 0.359375
vt 0.379643 0.359375
vt 0.388864 0.359375
vt 0.393410 0.359375
vt 0.397890 0.359375
vt 0.402290 0.359375
vt 0.406592 0.359375
vt 0.410780 0.359375
vt 0.414838 0.359375
vt 0.418750 0.359375
vt 0.422499 0.359375
vt 0.426070 0.359375
vt 0.429446 0.359375
vt 0.432611 0.359375
vt 0.435548 0.359375
vt 0.384270 0.375000
vt 0.379643 0.375000
vt 0.388864 0.375000
vt 0.393410 0.375000
vt 0.397890 0.375000
vt 0.402290 0.375000
vt 0.406592 0.375000
vt 0.410780 0.375000
vt 0.414838 0.375000
vt 0.418750 0.375000
vt 0.422499 0.375000
vt 0.426070 0.375000
vt 0.429446 0.375000
vt 0.432611 0.375000
vt 0.435548 0.375000
vt 0.384270 0.390625
vt 0.379643 0.390625
vt 0.388864 0.390625
vt 0.393410 0.390625
vt 0.397890 0.390625
vt 0.402290 0.390625
vt 0.406592 0.390625
vt 0.410780 0.390625
vt 0.414838 0.390625
vt 0.418750 0.390625
vt 0.422499 0.390625
vt 0.426070 0.390625
vt 0.429446 0.390625
vt 0.432611 0.390625
vt 0.435548 0.390625
vt 0.384270 0.406250
vt 0.379643 0.406250
vt 0.388864 0.406250
vt 0.393410 0.406250
vt 0.397890 0.406250
vt 0.402290 0.406250
vt 0.406592 0.406250
vt 0.410780 0.406250
vt 0.414838 0.406250
vt 0.418750 0.406250
vt 0.422499 0.406250
vt 0.426070 0.406250
vt 0.429446 0.406250
vt 0.432611 0.406250
vt 0.435548 0.406250
vt 0.384270 0.421875
vt 0.379643 0.421875
vt 0.388864 0.421875
vt 0.393410 0.421875
vt 0.397890 0.421875
vt 0.402290 0.421875
vt 0.406592 0.421875
vt 0.410780 0.421875
vt 0.414838 0.421875
vt 0.418750 0.421875
vt 0.422499 0.421875
vt 0.426070 0.421875
vt 0.429446 0.421875
vt 0.432611 0.421875
vt 0.435548 0.421875
vt 0.384270 0.437500
vt 0.379643 0.437500
vt 0.388864 0.437500
vt 0.393410 0.437500
vt 0.397890 0.437500
vt 0.402290 0.437500
vt 0.406592 0.437500
vt 0.410780 0.437500
vt 0.414838 0.437500
vt 0.418750 0.437500
vt 0.422499 0.437500
vt 0.426070 0.437500
vt 0.429446 0.437500
vt 0.432611 0.437500
vt 0.435548 0.437500
vt 0.384270 0.453125
vt 0.379643 0.453125
vt 0.388864 0.453125
vt 0.393410 0.453125
vt 0.397890 0.453125
vt 0.402290 0.453125
vt 0.406592 0.453125
vt 0.410780 0.453125
vt 0.414838 0.453125
vt 0.418750 0.453125
vt 0.422499 0.453125
vt 0.426070 0.453125
vt 0.429446 0.453125
vt 0.432611 0.453125
vt 0.435548 0.453125
vt 0.384270 0.468750
vt 0.379643 0.468750
vt 0.388864 0.468750
vt 0.393410 0.468750
vt 0.397890 0.468750
vt 0.402290 0.468750
vt 0.406592 0.468750
vt 0.410780 0.468750
vt 0.414838 0.468750
vt 0.418750 0.468750
vt 0.422500 0.468750
vt 0.426070 0.468750
vt 0.429446 0.468750
vt 0.432611 0.468750
vt 0.435548 0.468750
vt 0.384270 0.484375
vt 0.379643 0.484375
vt 0.388864 0.484375
vt 0.393410 0.484375
vt 0.397890 0.484375
vt 0.402290 0.484375
vt 0.406592 0.484375
vt 0.410780 0.484375
vt 0.414838 0.484375
vt 0.418750 0.484375
vt 0.422499 0.484375
vt 0.426070 0.484375
vt 0.429446 0.484375
vt 0.432611 0.484375
vt 0.435548 0.484375
vt 0.375000 0.250000
vt 0.379643 0.250000
vt 0.375000 0.265625
vt 0.384270 0.250000
vt 0.388864 0.250000
vt 0.393410 0.250000
vt 0.397890 0.250000
vt 0.402290 0.250000
vt 0.406592 0.250000
vt 0.410780 0.250000
vt 0.414838 0.250000
vt 0.418750 0.250000
vt 0.422499 0.250000
vt 0.426070 0.250000
vt 0.429446 0.250000
vt 0.432611 0.250000
vt 0.435548 0.250000
vt 0.438241 0.250000
vt 0.438241 0.265625
vt 0.438241 0.281250
vt 0.438241 0.296875
vt 0.438241 0.312500
vt 0.438241 0.328125
vt 0.438241 0.343750
vt 0.438241 0.359375
vt 0.438241 0.375000
vt 0.438241 0.390625
vt 0.438241 0.406250
vt 0.438241 0.421875
vt 0.438241 0.437500
vt 0.438241 0.453125
vt 0.438241 0.468750
vt 0.438241 0.484375
vt 0.438241 0.500000
vt 0.435548 0.500000
vt 0.432611 0.500000
vt 0.429446 0.500000
vt 0.426070 0.500000
vt 0.422499 0.500000
vt 0.418750 0.500000
vt 0.414838 0.500000
vt 0.410780 0.500000
vt 0.406592 0.500000
vt 0.402290 0.500000
vt 0.397890 0.500000
vt 0.393410 0.500000
vt 0.388864 0.500000
vt 0.384270 0.500000
vt 0.379643 0.500000
vt 0.375000 0.484375
vt 0.375000 0.500000
vt 0.375000 0.468750
vt 0.375000 0.453125
vt 0.375000 0.437500
vt 0.375000 0.421875
vt 0.375000 0.406250
vt 0.375000 0.390625
vt 0.375000 0.375000
vt 0.375000 0.359375
vt 0.375000 0.343750
vt 0.375000 0.328125
vt 0.375000 0.312500
vt 0.375000 0.296875
vt 0.375000 0.281250
vt 0.379643 0.515625
vt 0.384270 0.515625
vt 0.384270 0.531250
vt 0.379643 0.531250
vt 0.388864 0.515625
vt 0.388864 0.531250
vt 0.393410 0.515625
vt 0.393410 0.531250
vt 0.397890 0.515625
vt 0.397890 0.531250
vt 0.402290 0.515625
vt 0.402290 0.531250
vt 0.406592 0.515625
vt 0.406592 0.531250
vt 0.410780 0.515625
vt 0.410780 0.531250
vt 0.414838 0.515625
vt 0.414838 0.531250
vt 0.418750 0.515625
vt 0.418750 0.531250
vt 0.422499 0.515625
vt 0.422499 0.531250
vt 0.426070 0.515625
vt 0.426070 0.531250
vt 0.429446 0.515625
vt 0.429446 0.531250
vt 0.432611 0.515625
vt 0.432611 0.531250
vt 0.435548 0.515625
vt 0.435548 0.531250
vt 0.384270 0.546875
vt 0.379643 0.546875
vt 0.388864 0.546875
vt 0.393410 0.546875
vt 0.397890 0.546875
vt 0.402290 0.546875
vt 0.406592 0.546875
vt 0.410780 0.546875
vt 0.414838 0.546875
vt 0.418750 0.546875
vt 0.422499 0.546875
vt 0.426070 0.546875
vt 0.429446 0.546875
vt 0.432611 0.546875
vt 0.435548 0.546875
vt 0.384270 0.562500
vt 0.379643 0.562500
vt 0.388864 0.562500
vt 0.393410 0.562500
vt 0.397890 0.562500
vt 0.402290 0.562500
vt 0.406592 0.562500
vt 0.410780 0.562500
vt 0.414838 0.562500
vt 0.418750 0.562500
vt 0.422500 0.562500
vt 0.426070 0.562500
vt 0.429446 0.562500
vt 0.432611 0.562500
vt 0.435548 0.562500
vt 0.384270 0.578125
vt 0.379643 0.578125
vt 0.388864 0.578125
vt 0.393410 0.578125
vt 0.397890 0.578125
vt 0.402290 0.578125
vt 0.406592 0.578125
vt 0.410780 0.578125
vt 0.414838 0.578125
vt 0.418750 0.578125
vt 0.422500 0.578125
vt 0.426070 0.578125
vt 0.429446 0.578125
vt 0.432611 0.578125
vt 0.435548 0.578125
vt 0.384270 0.593750
vt 0.379643 0.593750
vt 0.388864 0.593750
vt 0.393410 0.593750
vt 0.397890 0.593750
vt 0.402290 0.593750
vt 0.406592 0.593750
vt 0.410780 0.593750
vt 0.414838 0.593750
vt 0.418750 0.593750
vt 0.422499 0.593750
vt 0.426070 0.593750
vt 0.429446 0.593750
vt 0.432611 0.593750
vt 0.435548 0.593750
vt 0.384270 0.609375
vt 0.379643 0.609375
vt 0.388864 0.609375
vt 0.393410 0.609375
vt 0.397890 0.609375
vt 0.402290 0.609375
vt 0.406592 0.609375
vt 0.410780 0.609375
vt 0.414838 0.609375
vt 0.418750 0.609375
vt 0.422499 0.609375
vt 0.426070 0.609375
vt 0.429446 0.609375
vt 0.432611 0.609375
vt 0.435548 0.609375
vt 0.384270 0.625000
vt 0.379643 0.625000
vt 0.388864 0.625000
vt 0.393410 0.625000
vt 0.397890 0.625000
vt 0.402290 0.625000
vt 0.406592 0.625000
vt 0.410780 0.625000
vt 0.414838 0.625000
vt 0.418750 0.625000
vt 0.422499 0.625000
vt 0.426070 0.625000
vt 0.429446 0.625000
vt 0.432611 0.625000
vt 0.435548 0.625000
vt 0.384270 0.640625
vt 0.379643 0.640625
vt 0.388864 0.640625
vt 0.393410 0.640625
vt 0.397890 0.640625
vt 0.402290 0.640625
vt 0.406592 0.640625
vt 0.410780 0.640625
vt 0.414838 0.640625
vt 0.418750 0.640625
vt 0.422499 0.640625
vt 0.426070 0.640625
vt 0.429446 0.640625
vt 0.432611 0.640625
vt 0.435548 0.640625
vt 0.384270 0.656250
vt 0.379643 0.656250
vt 0.388864 0.656250
vt 0.393410 0.656250
vt 0.397890 0.656250
vt 0.402290 0.656250
vt 0.406592 0.656250
vt 0.410780 0.656250
vt 0.414838 0.656250
vt 0.418750 0.656250
vt 0.422499 0.656250
vt 0.426070 0.656250
vt 0.429446 0.656250
vt 0.432611 0.656250
vt 0.435548 0.656250
vt 0.384270 0.671875
vt 0.379643 0.671875
vt 0.388864 0.671875
vt 0.393410 0.671875
vt 0.397890 0.671875
vt 0.402290 0.671875
vt 0.406592 0.671875
vt 0.410780 0.671875
vt 0.414838 0.671875
vt 0.418750 0.671875
vt 0.422499 0.671875
vt 0.426070 0.671875
vt 0.429446 0.671875
vt 0.432611 0.671875
vt 0.435548 0.671875
vt 0.384270 0.687500
vt 0.379643 0.687500
vt 0.388864 0.687500
vt 0.393410 0.687500
vt 0.397890 0.687500
vt 0.402290 0.687500
vt 0.406592 0.687500
vt 0.410780 0.687500
vt 0.414838 0.687500
vt 0.418750 0.687500
vt 0.422499 0.687500
vt 0.426070 0.687500
vt 0.429446 0.687500
vt 0.432611 0.687500
vt 0.435548 0.687500
vt 0.384270 0.703125
vt 0.379643 0.703125
vt 0.388864 0.703125
vt 0.393410 0.703125
vt 0.397890 0.703125
vt 0.402290 0.703125
vt 0.406592 0.703125
vt 0.410780 0.703125
vt 0.414838 0.703125
vt 0.418750 0.703125
vt 0.422499 0.703125
vt 0.426070 0.703125
vt 0.429446 0.703125
vt 0.432611 0.703125
vt 0.435548 0.703125
vt 0.384270 0.718750
vt 0.379643 0.718750
vt 0.388864 0.718750
vt 0.393410 0.718750
vt 0.397890 0.718750
vt 0.402290 0.718750
vt 0.406592 0.718750
vt 0.410780 0.718750
vt 0.414838 0.718750
vt 0.418750 0.718750
vt 0.422500 0.718750
vt 0.426070 0.718750
vt 0.429446 0.718750
vt 0.432611 0.718750
vt 0.435548 0.718750
vt 0.384270 0.734375
vt 0.379643 0.734375
vt 0.388864 0.734375
vt 0.393410 0.734375
vt 0.397890 0.734375
vt 0.402290 0.734375
vt 0.406592 0.734375
vt 0.410780 0.734375
vt 0.414838 0.734375
vt 0.418750 0.734375
vt 0.422499 0.734375
vt 0.426070 0.734375
vt 0.429446 0.734375
vt 0.432611 0.734375
vt 0.435548 0.734375
vt 0.375000 0.515625
vt 0.438241 0.515625
vt 0.438241 0.531250
vt 0.438241 0.546875
vt 0.438241 0.562500
vt 0.438241 0.578125
vt 0.438241 0.593750
vt 0.438241 0.609375
vt 0.438241 0.625000
vt 0.438241 0.640625
vt 0.438241 0.656250
vt 0.438241 0.671875
vt 0.438241 0.687500
vt 0.438241 0.703125
vt 0.438241 0.718750
vt 0.438241 0.734375
vt 0.438241 0.750000
vt 0.435548 0.750000
vt 0.432611 0.750000
vt 0.429446 0.750000
vt 0.426070 0.750000
vt 0.422499 0.750000
vt 0.418750 0.750000
vt 0.414838 0.750000
vt 0.410780 0.750000
vt 0.406592 0.750000
vt 0.402290 0.750000
vt 0.397890 0.750000
vt 0.393410 0.750000
vt 0.388864 0.750000
vt 0.384270 0.750000
vt 0.379643 0.750000
vt 0.375000 0.734375
vt 0.375000 0.750000
vt 0.379645 0.015625
vt 0.384289 0.015625
vt 0.384286 0.031250
vt 0.379645 0.031250
vt 0.388928 0.015625
vt 0.388919 0.031250
vt 0.393562 0.015625
vt 0.393540 0.031250
vt 0.398187 0.015625
vt 0.398145 0.031250
vt 0.402802 0.015625
vt 0.402730 0.031250
vt 0.407405 0.015625
vt 0.407291 0.031250
vt 0.411993 0.015625
vt 0.411823 0.031250
vt 0.416565 0.015625
vt 0.416321 0.031250
vt 0.421110 0.015625
vt 0.420768 0.031250
vt 0.425618 0.015625
vt 0.425144 0.031250
vt 0.430081 0.015625
vt 0.429431 0.031250
vt 0.434477 0.015625
vt 0.433594 0.031250
vt 0.438747 0.015625
vt 0.437538 0.031250
vt 0.442955 0.015625
vt 0.441122 0.031250
vt 0.384284 0.046875
vt 0.379645 0.046875
vt 0.388911 0.046875
vt 0.393520 0.046875
vt 0.398105 0.046875
vt 0.402660 0.046875
vt 0.407180 0.046875
vt 0.411658 0.046875
vt 0.416086 0.046875
vt 0.420439 0.046875
vt 0.424692 0.046875
vt 0.428818 0.046875
vt 0.432779 0.046875
vt 0.436483 0.046875
vt 0.439821 0.046875
vt 0.384281 0.062500
vt 0.379645 0.062500
vt 0.388902 0.062500
vt 0.393500 0.062500
vt 0.398067 0.062500
vt 0.402594 0.062500
vt 0.407075 0.062500
vt 0.411502 0.062500
vt 0.415862 0.062500
vt 0.420130 0.062500
vt 0.424273 0.062500
vt 0.428262 0.062500
vt 0.432058 0.062500
vt 0.435594 0.062500
vt 0.438797 0.062500
vt 0.384279 0.078125
vt 0.379644 0.078125
vt 0.388895 0.078125
vt 0.393482 0.078125
vt 0.398031 0.078125
vt 0.402533 0.078125
vt 0.406978 0.078125
vt 0.411356 0.078125
vt 0.415655 0.078125
vt 0.419846 0.078125
vt 0.423897 0.078125
vt 0.427776 0.078125
vt 0.431448 0.078125
vt 0.434867 0.078125
vt 0.437981 0.078125
vt 0.384277 0.093750
vt 0.379644 0.093750
vt 0.388888 0.093750
vt 0.393465 0.093750
vt 0.397999 0.093750
vt 0.402477 0.093750
vt 0.406889 0.093750
vt 0.411224 0.093750
vt 0.415467 0.093750
vt 0.419591 0.093750
vt 0.423566 0.093750
vt 0.427361 0.093750
vt 0.430945 0.093750
vt 0.434283 0.093750
vt 0.437338 0.093750
vt 0.384275 0.109375
vt 0.379644 0.109375
vt 0.388882 0.109375
vt 0.393451 0.109375
vt 0.397971 0.109375
vt 0.402428 0.109375
vt 0.406811 0.109375
vt 0.411108 0.109375
vt 0.415303 0.109375
vt 0.419371 0.109375
vt 0.423284 0.109375
vt 0.427015 0.109375
vt 0.430537 0.109375
vt 0.433821 0.109375
vt 0.436838 0.109375
vt 0.384274 0.125000
vt 0.379644 0.125000
vt 0.388876 0.125000
vt 0.393439 0.125000
vt 0.397947 0.125000
vt 0.402387 0.125000
vt 0.406746 0.125000
vt 0.411011 0.125000
vt 0.415165 0.125000
vt 0.419187 0.125000
vt 0.423051 0.125000
vt 0.426735 0.125000
vt 0.430212 0.125000
vt 0.433459 0.125000
vt 0.436452 0.125000
vt 0.384272 0.140625
vt 0.379643 0.140625
vt 0.388872 0.140625
vt 0.393429 0.140625
vt 0.397928 0.140625
vt 0.402355 0.140625
vt 0.406695 0.140625
vt 0.410935 0.140625
vt 0.415057 0.140625
vt 0.419043 0.140625
vt 0.422869 0.140625
vt 0.426515 0.140625
vt 0.429959 0.140625
vt 0.433179 0.140625
vt 0.436153 0.140625
vt 0.384271 0.156250
vt 0.379643 0.156250
vt 0.388869 0.156250
vt 0.393422 0.156250
vt 0.397914 0.156250
vt 0.402331 0.156250
vt 0.406657 0.156250
vt 0.410877 0.156250
vt 0.414976 0.156250
vt 0.418934 0.156250
vt 0.422732 0.156250
vt 0.426351 0.156250
vt 0.429769 0.156250
vt 0.432969 0.156250
vt 0.435929 0.156250
vt 0.384271 0.171875
vt 0.379643 0.171875
vt 0.388867 0.171875
vt 0.393417 0.171875
vt 0.397904 0.171875
vt 0.402314 0.171875
vt 0.406629 0.171875
vt 0.410836 0.171875
vt 0.414918 0.171875
vt 0.418857 0.171875
vt 0.422634 0.171875
vt 0.426232 0.171875
vt 0.429633 0.171875
vt 0.432818 0.171875
vt 0.435769 0.171875
vt 0.384270 0.187500
vt 0.379643 0.187500
vt 0.388866 0.187500
vt 0.393413 0.187500
vt 0.397898 0.187500
vt 0.402302 0.187500
vt 0.406611 0.187500
vt 0.410809 0.187500
vt 0.414879 0.187500
vt 0.418805 0.187500
vt 0.422568 0.187500
vt 0.426153 0.187500
vt 0.429542 0.187500
vt 0.432717 0.187500
vt 0.435661 0.187500
vt 0.384270 0.203125
vt 0.379643 0.203125
vt 0.388865 0.203125
vt 0.393411 0.203125
vt 0.397893 0.203125
vt 0.402295 0.203125
vt 0.406600 0.203125
vt 0.410792 0.203125
vt 0.414855 0.203125
vt 0.418773 0.203125
vt 0.422529 0.203125
vt 0.426105 0.203125
vt 0.429486 0.203125
vt 0.432655 0.203125
vt 0.435596 0.203125
vt 0.384270 0.218750
vt 0.379643 0.218750
vt 0.388864 0.218750
vt 0.393410 0.218750
vt 0.397891 0.218750
vt 0.402291 0.218750
vt 0.406594 0.218750
vt 0.410783 0.218750
vt 0.414843 0.218750
vt 0.418757 0.218750
vt 0.422508 0.218750
vt 0.426081 0.218750
vt 0.429458 0.218750
vt 0.432624 0.218750
vt 0.435562 0.218750
vt 0.384270 0.234375
vt 0.379643 0.234375
vt 0.388864 0.234375
vt 0.393410 0.234375
vt 0.397891 0.234375
vt 0.402290 0.234375
vt 0.406592 0.234375
vt 0.410780 0.234375
vt 0.414839 0.234375
vt 0.418751 0.234375
vt 0.422501 0.234375
vt 0.426072 0.234375
vt 0.429448 0.234375
vt 0.432612 0.234375
vt 0.435550 0.234375
vt 0.375000 0.000000
vt 0.379646 0.000000
vt 0.375000 0.015625
vt 0.384292 0.000000
vt 0.388937 0.000000
vt 0.393583 0.000000
vt 0.398229 0.000000
vt 0.402875 0.000000
vt 0.407520 0.000000
vt 0.412166 0.000000
vt 0.416812 0.000000
vt 0.421458 0.000000
vt 0.426104 0.000000
vt 0.430749 0.000000
vt 0.435395 0.000000
vt 0.440041 0.000000
vt 0.444687 0.000000
vt 0.449332 0.000000
vt 0.446484 0.015625
vt 0.444090 0.031250
vt 0.442673 0.046875
vt 0.441592 0.062500
vt 0.440741 0.078125
vt 0.440075 0.093750
vt 0.439561 0.109375
vt 0.439166 0.125000
vt 0.438860 0.140625
vt 0.438631 0.156250
vt 0.438467 0.171875
vt 0.438357 0.187500
vt 0.438290 0.203125
vt 0.438256 0.218750
vt 0.438243 0.234375
vt 0.375000 0.234375
vt 0.375000 0.218750
vt 0.375000 0.203125
vt 0.375000 0.187500
vt 0.375000 0.171875
vt 0.375000 0.156250
vt 0.375000 0.140625
vt 0.375000 0.125000
vt 0.375000 0.109375
vt 0.375000 0.093750
vt 0.375000 0.078125
vt 0.375000 0.062500
vt 0.375000 0.046875
vt 0.375000 0.031250
vt 0.379643 0.765625
vt 0.384270 0.765625
vt 0.384270 0.781250
vt 0.379643 0.781250
vt 0.388864 0.765625
vt 0.388864 0.781250
vt 0.393410 0.765625
vt 0.393410 0.781250
vt 0.397891 0.765625
vt 0.397891 0.781250
vt 0.402290 0.765625
vt 0.402291 0.781250
vt 0.406592 0.765625
vt 0.406594 0.781250
vt 0.410780 0.765625
vt 0.410783 0.781250
vt 0.414839 0.765625
vt 0.414843 0.781250
vt 0.418751 0.765625
vt 0.418757 0.781250
vt 0.422501 0.765625
vt 0.422508 0.781250
vt 0.426071 0.765625
vt 0.426081 0.781250
vt 0.429447 0.765625
vt 0.429458 0.781250
vt 0.432612 0.765625
vt 0.432624 0.781250
vt 0.435550 0.765625
vt 0.435562 0.781250
vt 0.384270 0.796875
vt 0.379643 0.796875
vt 0.388865 0.796875
vt 0.393411 0.796875
vt 0.397893 0.796875
vt 0.402295 0.796875
vt 0.406600 0.796875
vt 0.410792 0.796875
vt 0.414855 0.796875
vt 0.418773 0.796875
vt 0.422529 0.796875
vt 0.426105 0.796875
vt 0.429486 0.796875
vt 0.432655 0.796875
vt 0.435595 0.796875
vt 0.384270 0.812500
vt 0.379643 0.812500
vt 0.388866 0.812500
vt 0.393413 0.812500
vt 0.397897 0.812500
vt 0.402302 0.812500
vt 0.406611 0.812500
vt 0.410809 0.812500
vt 0.414879 0.812500
vt 0.418805 0.812500
vt 0.422568 0.812500
vt 0.426153 0.812500
vt 0.429542 0.812500
vt 0.432717 0.812500
vt 0.435661 0.812500
vt 0.384271 0.828125
vt 0.379643 0.828125
vt 0.388867 0.828125
vt 0.393417 0.828125
vt 0.397904 0.828125
vt 0.402314 0.828125
vt 0.406629 0.828125
vt 0.410836 0.828125
vt 0.414918 0.828125
vt 0.418857 0.828125
vt 0.422634 0.828125
vt 0.426232 0.828125
vt 0.429633 0.828125
vt 0.432818 0.828125
vt 0.435768 0.828125
vt 0.384271 0.843750
vt 0.379643 0.843750
vt 0.388869 0.843750
vt 0.393422 0.843750
vt 0.397914 0.843750
vt 0.402331 0.843750
vt 0.406657 0.843750
vt 0.410877 0.843750
vt 0.414976 0.843750
vt 0.418934 0.843750
vt 0.422732 0.843750
vt 0.426350 0.843750
vt 0.429769 0.843750
vt 0.432969 0.843750
vt 0.435929 0.843750
vt 0.384272 0.859375
vt 0.379643 0.859375
vt 0.388872 0.859375
vt 0.393429 0.859375
vt 0.397928 0.859375
vt 0.402355 0.859375
vt 0.406695 0.859375
vt 0.410935 0.859375
vt 0.415057 0.859375
vt 0.419043 0.859375
vt 0.422869 0.859375
vt 0.426515 0.859375
vt 0.429959 0.859375
vt 0.433179 0.859375
vt 0.436153 0.859375
vt 0.384274 0.875000
vt 0.379644 0.875000
vt 0.388876 0.875000
vt 0.393439 0.875000
vt 0.397947 0.875000
vt 0.402387 0.875000
vt 0.406746 0.875000
vt 0.411011 0.875000
vt 0.415165 0.875000
vt 0.419187 0.875000
vt 0.423051 0.875000
vt 0.426735 0.875000
vt 0.430212 0.875000
vt 0.433459 0.875000
vt 0.436452 0.875000
vt 0.384275 0.890625
vt 0.379644 0.890625
vt 0.388882 0.890625
vt 0.393451 0.890625
vt 0.397971 0.890625
vt 0.402428 0.890625
vt 0.406811 0.890625
vt 0.411108 0.890625
vt 0.415303 0.890625
vt 0.419370 0.890625
vt 0.423284 0.890625
vt 0.427015 0.890625
vt 0.430537 0.890625
vt 0.433821 0.890625
vt 0.436838 0.890625
vt 0.384277 0.906250
vt 0.379644 0.906250
vt 0.388888 0.906250
vt 0.393465 0.906250
vt 0.397999 0.906250
vt 0.402477 0.906250
vt 0.406889 0.906250
vt 0.411224 0.906250
vt 0.415467 0.906250
vt 0.419591 0.906250
vt 0.423566 0.906250
vt 0.427361 0.906250
vt 0.430945 0.906250
vt 0.434283 0.906250
vt 0.437338 0.906250
vt 0.384279 0.921875
vt 0.379644 0.921875
vt 0.388895 0.921875
vt 0.393482 0.921875
vt 0.398031 0.921875
vt 0.402533 0.921875
vt 0.406978 0.921875
vt 0.411356 0.921875
vt 0.415655 0.921875
vt 0.419846 0.921875
vt 0.423897 0.921875
vt 0.427776 0.921875
vt 0.431448 0.921875
vt 0.434867 0.921875
vt 0.437981 0.921875
vt 0.384281 0.937500
vt 0.379645 0.937500
vt 0.388902 0.937500
vt 0.393500 0.937500
vt 0.398067 0.937500
vt 0.402594 0.937500
vt 0.407075 0.937500
vt 0.411502 0.937500
vt 0.415862 0.937500
vt 0.420130 0.937500
vt 0.424273 0.937500
vt 0.428262 0.937500
vt 0.432058 0.937500
vt 0.435594 0.937500
vt 0.438797 0.937500
vt 0.384284 0.953125
vt 0.379645 0.953125
vt 0.388911 0.953125
vt 0.393520 0.953125
vt 0.398105 0.953125
vt 0.402660 0.953125
vt 0.407180 0.953125
vt 0.411658 0.953125
vt 0.416086 0.953125
vt 0.420439 0.953125
vt 0.424692 0.953125
vt 0.428818 0.953125
vt 0.432779 0.953125
vt 0.436483 0.953125
vt 0.439821 0.953125
vt 0.384286 0.968750
vt 0.379645 0.968750
vt 0.388919 0.968750
vt 0.393540 0.968750
vt 0.398145 0.968750
vt 0.402730 0.968750
vt 0.407291 0.968750
vt 0.411823 0.968750
vt 0.416321 0.968750
vt 0.420768 0.968750
vt 0.425144 0.968750
vt 0.429431 0.968750
vt 0.433594 0.968750
vt 0.437538 0.968750
vt 0.441121 0.968750
vt 0.384289 0.984375
vt 0.379645 0.984375
vt 0.388928 0.984375
vt 0.393562 0.984375
vt 0.398187 0.984375
vt 0.402802 0.984375
vt 0.407405 0.984375
vt 0.411993 0.984375
vt 0.416565 0.984375
vt 0.421110 0.984375
vt 0.425618 0.984375
vt 0.430081 0.984375
vt 0.434477 0.984375
vt 0.438747 0.984375
vt 0.442955 0.984375
vt 0.375000 0.765625
vt 0.438243 0.765625
vt 0.438256 0.781250
vt 0.438290 0.796875
vt 0.438357 0.812500
vt 0.438467 0.828125
vt 0.438631 0.843750
vt 0.438860 0.859375
vt 0.439166 0.875000
vt 0.439561 0.890625
vt 0.440075 0.906250
vt 0.440741 0.921875
vt 0.441592 0.937500
vt 0.442673 0.953125
vt 0.444090 0.968750
vt 0.446484 0.984375
vt 0.449332 1.000000
vt 0.444687 1.000000
vt 0.440041 1.000000
vt 0.435395 1.000000
vt 0.430749 1.000000
vt 0.426103 1.000000
vt 0.421458 1.000000
vt 0.416812 1.000000
vt 0.412166 1.000000
vt 0.407520 1.000000
vt 0.402875 1.000000
vt 0.398229 1.000000
vt 0.393583 1.000000
vt 0.388937 1.000000
vt 0.384292 1.000000
vt 0.379646 1.000000
vt 0.375000 0.984375
vt 0.375000 1.000000
vt 0.375000 0.968750
vt 0.375000 0.953125
vt 0.375000 0.937500
vt 0.375000 0.921875
vt 0.375000 0.906250
vt 0.375000 0.890625
vt 0.375000 0.875000
vt 0.375000 0.859375
vt 0.375000 0.843750
vt 0.375000 0.828125
vt 0.375000 0.812500
vt 0.375000 0.796875
vt 0.375000 0.781250
vt 0.440680 0.265625
vt 0.442875 0.265625
vt 0.442875 0.281250
vt 0.440680 0.281250
vt 0.444843 0.265625
vt 0.444843 0.281250
vt 0.446600 0.265625
vt 0.446600 0.281250
vt 0.448161 0.265625
vt 0.448161 0.281250
vt 0.449544 0.265625
vt 0.449544 0.281250
vt 0.450765 0.265625
vt 0.450765 0.281250
vt 0.451839 0.265625
vt 0.451839 0.281250
vt 0.452783 0.265625
vt 0.452783 0.281250
vt 0.453613 0.265625
vt 0.453613 0.281250
vt 0.454347 0.265625
vt 0.454347 0.281250
vt 0.454998 0.265625
vt 0.454998 0.281250
vt 0.455585 0.265625
vt 0.455585 0.281250
vt 0.456123 0.265625
vt 0.456123 0.281250
vt 0.456629 0.265625
vt 0.456629 0.281250
vt 0.442875 0.296875
vt 0.440680 0.296875
vt 0.444843 0.296875
vt 0.446600 0.296875
vt 0.448161 0.296875
vt 0.449544 0.296875
vt 0.450765 0.296875
vt 0.451839 0.296875
vt 0.452783 0.296875
vt 0.453614 0.296875
vt 0.454347 0.296875
vt 0.454998 0.296875
vt 0.455585 0.296875
vt 0.456123 0.296875
vt 0.456629 0.296875
vt 0.442875 0.312500
vt 0.440680 0.312500
vt 0.444843 0.312500
vt 0.446600 0.312500
vt 0.448161 0.312500
vt 0.449544 0.312500
vt 0.450765 0.312500
vt 0.451839 0.312500
vt 0.452783 0.312500
vt 0.453614 0.312500
vt 0.454347 0.312500
vt 0.454998 0.312500
vt 0.455585 0.312500
vt 0.456123 0.312500
vt 0.456629 0.312500
vt 0.442875 0.328125
vt 0.440680 0.328125
vt 0.444843 0.328125
vt 0.446600 0.328125
vt 0.448161 0.328125
vt 0.449544 0.328125
vt 0.450765 0.328125
vt 0.451839 0.328125
vt 0.452783 0.328125
vt 0.453614 0.328125
vt 0.454347 0.328125
vt 0.454998 0.328125
vt 0.455585 0.328125
vt 0.456123 0.328125
vt 0.456629 0.328125
vt 0.442875 0.343750
vt 0.440680 0.343750
vt 0.444843 0.343750
vt 0.446600 0.343750
vt 0.448161 0.343750
vt 0.449544 0.343750
vt 0.450765 0.343750
vt 0.451839 0.343750
vt 0.452783 0.343750
vt 0.453614 0.343750
vt 0.454347 0.343750
vt 0.454998 0.343750
vt 0.455585 0.343750
vt 0.456123 0.343750
vt 0.456629 0.343750
vt 0.442875 0.359375
vt 0.440680 0.359375
vt 0.444843 0.359375
vt 0.446600 0.359375
vt 0.448161 0.359375
vt 0.449544 0.359375
vt 0.450765 0.359375
vt 0.451839 0.359375
vt 0.452783 0.359375
vt 0.453614 0.359375
vt 0.454347 0.359375
vt 0.454998 0.359375
vt 0.455585 0.359375
vt 0.456123 0.359375
vt 0.456629 0.359375
vt 0.442875 0.375000
vt 0.440680 0.375000
vt 0.444843 0.375000
vt 0.446600 0.375000
vt 0.448161 0.375000
vt 0.449544 0.375000
vt 0.450765 0.375000
vt 0.451839 0.375000
vt 0.452783 0.375000
vt 0.453614 0.375000
vt 0.454347 0.375000
vt 0.454998 0.375000
vt 0.455585 0.375000
vt 0.456123 0.375000
vt 0.456629 0.375000
vt 0.442875 0.390625
vt 0.440680 0.390625
vt 0.444843 0.390625
vt 0.446600 0.390625
vt 0.448161 0.390625
vt 0.449544 0.390625
vt 0.450765 0.390625
vt 0.451839 0.390625
vt 0.452783 0.390625
vt 0.453614 0.390625
vt 0.454347 0.390625
vt 0.454998 0.390625
vt 0.455585 0.390625
vt 0.456123 0.390625
vt 0.456629 0.390625
vt 0.442875 0.406250
vt 0.440680 0.406250
vt 0.444843 0.406250
vt 0.446600 0.406250
vt 0.448161 0.406250
vt 0.449544 0.406250
vt 0.450765 0.406250
vt 0.451839 0.406250
vt 0.452783 0.406250
vt 0.453614 0.406250
vt 0.454347 0.406250
vt 0.454998 0.406250
vt 0.455585 0.406250
vt 0.456123 0.406250
vt 0.456629 0.406250
vt 0.442875 0.421875
vt 0.440680 0.421875
vt 0.444843 0.421875
vt 0.446600 0.421875
vt 0.448161 0.421875
vt 0.449544 0.421875
vt 0.450765 0.421875
vt 0.451839 0.421875
vt 0.452783 0.421875
vt 0.453614 0.421875
vt 0.454347 0.421875
vt 0.454998 0.421875
vt 0.455585 0.421875
vt 0.456123 0.421875
vt 0.456629 0.421875
vt 0.442875 0.437500
vt 0.440680 0.437500
vt 0.444843 0.437500
vt 0.446600 0.437500
vt 0.448161 0.437500
vt 0.449544 0.437500
vt 0.450765 0.437500
vt 0.451839 0.437500
vt 0.452783 0.437500
vt 0.453614 0.437500
vt 0.454347 0.437500
vt 0.454998 0.437500
vt 0.455585 0.437500
vt 0.456123 0.437500
vt 0.456629 0.437500
vt 0.442875 0.453125
vt 0.440680 0.453125
vt 0.444843 0.453125
vt 0.446600 0.453125
vt 0.448161 0.453125
vt 0.449544 0.453125
vt 0.450765 0.453125
vt 0.451839 0.453125
vt 0.452783 0.453125
vt 0.453614 0.453125
vt 0.454347 0.453125
vt 0.454998 0.453125
vt 0.455585 0.453125
vt 0.456123 0.453125
vt 0.456629 0.453125
vt 0.442875 0.468750
vt 0.440680 0.468750
vt 0.444843 0.468750
vt 0.446600 0.468750
vt 0.448161 0.468750
vt 0.449544 0.468750
vt 0.450765 0.468750
vt 0.451839 0.468750
vt 0.452783 0.468750
vt 0.453614 0.468750
vt 0.454347 0.468750
vt 0.454998 0.468750
vt 0.455585 0.468750
vt 0.456123 0.468750
vt 0.456629 0.468750
vt 0.442875 0.484375
vt 0.440680 0.484375
vt 0.444843 0.484375
vt 0.446600 0.484375
vt 0.448161 0.484375
vt 0.449544 0.484375
vt 0.450765 0.484375
vt 0.451839 0.484375
vt 0.452783 0.484375
vt 0.453613 0.484375
vt 0.454347 0.484375
vt 0.454998 0.484375
vt 0.455585 0.484375
vt 0.456123 0.484375
vt 0.456629 0.484375
vt 0.440680 0.250000
vt 0.438241 0.265625
vt 0.442875 0.250000
vt 0.444843 0.250000
vt 0.446600 0.250000
vt 0.448161 0.250000
vt 0.449544 0.250000
vt 0.450765 0.250000
vt 0.451839 0.250000
vt 0.452783 0.250000
vt 0.453614 0.250000
vt 0.454347 0.250000
vt 0.454998 0.250000
vt 0.455585 0.250000
vt 0.456123 0.250000
vt 0.456629 0.250000
vt 0.457118 0.265625
vt 0.457118 0.296875
vt 0.457118 0.312500
vt 0.457118 0.328125
vt 0.457118 0.343750
vt 0.457118 0.359375
vt 0.457118 0.375000
vt 0.457118 0.390625
vt 0.457118 0.406250
vt 0.457118 0.421875
vt 0.457118 0.437500
vt 0.457118 0.453125
vt 0.457118 0.468750
vt 0.457118 0.484375
vt 0.456629 0.500000
vt 0.456123 0.500000
vt 0.455585 0.500000
vt 0.454998 0.500000
vt 0.454347 0.500000
vt 0.453614 0.500000
vt 0.452783 0.500000
vt 0.451839 0.500000
vt 0.450765 0.500000
vt 0.449544 0.500000
vt 0.448161 0.500000
vt 0.446600 0.500000
vt 0.444843 0.500000
vt 0.442875 0.500000
vt 0.440680 0.500000
vt 0.438241 0.484375
vt 0.438241 0.500000
vt 0.438241 0.468750
vt 0.438241 0.453125
vt 0.438241 0.437500
vt 0.438241 0.421875
vt 0.438241 0.406250
vt 0.438241 0.390625
vt 0.438241 0.375000
vt 0.438241 0.359375
vt 0.438241 0.343750
vt 0.438241 0.328125
vt 0.438241 0.312500
vt 0.438241 0.281250
vt 0.440680 0.515625
vt 0.442875 0.515625
vt 0.442875 0.531250
vt 0.440680 0.531250
vt 0.444843 0.515625
vt 0.444843 0.531250
vt 0.446600 0.515625
vt 0.446600 0.531250
vt 0.448161 0.515625
vt 0.448161 0.531250
vt 0.449544 0.515625
vt 0.449544 0.531250
vt 0.450765 0.515625
vt 0.450765 0.531250
vt 0.451839 0.515625
vt 0.451839 0.531250
vt 0.452783 0.515625
vt 0.452783 0.531250
vt 0.453613 0.515625
vt 0.453613 0.531250
vt 0.454347 0.515625
vt 0.454347 0.531250
vt 0.454998 0.515625
vt 0.454998 0.531250
vt 0.455585 0.515625
vt 0.455585 0.531250
vt 0.456123 0.515625
vt 0.456123 0.531250
vt 0.456629 0.515625
vt 0.456629 0.531250
vt 0.442875 0.546875
vt 0.440680 0.546875
vt 0.444843 0.546875
vt 0.446600 0.546875
vt 0.448161 0.546875
vt 0.449544 0.546875
vt 0.450765 0.546875
vt 0.451839 0.546875
vt 0.452783 0.546875
vt 0.453614 0.546875
vt 0.454347 0.546875
vt 0.454998 0.546875
vt 0.455585 0.546875
vt 0.456123 0.546875
vt 0.456629 0.546875
vt 0.442875 0.562500
vt 0.440680 0.562500
vt 0.444843 0.562500
vt 0.446600 0.562500
vt 0.448161 0.562500
vt 0.449544 0.562500
vt 0.450765 0.562500
vt 0.451839 0.562500
vt 0.452783 0.562500
vt 0.453614 0.562500
vt 0.454347 0.562500
vt 0.454998 0.562500
vt 0.455585 0.562500
vt 0.456123 0.562500
vt 0.456629 0.562500
vt 0.442875 0.578125
vt 0.440680 0.578125
vt 0.444843 0.578125
vt 0.446600 0.578125
vt 0.448161 0.578125
vt 0.449544 0.578125
vt 0.450765 0.578125
vt 0.451839 0.578125
vt 0.452783 0.578125
vt 0.453614 0.578125
vt 0.454347 0.578125
vt 0.454998 0.578125
vt 0.455585 0.578125
vt 0.456123 0.578125
vt 0.456629 0.578125
vt 0.442875 0.593750
vt 0.440680 0.593750
vt 0.444843 0.593750
vt 0.446600 0.593750
vt 0.448161 0.593750
vt 0.449544 0.593750
vt 0.450765 0.593750
vt 0.451839 0.593750
vt 0.452783 0.593750
vt 0.453614 0.593750
vt 0.454347 0.593750
vt 0.454998 0.593750
vt 0.455585 0.593750
vt 0.456123 0.593750
vt 0.456629 0.593750
vt 0.442875 0.609375
vt 0.440680 0.609375
vt 0.444843 0.609375
vt 0.446600 0.609375
vt 0.448161 0.609375
vt 0.449544 0.609375
vt 0.450765 0.609375
vt 0.451839 0.609375
vt 0.452783 0.609375
vt 0.453614 0.609375
vt 0.454347 0.609375
vt 0.454998 0.609375
vt 0.455585 0.609375
vt 0.456123 0.609375
vt 0.456629 0.609375
vt 0.442875 0.625000
vt 0.440680 0.625000
vt 0.444843 0.625000
vt 0.446600 0.625000
vt 0.448161 0.625000
vt 0.449544 0.625000
vt 0.450765 0.625000
vt 0.451839 0.625000
vt 0.452783 0.625000
vt 0.453614 0.625000
vt 0.454347 0.625000
vt 0.454998 0.625000
vt 0.455585 0.625000
vt 0.456123 0.625000
vt 0.456629 0.625000
vt 0.442875 0.640625
vt 0.440680 0.640625
vt 0.444843 0.640625
vt 0.446600 0.640625
vt 0.448161 0.640625
vt 0.449544 0.640625
vt 0.450765 0.640625
vt 0.451839 0.640625
vt 0.452783 0.640625
vt 0.453614 0.640625
vt 0.454347 0.640625
vt 0.454998 0.640625
vt 0.455585 0.640625
vt 0.456123 0.640625
vt 0.456629 0.640625
vt 0.442875 0.656250
vt 0.440680 0.656250
vt 0.444843 0.656250
vt 0.446600 0.656250
vt 0.448161 0.656250
vt 0.449544 0.656250
vt 0.450765 0.656250
vt 0.451839 0.656250
vt 0.452783 0.656250
vt 0.453614 0.656250
vt 0.454347 0.656250
vt 0.454998 0.656250
vt 0.455585 0.656250
vt 0.456123 0.656250
vt 0.456629 0.656250
vt 0.442875 0.671875
vt 0.440680 0.671875
vt 0.444843 0.671875
vt 0.446600 0.671875
vt 0.448161 0.671875
vt 0.449544 0.671875
vt 0.450765 0.671875
vt 0.451839 0.671875
vt 0.452783 0.671875
vt 0.453614 0.671875
vt 0.454347 0.671875
vt 0.454998 0.671875
vt 0.455585 0.671875
vt 0.456123 0.671875
vt 0.456629 0.671875
vt 0.442875 0.687500
vt 0.440680 0.687500
vt 0.444843 0.687500
vt 0.446600 0.687500
vt 0.448161 0.687500
vt 0.449544 0.687500
vt 0.450765 0.687500
vt 0.451839 0.687500
vt 0.452783 0.687500
vt 0.453614 0.687500
vt 0.454347 0.687500
vt 0.454998 0.687500
vt 0.455585 0.687500
vt 0.456123 0.687500
vt 0.456629 0.687500
vt 0.442875 0.703125
vt 0.440680 0.703125
vt 0.444843 0.703125
vt 0.446600 0.703125
vt 0.448161 0.703125
vt 0.449544 0.703125
vt 0.450765 0.703125
vt 0.451839 0.703125
vt 0.452783 0.703125
vt 0.453614 0.703125
vt 0.454347 0.703125
vt 0.454998 0.703125
vt 0.455585 0.703125
vt 0.456123 0.703125
vt 0.456629 0.703125
vt 0.442875 0.718750
vt 0.440680 0.718750
vt 0.444843 0.718750
vt 0.446600 0.718750
vt 0.448161 0.718750
vt 0.449544 0.718750
vt 0.450765 0.718750
vt 0.451839 0.718750
vt 0.452783 0.718750
vt 0.453614 0.718750
vt 0.454347 0.718750
vt 0.454998 0.718750
vt 0.455585 0.718750
vt 0.456123 0.718750
vt 0.456629 0.718750
vt 0.442875 0.734375
vt 0.440680 0.734375
vt 0.444843 0.734375
vt 0.446600 0.734375
vt 0.448161 0.734375
vt 0.449544 0.734375
vt 0.450765 0.734375
vt 0.451839 0.734375
vt 0.452783 0.734375
vt 0.453613 0.734375
vt 0.454347 0.734375
vt 0.454998 0.734375
vt 0.455585 0.734375
vt 0.456123 0.734375
vt 0.456629 0.734375
vt 0.438241 0.515625
vt 0.457118 0.531250
vt 0.457118 0.562500
vt 0.457118 0.578125
vt 0.457118 0.609375
vt 0.457118 0.625000
vt 0.457118 0.640625
vt 0.457118 0.656250
vt 0.457118 0.671875
vt 0.457118 0.687500
vt 0.457118 0.718750
vt 0.457118 0.734375
vt 0.457118 0.750000
vt 0.456629 0.750000
vt 0.456123 0.750000
vt 0.455585 0.750000
vt 0.454998 0.750000
vt 0.454347 0.750000
vt 0.453614 0.750000
vt 0.452783 0.750000
vt 0.451839 0.750000
vt 0.450765 0.750000
vt 0.449544 0.750000
vt 0.448161 0.750000
vt 0.446600 0.750000
vt 0.444843 0.750000
vt 0.442875 0.750000
vt 0.440680 0.750000
vt 0.438241 0.734375
vt 0.438241 0.750000
vt 0.438241 0.718750
vt 0.438241 0.703125
vt 0.438241 0.671875
vt 0.438241 0.640625
vt 0.438241 0.625000
vt 0.438241 0.593750
vt 0.438241 0.578125
vt 0.438241 0.562500
vt 0.438241 0.546875
vt 0.438241 0.531250
vt 0.448087 0.015625
vt 0.449012 0.015625
vt 0.447802 0.031250
vt 0.446254 0.031250
vt 0.449874 0.015625
vt 0.448991 0.031250
vt 0.450610 0.015625
vt 0.449961 0.031250
vt 0.451280 0.015625
vt 0.450806 0.031250
vt 0.451904 0.015625
vt 0.451562 0.031250
vt 0.452491 0.015625
vt 0.452248 0.031250
vt 0.453052 0.015625
vt 0.452882 0.031250
vt 0.453596 0.015625
vt 0.453482 0.031250
vt 0.454125 0.015625
vt 0.454054 0.031250
vt 0.454643 0.015625
vt 0.454601 0.031250
vt 0.455150 0.015625
vt 0.455129 0.031250
vt 0.455649 0.015625
vt 0.455640 0.031250
vt 0.456142 0.015625
vt 0.456140 0.031250
vt 0.456631 0.015625
vt 0.456631 0.031250
vt 0.446747 0.046875
vt 0.444954 0.046875
vt 0.448176 0.046875
vt 0.449348 0.046875
vt 0.450354 0.046875
vt 0.451233 0.046875
vt 0.452012 0.046875
vt 0.452718 0.046875
vt 0.453372 0.046875
vt 0.453984 0.046875
vt 0.454561 0.046875
vt 0.455108 0.046875
vt 0.455631 0.046875
vt 0.456137 0.046875
vt 0.456630 0.046875
vt 0.445859 0.062500
vt 0.443929 0.062500
vt 0.447455 0.062500
vt 0.448791 0.062500
vt 0.449935 0.062500
vt 0.450924 0.062500
vt 0.451789 0.062500
vt 0.452561 0.062500
vt 0.453267 0.062500
vt 0.453918 0.062500
vt 0.454523 0.062500
vt 0.455089 0.062500
vt 0.455623 0.062500
vt 0.456135 0.062500
vt 0.456630 0.062500
vt 0.445132 0.078125
vt 0.443114 0.078125
vt 0.446845 0.078125
vt 0.448305 0.078125
vt 0.449559 0.078125
vt 0.450640 0.078125
vt 0.451581 0.078125
vt 0.452415 0.078125
vt 0.453169 0.078125
vt 0.453857 0.078125
vt 0.454487 0.078125
vt 0.455070 0.078125
vt 0.455616 0.078125
vt 0.456132 0.078125
vt 0.456630 0.078125
vt 0.444548 0.093750
vt 0.442471 0.093750
vt 0.446342 0.093750
vt 0.447891 0.093750
vt 0.449228 0.093750
vt 0.450386 0.093750
vt 0.451394 0.093750
vt 0.452283 0.093750
vt 0.453081 0.093750
vt 0.453801 0.093750
vt 0.454455 0.093750
vt 0.455054 0.093750
vt 0.455609 0.093750
vt 0.456130 0.093750
vt 0.456630 0.093750
vt 0.444085 0.109375
vt 0.441970 0.109375
vt 0.445934 0.109375
vt 0.447545 0.109375
vt 0.448946 0.109375
vt 0.450165 0.109375
vt 0.451229 0.109375
vt 0.452167 0.109375
vt 0.453003 0.109375
vt 0.453752 0.109375
vt 0.454427 0.109375
vt 0.455039 0.109375
vt 0.455602 0.109375
vt 0.456128 0.109375
vt 0.456629 0.109375
vt 0.443724 0.125000
vt 0.441584 0.125000
vt 0.445609 0.125000
vt 0.447264 0.125000
vt 0.448713 0.125000
vt 0.449981 0.125000
vt 0.451092 0.125000
vt 0.452070 0.125000
vt 0.452938 0.125000
vt 0.453711 0.125000
vt 0.454403 0.125000
vt 0.455027 0.125000
vt 0.455597 0.125000
vt 0.456127 0.125000
vt 0.456629 0.125000
vt 0.443444 0.140625
vt 0.441286 0.140625
vt 0.445356 0.140625
vt 0.447045 0.140625
vt 0.448531 0.140625
vt 0.449837 0.140625
vt 0.450984 0.140625
vt 0.451994 0.140625
vt 0.452887 0.140625
vt 0.453679 0.140625
vt 0.454384 0.140625
vt 0.455018 0.140625
vt 0.455593 0.140625
vt 0.456126 0.140625
vt 0.456629 0.140625
vt 0.443233 0.156250
vt 0.441062 0.156250
vt 0.445166 0.156250
vt 0.446880 0.156250
vt 0.448394 0.156250
vt 0.449729 0.156250
vt 0.450903 0.156250
vt 0.451936 0.156250
vt 0.452848 0.156250
vt 0.453655 0.156250
vt 0.454370 0.156250
vt 0.455011 0.156250
vt 0.455590 0.156250
vt 0.456125 0.156250
vt 0.456629 0.156250
vt 0.443083 0.171875
vt 0.440901 0.171875
vt 0.445030 0.171875
vt 0.446762 0.171875
vt 0.448296 0.171875
vt 0.449651 0.171875
vt 0.450845 0.171875
vt 0.451895 0.171875
vt 0.452821 0.171875
vt 0.453637 0.171875
vt 0.454360 0.171875
vt 0.455005 0.171875
vt 0.455588 0.171875
vt 0.456124 0.171875
vt 0.456629 0.171875
vt 0.442982 0.187500
vt 0.440793 0.187500
vt 0.444939 0.187500
vt 0.446683 0.187500
vt 0.448230 0.187500
vt 0.449599 0.187500
vt 0.450806 0.187500
vt 0.451868 0.187500
vt 0.452802 0.187500
vt 0.453626 0.187500
vt 0.454354 0.187500
vt 0.455002 0.187500
vt 0.455587 0.187500
vt 0.456124 0.187500
vt 0.456629 0.187500
vt 0.442920 0.203125
vt 0.440728 0.203125
vt 0.444884 0.203125
vt 0.446635 0.203125
vt 0.448190 0.203125
vt 0.449567 0.203125
vt 0.450782 0.203125
vt 0.451851 0.203125
vt 0.452791 0.203125
vt 0.453619 0.203125
vt 0.454350 0.203125
vt 0.455000 0.203125
vt 0.455586 0.203125
vt 0.456123 0.203125
vt 0.456629 0.203125
vt 0.442889 0.218750
vt 0.440694 0.218750
vt 0.444855 0.218750
vt 0.446610 0.218750
vt 0.448170 0.218750
vt 0.449551 0.218750
vt 0.450770 0.218750
vt 0.451842 0.218750
vt 0.452785 0.218750
vt 0.453615 0.218750
vt 0.454347 0.218750
vt 0.454999 0.218750
vt 0.455585 0.218750
vt 0.456123 0.218750
vt 0.456629 0.218750
vt 0.442877 0.234375
vt 0.440682 0.234375
vt 0.444845 0.234375
vt 0.446601 0.234375
vt 0.448162 0.234375
vt 0.449545 0.234375
vt 0.450765 0.234375
vt 0.451839 0.234375
vt 0.452783 0.234375
vt 0.453614 0.234375
vt 0.454347 0.234375
vt 0.454998 0.234375
vt 0.455585 0.234375
vt 0.456123 0.234375
vt 0.456629 0.234375
vt 0.449819 0.000000
vt 0.450306 0.000000
vt 0.450792 0.000000
vt 0.451279 0.000000
vt 0.451765 0.000000
vt 0.452252 0.000000
vt 0.452739 0.000000
vt 0.453225 0.000000
vt 0.453712 0.000000
vt 0.454198 0.000000
vt 0.454685 0.000000
vt 0.455172 0.000000
vt 0.455658 0.000000
vt 0.456145 0.000000
vt 0.456631 0.000000
vt 0.456629 0.250000
vt 0.456123 0.250000
vt 0.455585 0.250000
vt 0.453614 0.250000
vt 0.452783 0.250000
vt 0.450765 0.250000
vt 0.449544 0.250000
vt 0.446600 0.250000
vt 0.444843 0.250000
vt 0.442875 0.250000
vt 0.440680 0.250000
vt 0.440682 0.765625
vt 0.442877 0.765625
vt 0.442889 0.781250
vt 0.440694 0.781250
vt 0.444845 0.765625
vt 0.444855 0.781250
vt 0.446601 0.765625
vt 0.446610 0.781250
vt 0.448162 0.765625
vt 0.448170 0.781250
vt 0.449545 0.765625
vt 0.449551 0.781250
vt 0.450765 0.765625
vt 0.450770 0.781250
vt 0.451839 0.765625
vt 0.451842 0.781250
vt 0.452783 0.765625
vt 0.452785 0.781250
vt 0.453614 0.765625
vt 0.453615 0.781250
vt 0.454347 0.765625
vt 0.454347 0.781250
vt 0.454998 0.765625
vt 0.454999 0.781250
vt 0.455585 0.765625
vt 0.455585 0.781250
vt 0.456123 0.765625
vt 0.456123 0.781250
vt 0.456629 0.765625
vt 0.456629 0.781250
vt 0.442920 0.796875
vt 0.440728 0.796875
vt 0.444884 0.796875
vt 0.446635 0.796875
vt 0.448190 0.796875
vt 0.449567 0.796875
vt 0.450782 0.796875
vt 0.451851 0.796875
vt 0.452791 0.796875
vt 0.453619 0.796875
vt 0.454350 0.796875
vt 0.455000 0.796875
vt 0.455586 0.796875
vt 0.456123 0.796875
vt 0.456629 0.796875
vt 0.442981 0.812500
vt 0.440793 0.812500
vt 0.444939 0.812500
vt 0.446683 0.812500
vt 0.448230 0.812500
vt 0.449599 0.812500
vt 0.450806 0.812500
vt 0.451868 0.812500
vt 0.452802 0.812500
vt 0.453626 0.812500
vt 0.454354 0.812500
vt 0.455002 0.812500
vt 0.455587 0.812500
vt 0.456124 0.812500
vt 0.456629 0.812500
vt 0.443083 0.828125
vt 0.440901 0.828125
vt 0.445030 0.828125
vt 0.446762 0.828125
vt 0.448296 0.828125
vt 0.449651 0.828125
vt 0.450844 0.828125
vt 0.451895 0.828125
vt 0.452821 0.828125
vt 0.453637 0.828125
vt 0.454360 0.828125
vt 0.455005 0.828125
vt 0.455588 0.828125
vt 0.456124 0.828125
vt 0.456629 0.828125
vt 0.443233 0.843750
vt 0.441062 0.843750
vt 0.445166 0.843750
vt 0.446880 0.843750
vt 0.448394 0.843750
vt 0.449728 0.843750
vt 0.450903 0.843750
vt 0.451936 0.843750
vt 0.452848 0.843750
vt 0.453655 0.843750
vt 0.454370 0.843750
vt 0.455011 0.843750
vt 0.455590 0.843750
vt 0.456125 0.843750
vt 0.456629 0.843750
vt 0.443444 0.859375
vt 0.441286 0.859375
vt 0.445356 0.859375
vt 0.447045 0.859375
vt 0.448531 0.859375
vt 0.449837 0.859375
vt 0.450984 0.859375
vt 0.451994 0.859375
vt 0.452887 0.859375
vt 0.453679 0.859375
vt 0.454384 0.859375
vt 0.455018 0.859375
vt 0.455593 0.859375
vt 0.456126 0.859375
vt 0.456629 0.859375
vt 0.443724 0.875000
vt 0.441584 0.875000
vt 0.445609 0.875000
vt 0.447264 0.875000
vt 0.448713 0.875000
vt 0.449981 0.875000
vt 0.451092 0.875000
vt 0.452070 0.875000
vt 0.452938 0.875000
vt 0.453711 0.875000
vt 0.454403 0.875000
vt 0.455027 0.875000
vt 0.455597 0.875000
vt 0.456127 0.875000
vt 0.456629 0.875000
vt 0.444085 0.890625
vt 0.441970 0.890625
vt 0.445934 0.890625
vt 0.447545 0.890625
vt 0.448946 0.890625
vt 0.450165 0.890625
vt 0.451229 0.890625
vt 0.452167 0.890625
vt 0.453003 0.890625
vt 0.453752 0.890625
vt 0.454427 0.890625
vt 0.455039 0.890625
vt 0.455602 0.890625
vt 0.456128 0.890625
vt 0.456629 0.890625
vt 0.444548 0.906250
vt 0.442470 0.906250
vt 0.446342 0.906250
vt 0.447891 0.906250
vt 0.449228 0.906250
vt 0.450386 0.906250
vt 0.451394 0.906250
vt 0.452283 0.906250
vt 0.453081 0.906250
vt 0.453801 0.906250
vt 0.454455 0.906250
vt 0.455054 0.906250
vt 0.455609 0.906250
vt 0.456130 0.906250
vt 0.456630 0.906250
vt 0.445132 0.921875
vt 0.443114 0.921875
vt 0.446845 0.921875
vt 0.448305 0.921875
vt 0.449559 0.921875
vt 0.450640 0.921875
vt 0.451581 0.921875
vt 0.452415 0.921875
vt 0.453169 0.921875
vt 0.453857 0.921875
vt 0.454487 0.921875
vt 0.455070 0.921875
vt 0.455616 0.921875
vt 0.456132 0.921875
vt 0.456630 0.921875
vt 0.445859 0.937500
vt 0.443929 0.937500
vt 0.447455 0.937500
vt 0.448791 0.937500
vt 0.449935 0.937500
vt 0.450924 0.937500
vt 0.451789 0.937500
vt 0.452561 0.937500
vt 0.453267 0.937500
vt 0.453918 0.937500
vt 0.454523 0.937500
vt 0.455089 0.937500
vt 0.455623 0.937500
vt 0.456134 0.937500
vt 0.456630 0.937500
vt 0.446747 0.953125
vt 0.444954 0.953125
vt 0.448176 0.953125
vt 0.449348 0.953125
vt 0.450354 0.953125
vt 0.451233 0.953125
vt 0.452012 0.953125
vt 0.452717 0.953125
vt 0.453372 0.953125
vt 0.453984 0.953125
vt 0.454561 0.953125
vt 0.455108 0.953125
vt 0.455631 0.953125
vt 0.456137 0.953125
vt 0.456630 0.953125
vt 0.447802 0.968750
vt 0.446254 0.968750
vt 0.448991 0.968750
vt 0.449961 0.968750
vt 0.450806 0.968750
vt 0.451562 0.968750
vt 0.452248 0.968750
vt 0.452882 0.968750
vt 0.453482 0.968750
vt 0.454054 0.968750
vt 0.454601 0.968750
vt 0.455129 0.968750
vt 0.455640 0.968750
vt 0.456139 0.968750
vt 0.456631 0.968750
vt 0.449012 0.984375
vt 0.448087 0.984375
vt 0.449874 0.984375
vt 0.450610 0.984375
vt 0.451280 0.984375
vt 0.451904 0.984375
vt 0.452491 0.984375
vt 0.453052 0.984375
vt 0.453596 0.984375
vt 0.454125 0.984375
vt 0.454643 0.984375
vt 0.455150 0.984375
vt 0.455649 0.984375
vt 0.456142 0.984375
vt 0.456631 0.984375
vt 0.440680 0.750000
vt 0.442875 0.750000
vt 0.444843 0.750000
vt 0.446600 0.750000
vt 0.450765 0.750000
vt 0.451839 0.750000
vt 0.452783 0.750000
vt 0.453614 0.750000
vt 0.454347 0.750000
vt 0.454998 0.750000
vt 0.455585 0.750000
vt 0.456123 0.750000
vt 0.456629 0.750000
vt 0.457118 0.890625
vt 0.457118 0.906250
vt 0.457118 0.953125
vt 0.457118 0.968750
vt 0.457118 0.984375
vt 0.456631 1.000000
vt 0.456145 1.000000
vt 0.455658 1.000000
vt 0.455172 1.000000
vt 0.454685 1.000000
vt 0.454198 1.000000
vt 0.453712 1.000000
vt 0.453225 1.000000
vt 0.452739 1.000000
vt 0.452252 1.000000
vt 0.451765 1.000000
vt 0.451279 1.000000
vt 0.450792 1.000000
vt 0.450306 1.000000
vt 0.449819 1.000000
s 0
usemtl Material
f 437/1/1 438/2/1 453/3/1 452/4/1
f 438/2/2 439/5/2 454/6/2 453/3/2
f 439/5/3 440/7/3 455/8/3 454/6/3
f 440/7/4 441/9/4 456/10/4 455/8/4
f 441/9/5 442/11/5 457/12/5 456/10/5
f 442/11/6 443/13/6 458/14/6 457/12/6
f 443/13/7 444/15/7 459/16/7 458/14/7
f 444/15/8 445/17/8 460/18/8 459/16/8
f 445/17/9 446/19/9 461/20/9 460/18/9
f 446/19/10 447/21/10 462/22/10 461/20/10
f 447/21/11 448/23/11 463/24/11 462/22/11
f 448/23/12 449/25/12 464/26/12 463/24/12
f 449/25/13 450/27/13 465/28/13 464/26/13
f 450/27/14 451/29/14 466/30/14 465/28/14
f 452/4/15 453/3/15 468/31/15 467/32/15
f 453/3/16 454/6/16 469/33/16 468/31/16
f 454/6/17 455/8/17 470/34/17 469/33/17
f 455/8/18 456/10/18 471/35/18 470/34/18
f 456/10/19 457/12/19 472/36/19 471/35/19
f 457/12/20 458/14/20 473/37/20 472/36/20
f 458/14/21 459/16/21 474/38/21 473/37/21
f 459/16/22 460/18/22 475/39/22 474/38/22
f 460/18/23 461/20/23 476/40/23 475/39/23
f 461/20/24 462/22/24 477/41/24 476/40/24
f 462/22/25 463/24/25 478/42/25 477/41/25
f 463/24/26 464/26/26 479/43/26 478/42/26
f 464/26/27 465/28/27 480/44/27 479/43/27
f 465/28/28 466/30/28 481/45/28 480/44/28
f 467/32/29 468/31/29 483/46/29 482/47/29
f 468/31/30 469/33/30 484/48/30 483/46/30
f 469/33/31 470/34/31 485/49/31 484/48/31
f 470/34/32 471/35/32 486/50/32 485/49/32
f 471/35/33 472/36/33 487/51/33 486/50/33
f 472/36/34 473/37/34 488/52/34 487/51/34
f 473/37/35 474/38/35 489/53/35 488/52/35
f 474/38/36 475/39/36 490/54/36 489/53/36
f 475/39/37 476/40/37 491/55/37 490/54/37
f 476/40/38 477/41/38 492/56/38 491/55/38
f 477/41/39 478/42/39 493/57/39 492/56/39
f 478/42/40 479/43/40 494/58/40 493/57/40
f 479/43/41 480/44/41 495/59/41 494/58/41
f 480/44/42 481/45/42 496/60/42 495/59/42
f 482/47/43 483/46/43 498/61/43 497/62/43
f 483/46/44 484/48/44 499/63/44 498/61/44
f 484/48/45 485/49/45 500/64/45 499/63/45
f 485/49/46 486/50/46 501/65/46 500/64/46
f 486/50/47 487/51/47 502/66/47 501/65/47
f 487/51/48 488/52/48 503/67/48 502/66/48
f 488/52/49 489/53/49 504/68/49 503/67/49
f 489/53/50 490/54/50 505/69/50 504/68/50
f 490/54/51 491/55/51 506/70/51 505/69/51
f 491/55/52 492/56/52 507/71/52 506/70/52
f 492/56/53 493/57/53 508/72/53 507/71/53
f 493/57/54 494/58/54 509/73/54 508/72/54
f 494/58/55 495/59/55 510/74/55 509/73/55
f 495/59/56 496/60/56 511/75/56 510/74/56
f 497/62/57 498/61/57 513/76/57 512/77/57
f 498/61/58 499/63/58 514/78/58 513/76/58
f 499/63/59 500/64/59 515/79/59 514/78/59
f 500/64/60 501/65/60 516/80/60 515/79/60
f 501/65/61 502/66/61 517/81/61 516/80/61
f 502/66/62 503/67/62 518/82/62 517/81/62
f 503/67/63 504/68/63 519/83/63 518/82/63
f 504/68/64 505/69/64 520/84/64 519/83/64
f 505/69/65 506/70/65 521/85/65 520/84/65
f 506/70/66 507/71/66 522/86/66 521/85/66
f 507/71/67 508/72/67 523/87/67 522/86/67
f 508/72/68 509/73/68 524/88/68 523/87/68
f 509/73/69 510/74/69 525/89/69 524/88/69
f 510/74/70 511/75/70 526/90/70 525/89/70
f 512/77/71 513/76/71 528/91/71 527/92/71
f 513/76/72 514/78/72 529/93/72 528/91/72
f 514/78/73 515/79/73 530/94/73 529/93/73
f 515/79/74 516/80/74 531/95/74 530/94/74
f 516/80/75 517/81/75 532/96/75 531/95/75
f 517/81/76 518/82/76 533/97/76 532/96/76
f 518/82/77 519/83/77 534/98/77 533/97/77
f 519/83/78 520/84/78 535/99/78 534/98/78
f 520/84/79 521/85/79 536/100/79 535/99/79
f 521/85/80 522/86/80 537/101/80 536/100/80
f 522/86/81 523/87/81 538/102/81 537/101/81
f 523/87/82 524/88/82 539/103/82 538/102/82
f 524/88/83 525/89/83 540/104/83 539/103/83
f 525/89/84 526/90/84 541/105/84 540/104/84
f 527/92/85 528/91/85 543/106/85 542/107/85
f 528/91/86 529/93/86 544/108/86 543/106/86
f 529/93/87 530/94/87 545/109/87 544/108/87
f 530/94/88 531/95/88 546/110/88 545/109/88
f 531/95/89 532/96/89 547/111/89 546/110/89
f 532/96/90 533/97/90 548/112/90 547/111/90
f 533/97/91 534/98/91 549/113/91 548/112/91
f 534/98/92 535/99/92 550/114/92 549/113/92
f 535/99/93 536/100/93 551/115/93 550/114/93
f 536/100/94 537/101/94 552/116/94 551/115/94
f 537/101/95 538/102/95 553/117/95 552/116/95
f 538/102/96 539/103/96 554/118/96 553/117/96
f 539/103/97 540/104/97 555/119/97 554/118/97
f 540/104/98 541/105/98 556/120/98 555/119/98
f 542/107/99 543/106/99 558/121/99 557/122/99
f 543/106/100 544/108/100 559/123/100 558/121/100
f 544/108/101 545/109/101 560/124/101 559/123/101
f 545/109/102 546/110/102 561/125/102 560/124/102
f 546/110/103 547/111/103 562/126/103 561/125/103
f 547/111/104 548/112/104 563/127/104 562/126/104
f 548/112/105 549/113/105 564/128/105 563/127/105
f 549/113/106 550/114/106 565/129/106 564/128/106
f 550/114/107 551/115/107 566/130/107 565/129/107
f 551/115/108 552/116/108 567/131/108 566/130/108
f 552/116/109 553/117/109 568/132/109 567/131/109
f 553/117/110 554/118/110 569/133/110 568/132/110
f 554/118/111 555/119/111 570/134/111 569/133/111
f 555/119/112 556/120/112 571/135/112 570/134/112
f 557/122/113 558/121/113 573/136/113 572/137/113
f 558/121/114 559/123/114 574/138/114 573/136/114
f 559/123/115 560/124/115 575/139/115 574/138/115
f 560/124/116 561/125/116 576/140/116 575/139/116
f 561/125/117 562/126/117 577/141/117 576/140/117
f 562/126/118 563/127/118 578/142/118 577/141/118
f 563/127/119 564/128/119 579/143/119 578/142/119
f 564/128/120 565/129/120 580/144/120 579/143/120
f 565/129/121 566/130/121 581/145/121 580/144/121
f 566/130/122 567/131/122 582/146/122 581/145/122
f 567/131/123 568/132/123 583/147/123 582/146/123
f 568/132/124 569/133/124 584/148/124 583/147/124
f 569/133/125 570/134/125 585/149/125 584/148/125
f 570/134/126 571/135/126 586/150/126 585/149/126
f 572/137/127 573/136/127 588/151/127 587/152/127
f 573/136/128 574/138/128 589/153/128 588/151/128
f 574/138/129 575/139/129 590/154/129 589/153/129
f 575/139/130 576/140/130 591/155/130 590/154/130
f 576/140/131 577/141/131 592/156/131 591/155/131
f 577/141/132 578/142/132 593/157/132 592/156/132
f 578/142/133 579/143/133 594/158/133 593/157/133
f 579/143/134 580/144/134 595/159/134 594/158/134
f 580/144/135 581/145/135 596/160/135 595/159/135
f 581/145/136 582/146/136 597/161/136 596/160/136
f 582/146/137 583/147/137 598/162/137 597/161/137
f 583/147/138 584/148/138 599/163/138 598/162/138
f 584/148/139 585/149/139 600/164/139 599/163/139
f 585/149/140 586/150/140 601/165/140 600/164/140
f 587/152/141 588/151/141 603/166/141 602/167/141
f 588/151/142 589/153/142 604/168/142 603/166/142
f 589/153/143 590/154/143 605/169/143 604/168/143
f 590/154/144 591/155/144 606/170/144 605/169/144
f 591/155/145 592/156/145 607/171/145 606/170/145
f 592/156/146 593/157/146 608/172/146 607/171/146
f 593/157/147 594/158/147 609/173/147 608/172/147
f 594/158/148 595/159/148 610/174/148 609/173/148
f 595/159/149 596/160/149 611/175/149 610/174/149
f 596/160/150 597/161/150 612/176/150 611/175/150
f 597/161/151 598/162/151 613/177/151 612/176/151
f 598/162/152 599/163/152 614/178/152 613/177/152
f 599/163/153 600/164/153 615/179/153 614/178/153
f 600/164/154 601/165/154 616/180/154 615/179/154
f 602/167/155 603/166/155 618/181/155 617/182/155
f 603/166/156 604/168/156 619/183/156 618/181/156
f 604/168/157 605/169/157 620/184/157 619/183/157
f 605/169/158 606/170/158 621/185/158 620/184/158
f 606/170/159 607/171/159 622/186/159 621/185/159
f 607/171/160 608/172/160 623/187/160 622/186/160
f 608/172/161 609/173/161 624/188/161 623/187/161
f 609/173/162 610/174/162 625/189/162 624/188/162
f 610/174/163 611/175/163 626/190/163 625/189/163
f 611/175/164 612/176/164 627/191/164 626/190/164
f 612/176/165 613/177/165 628/192/165 627/191/165
f 613/177/166 614/178/166 629/193/166 628/192/166
f 614/178/167 615/179/167 630/194/167 629/193/167
f 615/179/168 616/180/168 631/195/168 630/194/168
f 617/182/169 618/181/169 633/196/169 632/197/169
f 618/181/170 619/183/170 634/198/170 633/196/170
f 619/183/171 620/184/171 635/199/171 634/198/171
f 620/184/172 621/185/172 636/200/172 635/199/172
f 621/185/173 622/186/173 637/201/173 636/200/173
f 622/186/174 623/187/174 638/202/174 637/201/174
f 623/187/175 624/188/175 639/203/175 638/202/175
f 624/188/176 625/189/176 640/204/176 639/203/176
f 625/189/177 626/190/177 641/205/177 640/204/177
f 626/190/178 627/191/178 642/206/178 641/205/178
f 627/191/179 628/192/179 643/207/179 642/206/179
f 628/192/180 629/193/180 644/208/180 643/207/180
f 629/193/181 630/194/181 645/209/181 644/208/181
f 630/194/182 631/195/182 646/210/182 645/209/182
f 632/197/183 633/196/183 648/211/183 647/212/183
f 633/196/184 634/198/184 649/213/184 648/211/184
f 634/198/185 635/199/185 650/214/185 649/213/185
f 635/199/186 636/200/186 651/215/186 650/214/186
f 636/200/187 637/201/187 652/216/187 651/215/187
f 637/201/188 638/202/188 653/217/188 652/216/188
f 638/202/189 639/203/189 654/218/189 653/217/189
f 639/203/190 640/204/190 655/219/190 654/218/190
f 640/204/191 641/205/191 656/220/191 655/219/191
f 641/205/192 642/206/192 657/221/192 656/220/192
f 642/206/193 643/207/193 658/222/193 657/221/193
f 643/207/194 644/208/194 659/223/194 658/222/194
f 644/208/195 645/209/195 660/224/195 659/223/195
f 645/209/196 646/210/196 661/225/196 660/224/196
f 3/226/197 136/227/197 437/1/197 107/228/197
f 136/227/198 135/229/198 438/2/198 437/1/198
f 135/229/199 134/230/199 439/5/199 438/2/199
f 134/230/200 133/231/200 440/7/200 439/5/200
f 133/231/201 132/232/201 441/9/201 440/7/201
f 132/232/202 131/233/202 442/11/202 441/9/202
f 131/233/203 130/234/203 443/13/203 442/11/203
f 130/234/204 129/235/204 444/15/204 443/13/204
f 129/235/205 128/236/205 445/17/205 444/15/205
f 128/236/206 127/237/206 446/19/206 445/17/206
f 127/237/207 126/238/207 447/21/207 446/19/207
f 126/238/208 125/239/208 448/23/208 447/21/208
f 125/239/209 124/240/209 449/25/209 448/23/209
f 124/240/210 123/241/210 450/27/210 449/25/210
f 123/241/211 122/242/211 451/29/211 450/27/211
f 122/242/212 1/243/212 181/244/212 451/29/212
f 451/29/213 181/244/213 180/245/213 466/30/213
f 466/30/214 180/245/214 179/246/214 481/45/214
f 481/45/215 179/246/215 178/247/215 496/60/215
f 496/60/216 178/247/216 177/248/216 511/75/216
f 511/75/217 177/248/217 176/249/217 526/90/217
f 526/90/218 176/249/218 175/250/218 541/105/218
f 541/105/219 175/250/219 174/251/219 556/120/219
f 556/120/220 174/251/220 173/252/220 571/135/220
f 571/135/221 173/252/221 172/253/221 586/150/221
f 586/150/222 172/253/222 171/254/222 601/165/222
f 601/165/223 171/254/223 170/255/223 616/180/223
f 616/180/224 170/255/224 169/256/224 631/195/224
f 631/195/225 169/256/225 168/257/225 646/210/225
f 646/210/226 168/257/226 167/258/226 661/225/226
f 661/225/227 167/258/227 5/259/227 166/260/227
f 660/224/228 661/225/228 166/260/228 165/261/228
f 659/223/229 660/224/229 165/261/229 164/262/229
f 658/222/230 659/223/230 164/262/230 163/263/230
f 657/221/231 658/222/231 163/263/231 162/264/231
f 656/220/232 657/221/232 162/264/232 161/265/232
f 655/219/233 656/220/233 161/265/233 160/266/233
f 654/218/234 655/219/234 160/266/234 159/267/234
f 653/217/235 654/218/235 159/267/235 158/268/235
f 652/216/236 653/217/236 158/268/236 157/269/236
f 651/215/237 652/216/237 157/269/237 156/270/237
f 650/214/238 651/215/238 156/270/238 155/271/238
f 649/213/239 650/214/239 155/271/239 154/272/239
f 648/211/240 649/213/240 154/272/240 153/273/240
f 647/212/241 648/211/241 153/273/241 152/274/241
f 121/275/242 647/212/242 152/274/242 7/276/242
f 120/277/243 632/197/243 647/212/243 121/275/243
f 119/278/244 617/182/244 632/197/244 120/277/244
f 118/279/245 602/167/245 617/182/245 119/278/245
f 117/280/246 587/152/246 602/167/246 118/279/246
f 116/281/247 572/137/247 587/152/247 117/280/247
f 115/282/248 557/122/248 572/137/248 116/281/248
f 114/283/249 542/107/249 557/122/249 115/282/249
f 113/284/250 527/92/250 542/107/250 114/283/250
f 112/285/251 512/77/251 527/92/251 113/284/251
f 111/286/252 497/62/252 512/77/252 112/285/252
f 110/287/253 482/47/253 497/62/253 111/286/253
f 109/288/254 467/32/254 482/47/254 110/287/254
f 108/289/255 452/4/255 467/32/255 109/288/255
f 107/228/256 437/1/256 452/4/256 108/289/256
f 662/290/257 663/291/257 678/292/257 677/293/257
f 663/291/258 664/294/258 679/295/258 678/292/258
f 664/294/259 665/296/259 680/297/259 679/295/259
f 665/296/260 666/298/260 681/299/260 680/297/260
f 666/298/261 667/300/261 682/301/261 681/299/261
f 667/300/262 668/302/262 683/303/262 682/301/262
f 668/302/263 669/304/263 684/305/263 683/303/263
f 669/304/264 670/306/264 685/307/264 684/305/264
f 670/306/265 671/308/265 686/309/265 685/307/265
f 671/308/266 672/310/266 687/311/266 686/309/266
f 672/310/267 673/312/267 688/313/267 687/311/267
f 673/312/268 674/314/268 689/315/268 688/313/268
f 674/314/269 675/316/269 690/317/269 689/315/269
f 675/316/270 676/318/270 691/319/270 690/317/270
f 677/293/271 678/292/271 693/320/271 692/321/271
f 678/292/272 679/295/272 694/322/272 693/320/272
f 679/295/273 680/297/273 695/323/273 694/322/273
f 680/297/274 681/299/274 696/324/274 695/323/274
f 681/299/275 682/301/275 697/325/275 696/324/275
f 682/301/276 683/303/276 698/326/276 697/325/276
f 683/303/277 684/305/277 699/327/277 698/326/277
f 684/305/278 685/307/278 700/328/278 699/327/278
f 685/307/279 686/309/279 701/329/279 700/328/279
f 686/309/280 687/311/280 702/330/280 701/329/280
f 687/311/281 688/313/281 703/331/281 702/330/281
f 688/313/282 689/315/282 704/332/282 703/331/282
f 689/315/283 690/317/283 705/333/283 704/332/283
f 690/317/284 691/319/284 706/334/284 705/333/284
f 692/321/285 693/320/285 708/335/285 707/336/285
f 693/320/286 694/322/286 709/337/286 708/335/286
f 694/322/287 695/323/287 710/338/287 709/337/287
f 695/323/288 696/324/288 711/339/288 710/338/288
f 696/324/289 697/325/289 712/340/289 711/339/289
f 697/325/290 698/326/290 713/341/290 712/340/290
f 698/326/291 699/327/291 714/342/291 713/341/291
f 699/327/292 700/328/292 715/343/292 714/342/292
f 700/328/293 701/329/293 716/344/293 715/343/293
f 701/329/294 702/330/294 717/345/294 716/344/294
f 702/330/295 703/331/295 718/346/295 717/345/295
f 703/331/296 704/332/296 719/347/296 718/346/296
f 704/332/297 705/333/297 720/348/297 719/347/297
f 705/333/298 706/334/298 721/349/298 720/348/298
f 707/336/299 708/335/299 723/350/299 722/351/299
f 708/335/300 709/337/300 724/352/300 723/350/300
f 709/337/301 710/338/301 725/353/301 724/352/301
f 710/338/302 711/339/302 726/354/302 725/353/302
f 711/339/303 712/340/303 727/355/303 726/354/303
f 712/340/304 713/341/304 728/356/304 727/355/304
f 713/341/305 714/342/305 729/357/305 728/356/305
f 714/342/306 715/343/306 730/358/306 729/357/306
f 715/343/307 716/344/307 731/359/307 730/358/307
f 716/344/308 717/345/308 732/360/308 731/359/308
f 717/345/309 718/346/309 733/361/309 732/360/309
f 718/346/310 719/347/310 734/362/310 733/361/310
f 719/347/311 720/348/311 735/363/311 734/362/311
f 720/348/312 721/349/312 736/364/312 735/363/312
f 722/351/313 723/350/313 738/365/313 737/366/313
f 723/350/314 724/352/314 739/367/314 738/365/314
f 724/352/315 725/353/315 740/368/315 739/367/315
f 725/353/316 726/354/316 741/369/316 740/368/316
f 726/354/317 727/355/317 742/370/317 741/369/317
f 727/355/318 728/356/318 743/371/318 742/370/318
f 728/356/319 729/357/319 744/372/319 743/371/319
f 729/357/320 730/358/320 745/373/320 744/372/320
f 730/358/321 731/359/321 746/374/321 745/373/321
f 731/359/322 732/360/322 747/375/322 746/374/322
f 732/360/323 733/361/323 748/376/323 747/375/323
f 733/361/324 734/362/324 749/377/324 748/376/324
f 734/362/325 735/363/325 750/378/325 749/377/325
f 735/363/326 736/364/326 751/379/326 750/378/326
f 737/366/327 738/365/327 753/380/327 752/381/327
f 738/365/328 739/367/328 754/382/328 753/380/328
f 739/367/329 740/368/329 755/383/329 754/382/329
f 740/368/330 741/369/330 756/384/330 755/383/330
f 741/369/331 742/370/331 757/385/331 756/384/331
f 742/370/332 743/371/332 758/386/332 757/385/332
f 743/371/333 744/372/333 759/387/333 758/386/333
f 744/372/334 745/373/334 760/388/334 759/387/334
f 745/373/335 746/374/335 761/389/335 760/388/335
f 746/374/336 747/375/336 762/390/336 761/389/336
f 747/375/337 748/376/337 763/391/337 762/390/337
f 748/376/338 749/377/338 764/392/338 763/391/338
f 749/377/339 750/378/339 765/393/339 764/392/339
f 750/378/340 751/379/340 766/394/340 765/393/340
f 752/381/341 753/380/341 768/395/341 767/396/341
f 753/380/342 754/382/342 769/397/342 768/395/342
f 754/382/343 755/383/343 770/398/343 769/397/343
f 755/383/344 756/384/344 771/399/344 770/398/344
f 756/384/345 757/385/345 772/400/345 771/399/345
f 757/385/346 758/386/346 773/401/346 772/400/346
f 758/386/347 759/387/347 774/402/347 773/401/347
f 759/387/348 760/388/348 775/403/348 774/402/348
f 760/388/349 761/389/349 776/404/349 775/403/349
f 761/389/350 762/390/350 777/405/350 776/404/350
f 762/390/351 763/391/351 778/406/351 777/405/351
f 763/391/352 764/392/352 779/407/352 778/406/352
f 764/392/353 765/393/353 780/408/353 779/407/353
f 765/393/354 766/394/354 781/409/354 780/408/354
f 767/396/355 768/395/355 783/410/355 782/411/355
f 768/395/356 769/397/356 784/412/356 783/410/356
f 769/397/357 770/398/357 785/413/357 784/412/357
f 770/398/358 771/399/358 786/414/358 785/413/358
f 771/399/359 772/400/359 787/415/359 786/414/359
f 772/400/360 773/401/360 788/416/360 787/415/360
f 773/401/361 774/402/361 789/417/361 788/416/361
f 774/402/362 775/403/362 790/418/362 789/417/362
f 775/403/363 776/404/363 791/419/363 790/418/363
f 776/404/364 777/405/364 792/420/364 791/419/364
f 777/405/365 778/406/365 793/421/365 792/420/365
f 778/406/366 779/407/366 794/422/366 793/421/366
f 779/407/367 780/408/367 795/423/367 794/422/367
f 780/408/368 781/409/368 796/424/368 795/423/368
f 782/411/369 783/410/369 798/425/369 797/426/369
f 783/410/370 784/412/370 799/427/370 798/425/370
f 784/412/371 785/413/371 800/428/371 799/427/371
f 785/413/372 786/414/372 801/429/372 800/428/372
f 786/414/373 787/415/373 802/430/373 801/429/373
f 787/415/374 788/416/374 803/431/374 802/430/374
f 788/416/375 789/417/375 804/432/375 803/431/375
f 789/417/376 790/418/376 805/433/376 804/432/376
f 790/418/377 791/419/377 806/434/377 805/433/377
f 791/419/378 792/420/378 807/435/378 806/434/378
f 792/420/379 793/421/379 808/436/379 807/435/379
f 793/421/380 794/422/380 809/437/380 808/436/380
f 794/422/381 795/423/381 810/438/381 809/437/381
f 795/423/382 796/424/382 811/439/382 810/438/382
f 797/426/383 798/425/383 813/440/383 812/441/383
f 798/425/384 799/427/384 814/442/384 813/440/384
f 799/427/385 800/428/385 815/443/385 814/442/385
f 800/428/386 801/429/386 816/444/386 815/443/386
f 801/429/387 802/430/387 817/445/387 816/444/387
f 802/430/388 803/431/388 818/446/388 817/445/388
f 803/431/389 804/432/389 819/447/389 818/446/389
f 804/432/390 805/433/390 820/448/390 819/447/390
f 805/433/391 806/434/391 821/449/391 820/448/391
f 806/434/392 807/435/392 822/450/392 821/449/392
f 807/435/393 808/436/393 823/451/393 822/450/393
f 808/436/394 809/437/394 824/452/394 823/451/394
f 809/437/395 810/438/395 825/453/395 824/452/395
f 810/438/396 811/439/396 826/454/396 825/453/396
f 812/441/397 813/440/397 828/455/397 827/456/397
f 813/440/398 814/442/398 829/457/398 828/455/398
f 814/442/399 815/443/399 830/458/399 829/457/399
f 815/443/400 816/444/400 831/459/400 830/458/400
f 816/444/401 817/445/401 832/460/401 831/459/401
f 817/445/402 818/446/402 833/461/402 832/460/402
f 818/446/403 819/447/403 834/462/403 833/461/403
f 819/447/404 820/448/404 835/463/404 834/462/404
f 820/448/405 821/449/405 836/464/405 835/463/405
f 821/449/406 822/450/406 837/465/406 836/464/406
f 822/450/407 823/451/407 838/466/407 837/465/407
f 823/451/408 824/452/408 839/467/408 838/466/408
f 824/452/409 825/453/409 840/468/409 839/467/409
f 825/453/410 826/454/410 841/469/410 840/468/410
f 827/456/411 828/455/411 843/470/411 842/471/411
f 828/455/412 829/457/412 844/472/412 843/470/412
f 829/457/413 830/458/413 845/473/413 844/472/413
f 830/458/414 831/459/414 846/474/414 845/473/414
f 831/459/415 832/460/415 847/475/415 846/474/415
f 832/460/416 833/461/416 848/476/416 847/475/416
f 833/461/417 834/462/417 849/477/417 848/476/417
f 834/462/418 835/463/418 850/478/418 849/477/418
f 835/463/419 836/464/419 851/479/419 850/478/419
f 836/464/420 837/465/420 852/480/420 851/479/420
f 837/465/421 838/466/421 853/481/421 852/480/421
f 838/466/422 839/467/422 854/482/422 853/481/422
f 839/467/423 840/468/423 855/483/423 854/482/423
f 840/468/424 841/469/424 856/484/424 855/483/424
f 842/471/425 843/470/425 858/485/425 857/486/425
f 843/470/426 844/472/426 859/487/426 858/485/426
f 844/472/427 845/473/427 860/488/427 859/487/427
f 845/473/428 846/474/428 861/489/428 860/488/428
f 846/474/429 847/475/429 862/490/429 861/489/429
f 847/475/430 848/476/430 863/491/430 862/490/430
f 848/476/431 849/477/431 864/492/431 863/491/431
f 849/477/432 850/478/432 865/493/432 864/492/432
f 850/478/433 851/479/433 866/494/433 865/493/433
f 851/479/434 852/480/434 867/495/434 866/494/434
f 852/480/435 853/481/435 868/496/435 867/495/435
f 853/481/436 854/482/436 869/497/436 868/496/436
f 854/482/437 855/483/437 870/498/437 869/497/437
f 855/483/438 856/484/438 871/499/438 870/498/438
f 857/486/439 858/485/439 873/500/439 872/501/439
f 858/485/440 859/487/440 874/502/440 873/500/440
f 859/487/441 860/488/441 875/503/441 874/502/441
f 860/488/442 861/489/442 876/504/442 875/503/442
f 861/489/443 862/490/443 877/505/443 876/504/443
f 862/490/444 863/491/444 878/506/444 877/505/444
f 863/491/445 864/492/445 879/507/445 878/506/445
f 864/492/446 865/493/446 880/508/446 879/507/446
f 865/493/447 866/494/447 881/509/447 880/508/447
f 866/494/448 867/495/448 882/510/448 881/509/448
f 867/495/449 868/496/449 883/511/449 882/510/449
f 868/496/450 869/497/450 884/512/450 883/511/450
f 869/497/451 870/498/451 885/513/451 884/512/451
f 870/498/452 871/499/452 886/514/452 885/513/452
f 15/515/453 361/516/453 662/290/453 422/517/453
f 361/516/454 360/518/454 663/291/454 662/290/454
f 360/518/455 359/519/455 664/294/455 663/291/455
f 359/519/456 358/520/456 665/296/456 664/294/456
f 358/520/457 357/521/457 666/298/457 665/296/457
f 357/521/458 356/522/458 667/300/458 666/298/458
f 356/522/459 355/523/459 668/302/459 667/300/459
f 355/523/460 354/524/460 669/304/460 668/302/460
f 354/524/461 353/525/461 670/306/461 669/304/461
f 353/525/462 352/526/462 671/308/462 670/306/462
f 352/526/463 351/527/463 672/310/463 671/308/463
f 351/527/464 350/528/464 673/312/464 672/310/464
f 350/528/465 349/529/465 674/314/465 673/312/465
f 349/529/466 348/530/466 675/316/466 674/314/466
f 348/530/467 347/531/467 676/318/467 675/316/467
f 347/531/468 3/226/468 107/532/468 676/318/468
f 676/318/469 107/532/469 108/533/469 691/319/469
f 691/319/470 108/533/470 109/534/470 706/334/470
f 706/334/471 109/534/471 110/535/471 721/349/471
f 721/349/472 110/535/472 111/536/472 736/364/472
f 736/364/473 111/536/473 112/537/473 751/379/473
f 751/379/474 112/537/474 113/538/474 766/394/474
f 766/394/475 113/538/475 114/539/475 781/409/475
f 781/409/476 114/539/476 115/540/476 796/424/476
f 796/424/477 115/540/477 116/541/477 811/439/477
f 811/439/478 116/541/478 117/542/478 826/454/478
f 826/454/479 117/542/479 118/543/479 841/469/479
f 841/469/480 118/543/480 119/544/480 856/484/480
f 856/484/481 119/544/481 120/545/481 871/499/481
f 871/499/482 120/545/482 121/546/482 886/514/482
f 886/514/483 121/546/483 7/547/483 76/548/483
f 885/513/484 886/514/484 76/548/484 75/549/484
f 884/512/485 885/513/485 75/549/485 74/550/485
f 883/511/486 884/512/486 74/550/486 73/551/486
f 882/510/487 883/511/487 73/551/487 72/552/487
f 881/509/488 882/510/488 72/552/488 71/553/488
f 880/508/489 881/509/489 71/553/489 70/554/489
f 879/507/490 880/508/490 70/554/490 69/555/490
f 878/506/491 879/507/491 69/555/491 68/556/491
f 877/505/492 878/506/492 68/556/492 67/557/492
f 876/504/493 877/505/493 67/557/493 66/558/493
f 875/503/494 876/504/494 66/558/494 65/559/494
f 874/502/495 875/503/495 65/559/495 64/560/495
f 873/500/496 874/502/496 64/560/496 63/561/496
f 872/501/497 873/500/497 63/561/497 62/562/497
f 436/563/498 872/501/498 62/562/498 13/564/498
f 435/565/499 857/486/499 872/501/499 436/563/499
f 434/566/500 842/471/500 857/486/500 435/565/500
f 433/567/501 827/456/501 842/471/501 434/566/501
f 432/568/502 812/441/502 827/456/502 433/567/502
f 431/569/503 797/426/503 812/441/503 432/568/503
f 430/570/504 782/411/504 797/426/504 431/569/504
f 429/571/505 767/396/505 782/411/505 430/570/505
f 428/572/506 752/381/506 767/396/506 429/571/506
f 427/573/507 737/366/507 752/381/507 428/572/507
f 426/574/508 722/351/508 737/366/508 427/573/508
f 425/575/509 707/336/509 722/351/509 426/574/509
f 424/576/510 692/321/510 707/336/510 425/575/510
f 423/577/511 677/293/511 692/321/511 424/576/511
f 422/517/512 662/290/512 677/293/512 423/577/512
f 887/578/513 888/579/513 903/580/513 902/581/513
f 888/579/514 889/582/514 904/583/514 903/580/514
f 889/582/515 890/584/515 905/585/515 904/583/515
f 890/584/516 891/586/516 906/587/516 905/585/516
f 891/586/517 892/588/517 907/589/517 906/587/517
f 892/588/518 893/590/518 908/591/518 907/589/518
f 893/590/519 894/592/519 909/593/519 908/591/519
f 894/592/520 895/594/520 910/595/520 909/593/520
f 895/594/521 896/596/521 911/597/521 910/595/521
f 896/596/522 897/598/522 912/599/522 911/597/522
f 897/598/523 898/600/523 913/601/523 912/599/523
f 898/600/524 899/602/524 914/603/524 913/601/524
f 899/602/525 900/604/525 915/605/525 914/603/525
f 900/604/526 901/606/526 916/607/526 915/605/526
f 902/581/527 903/580/527 918/608/527 917/609/527
f 903/580/528 904/583/528 919/610/528 918/608/528
f 904/583/529 905/585/529 920/611/529 919/610/529
f 905/585/530 906/587/530 921/612/530 920/611/530
f 906/587/531 907/589/531 922/613/531 921/612/531
f 907/589/532 908/591/532 923/614/532 922/613/532
f 908/591/533 909/593/533 924/615/533 923/614/533
f 909/593/534 910/595/534 925/616/534 924/615/534
f 910/595/535 911/597/535 926/617/535 925/616/535
f 911/597/536 912/599/536 927/618/536 926/617/536
f 912/599/537 913/601/537 928/619/537 927/618/537
f 913/601/538 914/603/538 929/620/538 928/619/538
f 914/603/539 915/605/539 930/621/539 929/620/539
f 915/605/540 916/607/540 931/622/540 930/621/540
f 917/609/541 918/608/541 933/623/541 932/624/541
f 918/608/542 919/610/542 934/625/542 933/623/542
f 919/610/543 920/611/543 935/626/543 934/625/543
f 920/611/544 921/612/544 936/627/544 935/626/544
f 921/612/545 922/613/545 937/628/545 936/627/545
f 922/613/546 923/614/546 938/629/546 937/628/546
f 923/614/547 924/615/547 939/630/547 938/629/547
f 924/615/548 925/616/548 940/631/548 939/630/548
f 925/616/549 926/617/549 941/632/549 940/631/549
f 926/617/550 927/618/550 942/633/550 941/632/550
f 927/618/551 928/619/551 943/634/551 942/633/551
f 928/619/552 929/620/552 944/635/552 943/634/552
f 929/620/553 930/621/553 945/636/553 944/635/553
f 930/621/554 931/622/554 946/637/554 945/636/554
f 932/624/555 933/623/555 948/638/555 947/639/555
f 933/623/556 934/625/556 949/640/556 948/638/556
f 934/625/557 935/626/557 950/641/557 949/640/557
f 935/626/558 936/627/558 951/642/558 950/641/558
f 936/627/559 937/628/559 952/643/559 951/642/559
f 937/628/560 938/629/560 953/644/560 952/643/560
f 938/629/561 939/630/561 954/645/561 953/644/561
f 939/630/562 940/631/562 955/646/562 954/645/562
f 940/631/563 941/632/563 956/647/563 955/646/563
f 941/632/564 942/633/564 957/648/564 956/647/564
f 942/633/565 943/634/565 958/649/565 957/648/565
f 943/634/566 944/635/566 959/650/566 958/649/566
f 944/635/567 945/636/567 960/651/567 959/650/567
f 945/636/568 946/637/568 961/652/568 960/651/568
f 947/639/569 948/638/569 963/653/569 962/654/569
f 948/638/570 949/640/570 964/655/570 963/653/570
f 949/640/571 950/641/571 965/656/571 964/655/571
f 950/641/572 951/642/572 966/657/572 965/656/572
f 951/642/573 952/643/573 967/658/573 966/657/573
f 952/643/574 953/644/574 968/659/574 967/658/574
f 953/644/575 954/645/575 969/660/575 968/659/575
f 954/645/576 955/646/576 970/661/576 969/660/576
f 955/646/577 956/647/577 971/662/577 970/661/577
f 956/647/578 957/648/578 972/663/578 971/662/578
f 957/648/579 958/649/579 973/664/579 972/663/579
f 958/649/580 959/650/580 974/665/580 973/664/580
f 959/650/581 960/651/581 975/666/581 974/665/581
f 960/651/582 961/652/582 976/667/582 975/666/582
f 962/654/583 963/653/583 978/668/583 977/669/583
f 963/653/584 964/655/584 979/670/584 978/668/584
f 964/655/585 965/656/585 980/671/585 979/670/585
f 965/656/586 966/657/586 981/672/586 980/671/586
f 966/657/587 967/658/587 982/673/587 981/672/587
f 967/658/588 968/659/588 983/674/588 982/673/588
f 968/659/589 969/660/589 984/675/589 983/674/589
f 969/660/590 970/661/590 985/676/590 984/675/590
f 970/661/591 971/662/591 986/677/591 985/676/591
f 971/662/592 972/663/592 987/678/592 986/677/592
f 972/663/593 973/664/593 988/679/593 987/678/593
f 973/664/594 974/665/594 989/680/594 988/679/594
f 974/665/595 975/666/595 990/681/595 989/680/595
f 975/666/596 976/667/596 991/682/596 990/681/596
f 977/669/597 978/668/597 993/683/597 992/684/597
f 978/668/598 979/670/598 994/685/598 993/683/598
f 979/670/599 980/671/599 995/686/599 994/685/599
f 980/671/600 981/672/600 996/687/600 995/686/600
f 981/672/601 982/673/601 997/688/601 996/687/601
f 982/673/602 983/674/602 998/689/602 997/688/602
f 983/674/603 984/675/603 999/690/603 998/689/603
f 984/675/604 985/676/604 1000/691/604 999/690/604
f 985/676/605 986/677/605 1001/692/605 1000/691/605
f 986/677/606 987/678/606 1002/693/606 1001/692/606
f 987/678/607 988/679/607 1003/694/607 1002/693/607
f 988/679/608 989/680/608 1004/695/608 1003/694/608
f 989/680/609 990/681/609 1005/696/609 1004/695/609
f 990/681/610 991/682/610 1006/697/610 1005/696/610
f 992/684/611 993/683/611 1008/698/611 1007/699/611
f 993/683/612 994/685/612 1009/700/612 1008/698/612
f 994/685/613 995/686/613 1010/701/613 1009/700/613
f 995/686/614 996/687/614 1011/702/614 1010/701/614
f 996/687/615 997/688/615 1012/703/615 1011/702/615
f 997/688/616 998/689/616 1013/704/616 1012/703/616
f 998/689/617 999/690/617 1014/705/617 1013/704/617
f 999/690/618 1000/691/618 1015/706/618 1014/705/618
f 1000/691/619 1001/692/619 1016/707/619 1015/706/619
f 1001/692/620 1002/693/620 1017/708/620 1016/707/620
f 1002/693/621 1003/694/621 1018/709/621 1017/708/621
f 1003/694/622 1004/695/622 1019/710/622 1018/709/622
f 1004/695/623 1005/696/623 1020/711/623 1019/710/623
f 1005/696/624 1006/697/624 1021/712/624 1020/711/624
f 1007/699/625 1008/698/625 1023/713/625 1022/714/625
f 1008/698/626 1009/700/626 1024/715/626 1023/713/626
f 1009/700/627 1010/701/627 1025/716/627 1024/715/627
f 1010/701/628 1011/702/628 1026/717/628 1025/716/628
f 1011/702/629 1012/703/629 1027/718/629 1026/717/629
f 1012/703/630 1013/704/630 1028/719/630 1027/718/630
f 1013/704/631 1014/705/631 1029/720/631 1028/719/631
f 1014/705/632 1015/706/632 1030/721/632 1029/720/632
f 1015/706/633 1016/707/633 1031/722/633 1030/721/633
f 1016/707/634 1017/708/634 1032/723/634 1031/722/634
f 1017/708/635 1018/709/635 1033/724/635 1032/723/635
f 1018/709/636 1019/710/636 1034/725/636 1033/724/636
f 1019/710/637 1020/711/637 1035/726/637 1034/725/637
f 1020/711/638 1021/712/638 1036/727/638 1035/726/638
f 1022/714/639 1023/713/639 1038/728/639 1037/729/639
f 1023/713/640 1024/715/640 1039/730/640 1038/728/640
f 1024/715/641 1025/716/641 1040/731/641 1039/730/641
f 1025/716/642 1026/717/642 1041/732/642 1040/731/642
f 1026/717/643 1027/718/643 1042/733/643 1041/732/643
f 1027/718/644 1028/719/644 1043/734/644 1042/733/644
f 1028/719/645 1029/720/645 1044/735/645 1043/734/645
f 1029/720/646 1030/721/646 1045/736/646 1044/735/646
f 1030/721/647 1031/722/647 1046/737/647 1045/736/647
f 1031/722/648 1032/723/648 1047/738/648 1046/737/648
f 1032/723/649 1033/724/649 1048/739/649 1047/738/649
f 1033/724/650 1034/725/650 1049/740/650 1048/739/650
f 1034/725/651 1035/726/651 1050/741/651 1049/740/651
f 1035/726/652 1036/727/652 1051/742/652 1050/741/652
f 1037/729/653 1038/728/653 1053/743/653 1052/744/653
f 1038/728/654 1039/730/654 1054/745/654 1053/743/654
f 1039/730/655 1040/731/655 1055/746/655 1054/745/655
f 1040/731/656 1041/732/656 1056/747/656 1055/746/656
f 1041/732/657 1042/733/657 1057/748/657 1056/747/657
f 1042/733/658 1043/734/658 1058/749/658 1057/748/658
f 1043/734/659 1044/735/659 1059/750/659 1058/749/659
f 1044/735/660 1045/736/660 1060/751/660 1059/750/660
f 1045/736/661 1046/737/661 1061/752/661 1060/751/661
f 1046/737/662 1047/738/662 1062/753/662 1061/752/662
f 1047/738/663 1048/739/663 1063/754/663 1062/753/663
f 1048/739/664 1049/740/664 1064/755/664 1063/754/664
f 1049/740/665 1050/741/665 1065/756/665 1064/755/665
f 1050/741/666 1051/742/666 1066/757/666 1065/756/666
f 1052/744/667 1053/743/667 1068/758/667 1067/759/667
f 1053/743/668 1054/745/668 1069/760/668 1068/758/668
f 1054/745/669 1055/746/669 1070/761/669 1069/760/669
f 1055/746/670 1056/747/670 1071/762/670 1070/761/670
f 1056/747/671 1057/748/671 1072/763/671 1071/762/671
f 1057/748/672 1058/749/672 1073/764/672 1072/763/672
f 1058/749/673 1059/750/673 1074/765/673 1073/764/673
f 1059/750/674 1060/751/674 1075/766/674 1074/765/674
f 1060/751/675 1061/752/675 1076/767/675 1075/766/675
f 1061/752/676 1062/753/676 1077/768/676 1076/767/676
f 1062/753/677 1063/754/677 1078/769/677 1077/768/677
f 1063/754/678 1064/755/678 1079/770/678 1078/769/678
f 1064/755/679 1065/756/679 1080/771/679 1079/770/679
f 1065/756/680 1066/757/680 1081/772/680 1080/771/680
f 1067/759/681 1068/758/681 1083/773/681 1082/774/681
f 1068/758/682 1069/760/682 1084/775/682 1083/773/682
f 1069/760/683 1070/761/683 1085/776/683 1084/775/683
f 1070/761/684 1071/762/684 1086/777/684 1085/776/684
f 1071/762/685 1072/763/685 1087/778/685 1086/777/685
f 1072/763/686 1073/764/686 1088/779/686 1087/778/686
f 1073/764/687 1074/765/687 1089/780/687 1088/779/687
f 1074/765/688 1075/766/688 1090/781/688 1089/780/688
f 1075/766/689 1076/767/689 1091/782/689 1090/781/689
f 1076/767/690 1077/768/690 1092/783/690 1091/782/690
f 1077/768/691 1078/769/691 1093/784/691 1092/783/691
f 1078/769/692 1079/770/692 1094/785/692 1093/784/692
f 1079/770/693 1080/771/693 1095/786/693 1094/785/693
f 1080/771/694 1081/772/694 1096/787/694 1095/786/694
f 1082/774/695 1083/773/695 1098/788/695 1097/789/695
f 1083/773/696 1084/775/696 1099/790/696 1098/788/696
f 1084/775/697 1085/776/697 1100/791/697 1099/790/697
f 1085/776/698 1086/777/698 1101/792/698 1100/791/698
f 1086/777/699 1087/778/699 1102/793/699 1101/792/699
f 1087/778/700 1088/779/700 1103/794/700 1102/793/700
f 1088/779/701 1089/780/701 1104/795/701 1103/794/701
f 1089/780/702 1090/781/702 1105/796/702 1104/795/702
f 1090/781/703 1091/782/703 1106/797/703 1105/796/703
f 1091/782/704 1092/783/704 1107/798/704 1106/797/704
f 1092/783/705 1093/784/705 1108/799/705 1107/798/705
f 1093/784/706 1094/785/706 1109/800/706 1108/799/706
f 1094/785/707 1095/786/707 1110/801/707 1109/800/707
f 1095/786/708 1096/787/708 1111/802/708 1110/801/708
f 13/803/709 62/804/709 887/578/709 407/805/709
f 62/804/710 63/806/710 888/579/710 887/578/710
f 63/806/711 64/807/711 889/582/711 888/579/711
f 64/807/712 65/808/712 890/584/712 889/582/712
f 65/808/713 66/809/713 891/586/713 890/584/713
f 66/809/714 67/810/714 892/588/714 891/586/714
f 67/810/715 68/811/715 893/590/715 892/588/715
f 68/811/716 69/812/716 894/592/716 893/590/716
f 69/812/717 70/813/717 895/594/717 894/592/717
f 70/813/718 71/814/718 896/596/718 895/594/718
f 71/814/719 72/815/719 897/598/719 896/596/719
f 72/815/720 73/816/720 898/600/720 897/598/720
f 73/816/721 74/817/721 899/602/721 898/600/721
f 74/817/722 75/818/722 900/604/722 899/602/722
f 75/818/723 76/819/723 901/606/723 900/604/723
f 76/819/724 7/276/724 152/820/724 901/606/724
f 901/606/725 152/820/725 153/273/725 916/607/725
f 916/607/726 153/273/726 154/821/726 931/622/726
f 931/622/727 154/821/727 155/822/727 946/637/727
f 946/637/728 155/822/728 156/823/728 961/652/728
f 961/652/729 156/823/729 157/824/729 976/667/729
f 976/667/730 157/824/730 158/825/730 991/682/730
f 991/682/731 158/825/731 159/826/731 1006/697/731
f 1006/697/732 159/826/732 160/827/732 1021/712/732
f 1021/712/733 160/827/733 161/828/733 1036/727/733
f 1036/727/734 161/828/734 162/829/734 1051/742/734
f 1051/742/735 162/829/735 163/263/735 1066/757/735
f 1066/757/736 163/263/736 164/830/736 1081/772/736
f 1081/772/737 164/830/737 165/261/737 1096/787/737
f 1096/787/738 165/261/738 166/831/738 1111/802/738
f 1111/802/739 166/831/739 5/259/739 362/832/739
f 1110/801/740 1111/802/740 362/832/740 363/833/740
f 1109/800/741 1110/801/741 363/833/741 364/834/741
f 1108/799/742 1109/800/742 364/834/742 365/835/742
f 1107/798/743 1108/799/743 365/835/743 366/836/743
f 1106/797/744 1107/798/744 366/836/744 367/837/744
f 1105/796/745 1106/797/745 367/837/745 368/838/745
f 1104/795/746 1105/796/746 368/838/746 369/839/746
f 1103/794/747 1104/795/747 369/839/747 370/840/747
f 1102/793/748 1103/794/748 370/840/748 371/841/748
f 1101/792/749 1102/793/749 371/841/749 372/842/749
f 1100/791/750 1101/792/750 372/842/750 373/843/750
f 1099/790/751 1100/791/751 373/843/751 374/844/751
f 1098/788/752 1099/790/752 374/844/752 375/845/752
f 1097/789/753 1098/788/753 375/845/753 376/846/753
f 421/847/754 1097/789/754 376/846/754 16/848/754
f 420/849/755 1082/774/755 1097/789/755 421/847/755
f 419/850/756 1067/759/756 1082/774/756 420/849/756
f 418/851/757 1052/744/757 1067/759/757 419/850/757
f 417/852/758 1037/729/758 1052/744/758 418/851/758
f 416/853/759 1022/714/759 1037/729/759 417/852/759
f 415/854/760 1007/699/760 1022/714/760 416/853/760
f 414/855/761 992/684/761 1007/699/761 415/854/761
f 413/856/762 977/669/762 992/684/762 414/855/762
f 412/857/763 962/654/763 977/669/763 413/856/763
f 411/858/764 947/639/764 962/654/764 412/857/764
f 410/859/765 932/624/765 947/639/765 411/858/765
f 409/860/766 917/609/766 932/624/766 410/859/766
f 408/861/767 902/581/767 917/609/767 409/860/767
f 407/805/768 887/578/768 902/581/768 408/861/768
f 1112/862/769 1113/863/769 1128/864/769 1127/865/769
f 1113/863/769 1114/866/769 1129/867/769 1128/864/769
f 1114/866/769 1115/868/769 1130/869/769 1129/867/769
f 1115/868/769 1116/870/769 1131/871/769 1130/869/769
f 1116/870/769 1117/872/769 1132/873/769 1131/871/769
f 1117/872/769 1118/874/769 1133/875/769 1132/873/769
f 1118/874/769 1119/876/769 1134/877/769 1133/875/769
f 1119/876/769 1120/878/769 1135/879/769 1134/877/769
f 1120/878/769 1121/880/769 1136/881/769 1135/879/769
f 1121/880/769 1122/882/769 1137/883/769 1136/881/769
f 1122/882/769 1123/884/769 1138/885/769 1137/883/769
f 1123/884/769 1124/886/769 1139/887/769 1138/885/769
f 1124/886/769 1125/888/769 1140/889/769 1139/887/769
f 1125/888/769 1126/890/769 1141/891/769 1140/889/769
f 1127/865/769 1128/864/769 1143/892/769 1142/893/769
f 1128/864/769 1129/867/769 1144/894/769 1143/892/769
f 1129/867/769 1130/869/769 1145/895/769 1144/894/769
f 1130/869/769 1131/871/769 1146/896/769 1145/895/769
f 1131/871/769 1132/873/769 1147/897/769 1146/896/769
f 1132/873/769 1133/875/769 1148/898/769 1147/897/769
f 1133/875/769 1134/877/769 1149/899/769 1148/898/769
f 1134/877/769 1135/879/769 1150/900/769 1149/899/769
f 1135/879/769 1136/881/769 1151/901/769 1150/900/769
f 1136/881/769 1137/883/769 1152/902/769 1151/901/769
f 1137/883/769 1138/885/769 1153/903/769 1152/902/769
f 1138/885/769 1139/887/769 1154/904/769 1153/903/769
f 1139/887/769 1140/889/769 1155/905/769 1154/904/769
f 1140/889/769 1141/891/769 1156/906/769 1155/905/769
f 1142/893/769 1143/892/769 1158/907/769 1157/908/769
f 1143/892/769 1144/894/769 1159/909/769 1158/907/769
f 1144/894/769 1145/895/769 1160/910/769 1159/909/769
f 1145/895/769 1146/896/769 1161/911/769 1160/910/769
f 1146/896/769 1147/897/769 1162/912/769 1161/911/769
f 1147/897/769 1148/898/769 1163/913/769 1162/912/769
f 1148/898/769 1149/899/769 1164/914/769 1163/913/769
f 1149/899/769 1150/900/769 1165/915/769 1164/914/769
f 1150/900/769 1151/901/769 1166/916/769 1165/915/769
f 1151/901/769 1152/902/769 1167/917/769 1166/916/769
f 1152/902/769 1153/903/769 1168/918/769 1167/917/769
f 1153/903/769 1154/904/769 1169/919/769 1168/918/769
f 1154/904/769 1155/905/769 1170/920/769 1169/919/769
f 1155/905/769 1156/906/769 1171/921/769 1170/920/769
f 1157/908/769 1158/907/769 1173/922/769 1172/923/769
f 1158/907/769 1159/909/769 1174/924/769 1173/922/769
f 1159/909/769 1160/910/769 1175/925/769 1174/924/769
f 1160/910/769 1161/911/769 1176/926/769 1175/925/769
f 1161/911/769 1162/912/769 1177/927/769 1176/926/769
f 1162/912/769 1163/913/769 1178/928/769 1177/927/769
f 1163/913/769 1164/914/769 1179/929/769 1178/928/769
f 1164/914/769 1165/915/769 1180/930/769 1179/929/769
f 1165/915/769 1166/916/769 1181/931/769 1180/930/769
f 1166/916/769 1167/917/769 1182/932/769 1181/931/769
f 1167/917/769 1168/918/769 1183/933/769 1182/932/769
f 1168/918/769 1169/919/769 1184/934/769 1183/933/769
f 1169/919/769 1170/920/769 1185/935/769 1184/934/769
f 1170/920/769 1171/921/769 1186/936/769 1185/935/769
f 1172/923/769 1173/922/769 1188/937/769 1187/938/769
f 1173/922/769 1174/924/769 1189/939/769 1188/937/769
f 1174/924/769 1175/925/769 1190/940/769 1189/939/769
f 1175/925/769 1176/926/769 1191/941/769 1190/940/769
f 1176/926/769 1177/927/769 1192/942/769 1191/941/769
f 1177/927/769 1178/928/769 1193/943/769 1192/942/769
f 1178/928/769 1179/929/769 1194/944/769 1193/943/769
f 1179/929/769 1180/930/769 1195/945/769 1194/944/769
f 1180/930/769 1181/931/769 1196/946/769 1195/945/769
f 1181/931/769 1182/932/769 1197/947/769 1196/946/769
f 1182/932/769 1183/933/769 1198/948/769 1197/947/769
f 1183/933/769 1184/934/769 1199/949/769 1198/948/769
f 1184/934/769 1185/935/769 1200/950/769 1199/949/769
f 1185/935/769 1186/936/769 1201/951/769 1200/950/769
f 1187/938/769 1188/937/769 1203/952/769 1202/953/769
f 1188/937/769 1189/939/769 1204/954/769 1203/952/769
f 1189/939/769 1190/940/769 1205/955/769 1204/954/769
f 1190/940/769 1191/941/769 1206/956/769 1205/955/769
f 1191/941/769 1192/942/769 1207/957/769 1206/956/769
f 1192/942/769 1193/943/769 1208/958/769 1207/957/769
f 1193/943/769 1194/944/769 1209/959/769 1208/958/769
f 1194/944/769 1195/945/769 1210/960/769 1209/959/769
f 1195/945/769 1196/946/769 1211/961/769 1210/960/769
f 1196/946/769 1197/947/769 1212/962/769 1211/961/769
f 1197/947/769 1198/948/769 1213/963/769 1212/962/769
f 1198/948/769 1199/949/769 1214/964/769 1213/963/769
f 1199/949/769 1200/950/769 1215/965/769 1214/964/769
f 1200/950/769 1201/951/769 1216/966/769 1215/965/769
f 1202/953/769 1203/952/769 1218/967/769 1217/968/769
f 1203/952/769 1204/954/769 1219/969/769 1218/967/769
f 1204/954/769 1205/955/769 1220/970/769 1219/969/769
f 1205/955/769 1206/956/769 1221/971/769 1220/970/769
f 1206/956/769 1207/957/769 1222/972/769 1221/971/769
f 1207/957/769 1208/958/769 1223/973/769 1222/972/769
f 1208/958/769 1209/959/769 1224/974/769 1223/973/769
f 1209/959/769 1210/960/769 1225/975/769 1224/974/769
f 1210/960/769 1211/961/769 1226/976/769 1225/975/769
f 1211/961/769 1212/962/769 1227/977/769 1226/976/769
f 1212/962/769 1213/963/769 1228/978/769 1227/977/769
f 1213/963/769 1214/964/769 1229/979/769 1228/978/769
f 1214/964/769 1215/965/769 1230/980/769 1229/979/769
f 1215/965/769 1216/966/769 1231/981/769 1230/980/769
f 1217/968/769 1218/967/769 1233/982/769 1232/983/769
f 1218/967/769 1219/969/769 1234/984/769 1233/982/769
f 1219/969/769 1220/970/769 1235/985/769 1234/984/769
f 1220/970/769 1221/971/769 1236/986/769 1235/985/769
f 1221/971/769 1222/972/769 1237/987/769 1236/986/769
f 1222/972/769 1223/973/769 1238/988/769 1237/987/769
f 1223/973/769 1224/974/769 1239/989/769 1238/988/769
f 1224/974/769 1225/975/769 1240/990/769 1239/989/769
f 1225/975/769 1226/976/769 1241/991/769 1240/990/769
f 1226/976/769 1227/977/769 1242/992/769 1241/991/769
f 1227/977/769 1228/978/769 1243/993/769 1242/992/769
f 1228/978/769 1229/979/769 1244/994/769 1243/993/769
f 1229/979/769 1230/980/769 1245/995/769 1244/994/769
f 1230/980/769 1231/981/769 1246/996/769 1245/995/769
f 1232/983/769 1233/982/769 1248/997/769 1247/998/769
f 1233/982/769 1234/984/769 1249/999/769 1248/997/769
f 1234/984/769 1235/985/769 1250/1000/769 1249/999/769
f 1235/985/769 1236/986/769 1251/1001/769 1250/1000/769
f 1236/986/769 1237/987/769 1252/1002/769 1251/1001/769
f 1237/987/769 1238/988/769 1253/1003/769 1252/1002/769
f 1238/988/769 1239/989/769 1254/1004/769 1253/1003/769
f 1239/989/769 1240/990/769 1255/1005/769 1254/1004/769
f 1240/990/769 1241/991/769 1256/1006/769 1255/1005/769
f 1241/991/769 1242/992/769 1257/1007/769 1256/1006/769
f 1242/992/769 1243/993/769 1258/1008/769 1257/1007/769
f 1243/993/769 1244/994/769 1259/1009/769 1258/1008/769
f 1244/994/769 1245/995/769 1260/1010/769 1259/1009/769
f 1245/995/769 1246/996/769 1261/1011/769 1260/1010/769
f 1247/998/769 1248/997/769 1263/1012/769 1262/1013/769
f 1248/997/769 1249/999/769 1264/1014/769 1263/1012/769
f 1249/999/769 1250/1000/769 1265/1015/769 1264/1014/769
f 1250/1000/769 1251/1001/769 1266/1016/769 1265/1015/769
f 1251/1001/769 1252/1002/769 1267/1017/769 1266/1016/769
f 1252/1002/769 1253/1003/769 1268/1018/769 1267/1017/769
f 1253/1003/769 1254/1004/769 1269/1019/769 1268/1018/769
f 1254/1004/769 1255/1005/769 1270/1020/769 1269/1019/769
f 1255/1005/769 1256/1006/769 1271/1021/769 1270/1020/769
f 1256/1006/769 1257/1007/769 1272/1022/769 1271/1021/769
f 1257/1007/769 1258/1008/769 1273/1023/769 1272/1022/769
f 1258/1008/769 1259/1009/769 1274/1024/769 1273/1023/769
f 1259/1009/769 1260/1010/769 1275/1025/769 1274/1024/769
f 1260/1010/769 1261/1011/769 1276/1026/769 1275/1025/769
f 1262/1013/769 1263/1012/769 1278/1027/769 1277/1028/769
f 1263/1012/769 1264/1014/769 1279/1029/769 1278/1027/769
f 1264/1014/769 1265/1015/769 1280/1030/769 1279/1029/769
f 1265/1015/769 1266/1016/769 1281/1031/769 1280/1030/769
f 1266/1016/769 1267/1017/769 1282/1032/769 1281/1031/769
f 1267/1017/769 1268/1018/769 1283/1033/769 1282/1032/769
f 1268/1018/769 1269/1019/769 1284/1034/769 1283/1033/769
f 1269/1019/769 1270/1020/769 1285/1035/769 1284/1034/769
f 1270/1020/769 1271/1021/769 1286/1036/769 1285/1035/769
f 1271/1021/769 1272/1022/769 1287/1037/769 1286/1036/769
f 1272/1022/769 1273/1023/769 1288/1038/769 1287/1037/769
f 1273/1023/769 1274/1024/769 1289/1039/769 1288/1038/769
f 1274/1024/769 1275/1025/769 1290/1040/769 1289/1039/769
f 1275/1025/769 1276/1026/769 1291/1041/769 1290/1040/769
f 1277/1028/769 1278/1027/769 1293/1042/769 1292/1043/769
f 1278/1027/769 1279/1029/769 1294/1044/769 1293/1042/769
f 1279/1029/769 1280/1030/769 1295/1045/769 1294/1044/769
f 1280/1030/769 1281/1031/769 1296/1046/769 1295/1045/769
f 1281/1031/769 1282/1032/769 1297/1047/769 1296/1046/769
f 1282/1032/769 1283/1033/769 1298/1048/769 1297/1047/769
f 1283/1033/769 1284/1034/769 1299/1049/769 1298/1048/769
f 1284/1034/769 1285/1035/769 1300/1050/769 1299/1049/769
f 1285/1035/769 1286/1036/769 1301/1051/769 1300/1050/769
f 1286/1036/769 1287/1037/769 1302/1052/769 1301/1051/769
f 1287/1037/769 1288/1038/769 1303/1053/769 1302/1052/769
f 1288/1038/769 1289/1039/769 1304/1054/769 1303/1053/769
f 1289/1039/769 1290/1040/769 1305/1055/769 1304/1054/769
f 1290/1040/769 1291/1041/769 1306/1056/769 1305/1055/769
f 1292/1043/769 1293/1042/769 1308/1057/769 1307/1058/769
f 1293/1042/769 1294/1044/769 1309/1059/769 1308/1057/769
f 1294/1044/769 1295/1045/769 1310/1060/769 1309/1059/769
f 1295/1045/769 1296/1046/769 1311/1061/769 1310/1060/769
f 1296/1046/769 1297/1047/769 1312/1062/769 1311/1061/769
f 1297/1047/769 1298/1048/769 1313/1063/769 1312/1062/769
f 1298/1048/769 1299/1049/769 1314/1064/769 1313/1063/769
f 1299/1049/769 1300/1050/769 1315/1065/769 1314/1064/769
f 1300/1050/769 1301/1051/769 1316/1066/769 1315/1065/769
f 1301/1051/769 1302/1052/769 1317/1067/769 1316/1066/769
f 1302/1052/769 1303/1053/769 1318/1068/769 1317/1067/769
f 1303/1053/769 1304/1054/769 1319/1069/769 1318/1068/769
f 1304/1054/769 1305/1055/769 1320/1070/769 1319/1069/769
f 1305/1055/769 1306/1056/769 1321/1071/769 1320/1070/769
f 1307/1058/769 1308/1057/769 1323/1072/769 1322/1073/769
f 1308/1057/769 1309/1059/769 1324/1074/769 1323/1072/769
f 1309/1059/769 1310/1060/769 1325/1075/769 1324/1074/769
f 1310/1060/769 1311/1061/769 1326/1076/769 1325/1075/769
f 1311/1061/769 1312/1062/769 1327/1077/769 1326/1076/769
f 1312/1062/769 1313/1063/769 1328/1078/769 1327/1077/769
f 1313/1063/769 1314/1064/769 1329/1079/769 1328/1078/769
f 1314/1064/769 1315/1065/769 1330/1080/769 1329/1079/769
f 1315/1065/769 1316/1066/769 1331/1081/769 1330/1080/769
f 1316/1066/769 1317/1067/769 1332/1082/769 1331/1081/769
f 1317/1067/769 1318/1068/769 1333/1083/769 1332/1082/769
f 1318/1068/769 1319/1069/769 1334/1084/769 1333/1083/769
f 1319/1069/769 1320/1070/769 1335/1085/769 1334/1084/769
f 1320/1070/769 1321/1071/769 1336/1086/769 1335/1085/769
f 6/1087/769 46/1088/769 1112/862/769 17/1089/769
f 46/1088/769 45/1090/769 1113/863/769 1112/862/769
f 45/1090/769 44/1091/769 1114/866/769 1113/863/769
f 44/1091/769 43/1092/769 1115/868/769 1114/866/769
f 43/1092/769 42/1093/769 1116/870/769 1115/868/769
f 42/1093/769 41/1094/769 1117/872/769 1116/870/769
f 41/1094/769 40/1095/769 1118/874/769 1117/872/769
f 40/1095/769 39/1096/769 1119/876/769 1118/874/769
f 39/1096/769 38/1097/769 1120/878/769 1119/876/769
f 38/1097/769 37/1098/769 1121/880/769 1120/878/769
f 37/1098/769 36/1099/769 1122/882/769 1121/880/769
f 36/1099/769 35/1100/769 1123/884/769 1122/882/769
f 35/1100/769 34/1101/769 1124/886/769 1123/884/769
f 34/1101/769 33/1102/769 1125/888/769 1124/886/769
f 33/1102/769 32/1103/769 1126/890/769 1125/888/769
f 32/1103/769 2/1104/769 196/1105/769 1126/890/769
f 1126/890/769 196/1105/769 195/1106/769 1141/891/769
f 1141/891/769 195/1106/769 194/1107/769 1156/906/769
f 1156/906/769 194/1107/769 193/1108/769 1171/921/769
f 1171/921/769 193/1108/769 192/1109/769 1186/936/769
f 1186/936/769 192/1109/769 191/1110/769 1201/951/769
f 1201/951/769 191/1110/769 190/1111/769 1216/966/769
f 1216/966/769 190/1111/769 189/1112/769 1231/981/769
f 1231/981/769 189/1112/769 188/1113/769 1246/996/769
f 1246/996/769 188/1113/769 187/1114/769 1261/1011/769
f 1261/1011/769 187/1114/769 186/1115/769 1276/1026/769
f 1276/1026/769 186/1115/769 185/1116/769 1291/1041/769
f 1291/1041/769 185/1116/769 184/1117/769 1306/1056/769
f 1306/1056/769 184/1117/769 183/1118/769 1321/1071/769
f 1321/1071/769 183/1118/769 182/1119/769 1336/1086/769
f 1336/1086/769 182/1119/769 4/1120/769 151/1121/769
f 1335/1085/769 1336/1086/769 151/1121/769 150/1122/769
f 1334/1084/769 1335/1085/769 150/1122/769 149/1123/769
f 1333/1083/769 1334/1084/769 149/1123/769 148/1124/769
f 1332/1082/769 1333/1083/769 148/1124/769 147/1125/769
f 1331/1081/769 1332/1082/769 147/1125/769 146/1126/769
f 1330/1080/769 1331/1081/769 146/1126/769 145/1127/769
f 1329/1079/769 1330/1080/769 145/1127/769 144/1128/769
f 1328/1078/769 1329/1079/769 144/1128/769 143/1129/769
f 1327/1077/769 1328/1078/769 143/1129/769 142/1130/769
f 1326/1076/769 1327/1077/769 142/1130/769 141/1131/769
f 1325/1075/769 1326/1076/769 141/1131/769 140/1132/769
f 1324/1074/769 1325/1075/769 140/1132/769 139/1133/769
f 1323/1072/769 1324/1074/769 139/1133/769 138/1134/769
f 1322/1073/769 1323/1072/769 138/1134/769 137/1135/769
f 31/1136/769 1322/1073/769 137/1135/769 8/1137/769
f 30/1138/769 1307/1058/769 1322/1073/769 31/1136/769
f 29/1139/769 1292/1043/769 1307/1058/769 30/1138/769
f 28/1140/769 1277/1028/769 1292/1043/769 29/1139/769
f 27/1141/769 1262/1013/769 1277/1028/769 28/1140/769
f 26/1142/769 1247/998/769 1262/1013/769 27/1141/769
f 25/1143/769 1232/983/769 1247/998/769 26/1142/769
f 24/1144/769 1217/968/769 1232/983/769 25/1143/769
f 23/1145/769 1202/953/769 1217/968/769 24/1144/769
f 22/1146/769 1187/938/769 1202/953/769 23/1145/769
f 21/1147/769 1172/923/769 1187/938/769 22/1146/769
f 20/1148/769 1157/908/769 1172/923/769 21/1147/769
f 19/1149/769 1142/893/769 1157/908/769 20/1148/769
f 18/1150/769 1127/865/769 1142/893/769 19/1149/769
f 17/1089/769 1112/862/769 1127/865/769 18/1150/769
f 1337/1151/770 1338/1152/770 1353/1153/770 1352/1154/770
f 1338/1152/771 1339/1155/771 1354/1156/771 1353/1153/771
f 1339/1155/772 1340/1157/772 1355/1158/772 1354/1156/772
f 1340/1157/773 1341/1159/773 1356/1160/773 1355/1158/773
f 1341/1159/774 1342/1161/774 1357/1162/774 1356/1160/774
f 1342/1161/775 1343/1163/775 1358/1164/775 1357/1162/775
f 1343/1163/776 1344/1165/776 1359/1166/776 1358/1164/776
f 1344/1165/777 1345/1167/777 1360/1168/777 1359/1166/777
f 1345/1167/778 1346/1169/778 1361/1170/778 1360/1168/778
f 1346/1169/779 1347/1171/779 1362/1172/779 1361/1170/779
f 1347/1171/780 1348/1173/780 1363/1174/780 1362/1172/780
f 1348/1173/781 1349/1175/781 1364/1176/781 1363/1174/781
f 1349/1175/782 1350/1177/782 1365/1178/782 1364/1176/782
f 1350/1177/783 1351/1179/783 1366/1180/783 1365/1178/783
f 1352/1154/784 1353/1153/784 1368/1181/784 1367/1182/784
f 1353/1153/785 1354/1156/785 1369/1183/785 1368/1181/785
f 1354/1156/786 1355/1158/786 1370/1184/786 1369/1183/786
f 1355/1158/787 1356/1160/787 1371/1185/787 1370/1184/787
f 1356/1160/788 1357/1162/788 1372/1186/788 1371/1185/788
f 1357/1162/789 1358/1164/789 1373/1187/789 1372/1186/789
f 1358/1164/790 1359/1166/790 1374/1188/790 1373/1187/790
f 1359/1166/791 1360/1168/791 1375/1189/791 1374/1188/791
f 1360/1168/792 1361/1170/792 1376/1190/792 1375/1189/792
f 1361/1170/793 1362/1172/793 1377/1191/793 1376/1190/793
f 1362/1172/794 1363/1174/794 1378/1192/794 1377/1191/794
f 1363/1174/795 1364/1176/795 1379/1193/795 1378/1192/795
f 1364/1176/796 1365/1178/796 1380/1194/796 1379/1193/796
f 1365/1178/797 1366/1180/797 1381/1195/797 1380/1194/797
f 1367/1182/798 1368/1181/798 1383/1196/798 1382/1197/798
f 1368/1181/799 1369/1183/799 1384/1198/799 1383/1196/799
f 1369/1183/800 1370/1184/800 1385/1199/800 1384/1198/800
f 1370/1184/801 1371/1185/801 1386/1200/801 1385/1199/801
f 1371/1185/802 1372/1186/802 1387/1201/802 1386/1200/802
f 1372/1186/803 1373/1187/803 1388/1202/803 1387/1201/803
f 1373/1187/804 1374/1188/804 1389/1203/804 1388/1202/804
f 1374/1188/805 1375/1189/805 1390/1204/805 1389/1203/805
f 1375/1189/806 1376/1190/806 1391/1205/806 1390/1204/806
f 1376/1190/807 1377/1191/807 1392/1206/807 1391/1205/807
f 1377/1191/808 1378/1192/808 1393/1207/808 1392/1206/808
f 1378/1192/809 1379/1193/809 1394/1208/809 1393/1207/809
f 1379/1193/810 1380/1194/810 1395/1209/810 1394/1208/810
f 1380/1194/811 1381/1195/811 1396/1210/811 1395/1209/811
f 1382/1197/812 1383/1196/812 1398/1211/812 1397/1212/812
f 1383/1196/813 1384/1198/813 1399/1213/813 1398/1211/813
f 1384/1198/814 1385/1199/814 1400/1214/814 1399/1213/814
f 1385/1199/815 1386/1200/815 1401/1215/815 1400/1214/815
f 1386/1200/816 1387/1201/816 1402/1216/816 1401/1215/816
f 1387/1201/817 1388/1202/817 1403/1217/817 1402/1216/817
f 1388/1202/818 1389/1203/818 1404/1218/818 1403/1217/818
f 1389/1203/819 1390/1204/819 1405/1219/819 1404/1218/819
f 1390/1204/820 1391/1205/820 1406/1220/820 1405/1219/820
f 1391/1205/821 1392/1206/821 1407/1221/821 1406/1220/821
f 1392/1206/822 1393/1207/822 1408/1222/822 1407/1221/822
f 1393/1207/823 1394/1208/823 1409/1223/823 1408/1222/823
f 1394/1208/824 1395/1209/824 1410/1224/824 1409/1223/824
f 1395/1209/825 1396/1210/825 1411/1225/825 1410/1224/825
f 1397/1212/826 1398/1211/826 1413/1226/826 1412/1227/826
f 1398/1211/827 1399/1213/827 1414/1228/827 1413/1226/827
f 1399/1213/828 1400/1214/828 1415/1229/828 1414/1228/828
f 1400/1214/829 1401/1215/829 1416/1230/829 1415/1229/829
f 1401/1215/830 1402/1216/830 1417/1231/830 1416/1230/830
f 1402/1216/831 1403/1217/831 1418/1232/831 1417/1231/831
f 1403/1217/832 1404/1218/832 1419/1233/832 1418/1232/832
f 1404/1218/833 1405/1219/833 1420/1234/833 1419/1233/833
f 1405/1219/834 1406/1220/834 1421/1235/834 1420/1234/834
f 1406/1220/835 1407/1221/835 1422/1236/835 1421/1235/835
f 1407/1221/836 1408/1222/836 1423/1237/836 1422/1236/836
f 1408/1222/837 1409/1223/837 1424/1238/837 1423/1237/837
f 1409/1223/838 1410/1224/838 1425/1239/838 1424/1238/838
f 1410/1224/839 1411/1225/839 1426/1240/839 1425/1239/839
f 1412/1227/840 1413/1226/840 1428/1241/840 1427/1242/840
f 1413/1226/841 1414/1228/841 1429/1243/841 1428/1241/841
f 1414/1228/842 1415/1229/842 1430/1244/842 1429/1243/842
f 1415/1229/843 1416/1230/843 1431/1245/843 1430/1244/843
f 1416/1230/844 1417/1231/844 1432/1246/844 1431/1245/844
f 1417/1231/845 1418/1232/845 1433/1247/845 1432/1246/845
f 1418/1232/846 1419/1233/846 1434/1248/846 1433/1247/846
f 1419/1233/847 1420/1234/847 1435/1249/847 1434/1248/847
f 1420/1234/848 1421/1235/848 1436/1250/848 1435/1249/848
f 1421/1235/849 1422/1236/849 1437/1251/849 1436/1250/849
f 1422/1236/850 1423/1237/850 1438/1252/850 1437/1251/850
f 1423/1237/851 1424/1238/851 1439/1253/851 1438/1252/851
f 1424/1238/852 1425/1239/852 1440/1254/852 1439/1253/852
f 1425/1239/853 1426/1240/853 1441/1255/853 1440/1254/853
f 1427/1242/854 1428/1241/854 1443/1256/854 1442/1257/854
f 1428/1241/855 1429/1243/855 1444/1258/855 1443/1256/855
f 1429/1243/856 1430/1244/856 1445/1259/856 1444/1258/856
f 1430/1244/857 1431/1245/857 1446/1260/857 1445/1259/857
f 1431/1245/858 1432/1246/858 1447/1261/858 1446/1260/858
f 1432/1246/859 1433/1247/859 1448/1262/859 1447/1261/859
f 1433/1247/860 1434/1248/860 1449/1263/860 1448/1262/860
f 1434/1248/861 1435/1249/861 1450/1264/861 1449/1263/861
f 1435/1249/862 1436/1250/862 1451/1265/862 1450/1264/862
f 1436/1250/863 1437/1251/863 1452/1266/863 1451/1265/863
f 1437/1251/864 1438/1252/864 1453/1267/864 1452/1266/864
f 1438/1252/865 1439/1253/865 1454/1268/865 1453/1267/865
f 1439/1253/866 1440/1254/866 1455/1269/866 1454/1268/866
f 1440/1254/867 1441/1255/867 1456/1270/867 1455/1269/867
f 1442/1257/868 1443/1256/868 1458/1271/868 1457/1272/868
f 1443/1256/869 1444/1258/869 1459/1273/869 1458/1271/869
f 1444/1258/870 1445/1259/870 1460/1274/870 1459/1273/870
f 1445/1259/871 1446/1260/871 1461/1275/871 1460/1274/871
f 1446/1260/872 1447/1261/872 1462/1276/872 1461/1275/872
f 1447/1261/873 1448/1262/873 1463/1277/873 1462/1276/873
f 1448/1262/874 1449/1263/874 1464/1278/874 1463/1277/874
f 1449/1263/875 1450/1264/875 1465/1279/875 1464/1278/875
f 1450/1264/876 1451/1265/876 1466/1280/876 1465/1279/876
f 1451/1265/877 1452/1266/877 1467/1281/877 1466/1280/877
f 1452/1266/878 1453/1267/878 1468/1282/878 1467/1281/878
f 1453/1267/879 1454/1268/879 1469/1283/879 1468/1282/879
f 1454/1268/880 1455/1269/880 1470/1284/880 1469/1283/880
f 1455/1269/881 1456/1270/881 1471/1285/881 1470/1284/881
f 1457/1272/882 1458/1271/882 1473/1286/882 1472/1287/882
f 1458/1271/883 1459/1273/883 1474/1288/883 1473/1286/883
f 1459/1273/884 1460/1274/884 1475/1289/884 1474/1288/884
f 1460/1274/885 1461/1275/885 1476/1290/885 1475/1289/885
f 1461/1275/886 1462/1276/886 1477/1291/886 1476/1290/886
f 1462/1276/887 1463/1277/887 1478/1292/887 1477/1291/887
f 1463/1277/888 1464/1278/888 1479/1293/888 1478/1292/888
f 1464/1278/889 1465/1279/889 1480/1294/889 1479/1293/889
f 1465/1279/890 1466/1280/890 1481/1295/890 1480/1294/890
f 1466/1280/891 1467/1281/891 1482/1296/891 1481/1295/891
f 1467/1281/892 1468/1282/892 1483/1297/892 1482/1296/892
f 1468/1282/893 1469/1283/893 1484/1298/893 1483/1297/893
f 1469/1283/894 1470/1284/894 1485/1299/894 1484/1298/894
f 1470/1284/895 1471/1285/895 1486/1300/895 1485/1299/895
f 1472/1287/896 1473/1286/896 1488/1301/896 1487/1302/896
f 1473/1286/897 1474/1288/897 1489/1303/897 1488/1301/897
f 1474/1288/898 1475/1289/898 1490/1304/898 1489/1303/898
f 1475/1289/899 1476/1290/899 1491/1305/899 1490/1304/899
f 1476/1290/900 1477/1291/900 1492/1306/900 1491/1305/900
f 1477/1291/901 1478/1292/901 1493/1307/901 1492/1306/901
f 1478/1292/902 1479/1293/902 1494/1308/902 1493/1307/902
f 1479/1293/903 1480/1294/903 1495/1309/903 1494/1308/903
f 1480/1294/904 1481/1295/904 1496/1310/904 1495/1309/904
f 1481/1295/905 1482/1296/905 1497/1311/905 1496/1310/905
f 1482/1296/906 1483/1297/906 1498/1312/906 1497/1311/906
f 1483/1297/907 1484/1298/907 1499/1313/907 1498/1312/907
f 1484/1298/908 1485/1299/908 1500/1314/908 1499/1313/908
f 1485/1299/909 1486/1300/909 1501/1315/909 1500/1314/909
f 1487/1302/910 1488/1301/910 1503/1316/910 1502/1317/910
f 1488/1301/911 1489/1303/911 1504/1318/911 1503/1316/911
f 1489/1303/912 1490/1304/912 1505/1319/912 1504/1318/912
f 1490/1304/913 1491/1305/913 1506/1320/913 1505/1319/913
f 1491/1305/914 1492/1306/914 1507/1321/914 1506/1320/914
f 1492/1306/915 1493/1307/915 1508/1322/915 1507/1321/915
f 1493/1307/916 1494/1308/916 1509/1323/916 1508/1322/916
f 1494/1308/917 1495/1309/917 1510/1324/917 1509/1323/917
f 1495/1309/918 1496/1310/918 1511/1325/918 1510/1324/918
f 1496/1310/919 1497/1311/919 1512/1326/919 1511/1325/919
f 1497/1311/920 1498/1312/920 1513/1327/920 1512/1326/920
f 1498/1312/921 1499/1313/921 1514/1328/921 1513/1327/921
f 1499/1313/922 1500/1314/922 1515/1329/922 1514/1328/922
f 1500/1314/923 1501/1315/923 1516/1330/923 1515/1329/923
f 1502/1317/924 1503/1316/924 1518/1331/924 1517/1332/924
f 1503/1316/925 1504/1318/925 1519/1333/925 1518/1331/925
f 1504/1318/926 1505/1319/926 1520/1334/926 1519/1333/926
f 1505/1319/927 1506/1320/927 1521/1335/927 1520/1334/927
f 1506/1320/928 1507/1321/928 1522/1336/928 1521/1335/928
f 1507/1321/929 1508/1322/929 1523/1337/929 1522/1336/929
f 1508/1322/930 1509/1323/930 1524/1338/930 1523/1337/930
f 1509/1323/931 1510/1324/931 1525/1339/931 1524/1338/931
f 1510/1324/932 1511/1325/932 1526/1340/932 1525/1339/932
f 1511/1325/933 1512/1326/933 1527/1341/933 1526/1340/933
f 1512/1326/934 1513/1327/934 1528/1342/934 1527/1341/934
f 1513/1327/935 1514/1328/935 1529/1343/935 1528/1342/935
f 1514/1328/936 1515/1329/936 1530/1344/936 1529/1343/936
f 1515/1329/937 1516/1330/937 1531/1345/937 1530/1344/937
f 1517/1332/938 1518/1331/938 1533/1346/938 1532/1347/938
f 1518/1331/939 1519/1333/939 1534/1348/939 1533/1346/939
f 1519/1333/940 1520/1334/940 1535/1349/940 1534/1348/940
f 1520/1334/941 1521/1335/941 1536/1350/941 1535/1349/941
f 1521/1335/942 1522/1336/942 1537/1351/942 1536/1350/942
f 1522/1336/943 1523/1337/943 1538/1352/943 1537/1351/943
f 1523/1337/944 1524/1338/944 1539/1353/944 1538/1352/944
f 1524/1338/945 1525/1339/945 1540/1354/945 1539/1353/945
f 1525/1339/946 1526/1340/946 1541/1355/946 1540/1354/946
f 1526/1340/947 1527/1341/947 1542/1356/947 1541/1355/947
f 1527/1341/948 1528/1342/948 1543/1357/948 1542/1356/948
f 1528/1342/949 1529/1343/949 1544/1358/949 1543/1357/949
f 1529/1343/950 1530/1344/950 1545/1359/950 1544/1358/950
f 1530/1344/951 1531/1345/951 1546/1360/951 1545/1359/951
f 1532/1347/952 1533/1346/952 1548/1361/952 1547/1362/952
f 1533/1346/953 1534/1348/953 1549/1363/953 1548/1361/953
f 1534/1348/954 1535/1349/954 1550/1364/954 1549/1363/954
f 1535/1349/955 1536/1350/955 1551/1365/955 1550/1364/955
f 1536/1350/956 1537/1351/956 1552/1366/956 1551/1365/956
f 1537/1351/957 1538/1352/957 1553/1367/957 1552/1366/957
f 1538/1352/958 1539/1353/958 1554/1368/958 1553/1367/958
f 1539/1353/959 1540/1354/959 1555/1369/959 1554/1368/959
f 1540/1354/960 1541/1355/960 1556/1370/960 1555/1369/960
f 1541/1355/961 1542/1356/961 1557/1371/961 1556/1370/961
f 1542/1356/962 1543/1357/962 1558/1372/962 1557/1371/962
f 1543/1357/963 1544/1358/963 1559/1373/963 1558/1372/963
f 1544/1358/964 1545/1359/964 1560/1374/964 1559/1373/964
f 1545/1359/965 1546/1360/965 1561/1375/965 1560/1374/965
f 14/1376/966 346/1377/966 1337/1151/966 392/1378/966
f 346/1377/967 345/1379/967 1338/1152/967 1337/1151/967
f 345/1379/968 344/1380/968 1339/1155/968 1338/1152/968
f 344/1380/969 343/1381/969 1340/1157/969 1339/1155/969
f 343/1381/970 342/1382/970 1341/1159/970 1340/1157/970
f 342/1382/971 341/1383/971 1342/1161/971 1341/1159/971
f 341/1383/972 340/1384/972 1343/1163/972 1342/1161/972
f 340/1384/973 339/1385/973 1344/1165/973 1343/1163/973
f 339/1385/974 338/1386/974 1345/1167/974 1344/1165/974
f 338/1386/975 337/1387/975 1346/1169/975 1345/1167/975
f 337/1387/976 336/1388/976 1347/1171/976 1346/1169/976
f 336/1388/977 335/1389/977 1348/1173/977 1347/1171/977
f 335/1389/978 334/1390/978 1349/1175/978 1348/1173/978
f 334/1390/979 333/1391/979 1350/1177/979 1349/1175/979
f 333/1391/980 332/1392/980 1351/1179/980 1350/1177/980
f 332/1392/981 1/243/981 122/1393/981 1351/1179/981
f 1351/1179/982 122/1393/982 123/1394/982 1366/1180/982
f 1366/1180/983 123/1394/983 124/1395/983 1381/1195/983
f 1381/1195/984 124/1395/984 125/239/984 1396/1210/984
f 1396/1210/985 125/239/985 126/1396/985 1411/1225/985
f 1411/1225/986 126/1396/986 127/1397/986 1426/1240/986
f 1426/1240/987 127/1397/987 128/236/987 1441/1255/987
f 1441/1255/988 128/236/988 129/1398/988 1456/1270/988
f 1456/1270/989 129/1398/989 130/1399/989 1471/1285/989
f 1471/1285/990 130/1399/990 131/1400/990 1486/1300/990
f 1486/1300/991 131/1400/991 132/1401/991 1501/1315/991
f 1501/1315/992 132/1401/992 133/231/992 1516/1330/992
f 1516/1330/993 133/231/993 134/1402/993 1531/1345/993
f 1531/1345/994 134/1402/994 135/1403/994 1546/1360/994
f 1546/1360/995 135/1403/995 136/227/995 1561/1375/995
f 1561/1375/996 136/227/996 3/226/996 347/531/996
f 1560/1374/997 1561/1375/997 347/531/997 348/530/997
f 1559/1373/998 1560/1374/998 348/530/998 349/529/998
f 1558/1372/999 1559/1373/999 349/529/999 350/528/999
f 1557/1371/1000 1558/1372/1000 350/528/1000 351/527/1000
f 1556/1370/1001 1557/1371/1001 351/527/1001 352/526/1001
f 1555/1369/1002 1556/1370/1002 352/526/1002 353/525/1002
f 1554/1368/1003 1555/1369/1003 353/525/1003 354/524/1003
f 1553/1367/1004 1554/1368/1004 354/524/1004 355/523/1004
f 1552/1366/1005 1553/1367/1005 355/523/1005 356/522/1005
f 1551/1365/1006 1552/1366/1006 356/522/1006 357/521/1006
f 1550/1364/1007 1551/1365/1007 357/521/1007 358/520/1007
f 1549/1363/1008 1550/1364/1008 358/520/1008 359/519/1008
f 1548/1361/1009 1549/1363/1009 359/519/1009 360/518/1009
f 1547/1362/1010 1548/1361/1010 360/518/1010 361/516/1010
f 406/1404/1011 1547/1362/1011 361/516/1011 15/515/1011
f 405/1405/1012 1532/1347/1012 1547/1362/1012 406/1404/1012
f 404/1406/1013 1517/1332/1013 1532/1347/1013 405/1405/1013
f 403/1407/1014 1502/1317/1014 1517/1332/1014 404/1406/1014
f 402/1408/1015 1487/1302/1015 1502/1317/1015 403/1407/1015
f 401/1409/1016 1472/1287/1016 1487/1302/1016 402/1408/1016
f 400/1410/1017 1457/1272/1017 1472/1287/1017 401/1409/1017
f 399/1411/1018 1442/1257/1018 1457/1272/1018 400/1410/1018
f 398/1412/1019 1427/1242/1019 1442/1257/1019 399/1411/1019
f 397/1413/1020 1412/1227/1020 1427/1242/1020 398/1412/1020
f 396/1414/1021 1397/1212/1021 1412/1227/1021 397/1413/1021
f 395/1415/1022 1382/1197/1022 1397/1212/1022 396/1414/1022
f 394/1416/1023 1367/1182/1023 1382/1197/1023 395/1415/1023
f 393/1417/1024 1352/1154/1024 1367/1182/1024 394/1416/1024
f 392/1378/1025 1337/1151/1025 1352/1154/1025 393/1417/1025
f 1562/1418/1026 1563/1419/1026 1578/1420/1026 1577/1421/1026
f 1563/1419/1027 1564/1422/1027 1579/1423/1027 1578/1420/1027
f 1564/1422/1028 1565/1424/1028 1580/1425/1028 1579/1423/1028
f 1565/1424/1029 1566/1426/1029 1581/1427/1029 1580/1425/1029
f 1566/1426/1030 1567/1428/1030 1582/1429/1030 1581/1427/1030
f 1567/1428/1031 1568/1430/1031 1583/1431/1031 1582/1429/1031
f 1568/1430/1032 1569/1432/1032 1584/1433/1032 1583/1431/1032
f 1569/1432/1033 1570/1434/1033 1585/1435/1033 1584/1433/1033
f 1570/1434/1034 1571/1436/1034 1586/1437/1034 1585/1435/1034
f 1571/1436/1035 1572/1438/1035 1587/1439/1035 1586/1437/1035
f 1572/1438/1036 1573/1440/1036 1588/1441/1036 1587/1439/1036
f 1573/1440/1037 1574/1442/1037 1589/1443/1037 1588/1441/1037
f 1574/1442/1038 1575/1444/1038 1590/1445/1038 1589/1443/1038
f 1575/1444/1039 1576/1446/1039 1591/1447/1039 1590/1445/1039
f 1577/1421/1040 1578/1420/1040 1593/1448/1040 1592/1449/1040
f 1578/1420/1041 1579/1423/1041 1594/1450/1041 1593/1448/1041
f 1579/1423/1042 1580/1425/1042 1595/1451/1042 1594/1450/1042
f 1580/1425/1043 1581/1427/1043 1596/1452/1043 1595/1451/1043
f 1581/1427/1044 1582/1429/1044 1597/1453/1044 1596/1452/1044
f 1582/1429/1045 1583/1431/1045 1598/1454/1045 1597/1453/1045
f 1583/1431/1046 1584/1433/1046 1599/1455/1046 1598/1454/1046
f 1584/1433/1047 1585/1435/1047 1600/1456/1047 1599/1455/1047
f 1585/1435/1048 1586/1437/1048 1601/1457/1048 1600/1456/1048
f 1586/1437/1049 1587/1439/1049 1602/1458/1049 1601/1457/1049
f 1587/1439/1050 1588/1441/1050 1603/1459/1050 1602/1458/1050
f 1588/1441/1051 1589/1443/1051 1604/1460/1051 1603/1459/1051
f 1589/1443/1052 1590/1445/1052 1605/1461/1052 1604/1460/1052
f 1590/1445/1053 1591/1447/1053 1606/1462/1053 1605/1461/1053
f 1592/1449/1054 1593/1448/1054 1608/1463/1054 1607/1464/1054
f 1593/1448/1055 1594/1450/1055 1609/1465/1055 1608/1463/1055
f 1594/1450/1056 1595/1451/1056 1610/1466/1056 1609/1465/1056
f 1595/1451/1057 1596/1452/1057 1611/1467/1057 1610/1466/1057
f 1596/1452/1058 1597/1453/1058 1612/1468/1058 1611/1467/1058
f 1597/1453/1059 1598/1454/1059 1613/1469/1059 1612/1468/1059
f 1598/1454/1060 1599/1455/1060 1614/1470/1060 1613/1469/1060
f 1599/1455/1061 1600/1456/1061 1615/1471/1061 1614/1470/1061
f 1600/1456/1062 1601/1457/1062 1616/1472/1062 1615/1471/1062
f 1601/1457/1063 1602/1458/1063 1617/1473/1063 1616/1472/1063
f 1602/1458/1064 1603/1459/1064 1618/1474/1064 1617/1473/1064
f 1603/1459/1065 1604/1460/1065 1619/1475/1065 1618/1474/1065
f 1604/1460/1066 1605/1461/1066 1620/1476/1066 1619/1475/1066
f 1605/1461/1067 1606/1462/1067 1621/1477/1067 1620/1476/1067
f 1607/1464/1068 1608/1463/1068 1623/1478/1068 1622/1479/1068
f 1608/1463/1069 1609/1465/1069 1624/1480/1069 1623/1478/1069
f 1609/1465/1070 1610/1466/1070 1625/1481/1070 1624/1480/1070
f 1610/1466/1071 1611/1467/1071 1626/1482/1071 1625/1481/1071
f 1611/1467/1072 1612/1468/1072 1627/1483/1072 1626/1482/1072
f 1612/1468/1073 1613/1469/1073 1628/1484/1073 1627/1483/1073
f 1613/1469/1074 1614/1470/1074 1629/1485/1074 1628/1484/1074
f 1614/1470/1075 1615/1471/1075 1630/1486/1075 1629/1485/1075
f 1615/1471/1076 1616/1472/1076 1631/1487/1076 1630/1486/1076
f 1616/1472/1077 1617/1473/1077 1632/1488/1077 1631/1487/1077
f 1617/1473/1078 1618/1474/1078 1633/1489/1078 1632/1488/1078
f 1618/1474/1079 1619/1475/1079 1634/1490/1079 1633/1489/1079
f 1619/1475/1080 1620/1476/1080 1635/1491/1080 1634/1490/1080
f 1620/1476/1081 1621/1477/1081 1636/1492/1081 1635/1491/1081
f 1622/1479/1082 1623/1478/1082 1638/1493/1082 1637/1494/1082
f 1623/1478/1083 1624/1480/1083 1639/1495/1083 1638/1493/1083
f 1624/1480/1084 1625/1481/1084 1640/1496/1084 1639/1495/1084
f 1625/1481/1085 1626/1482/1085 1641/1497/1085 1640/1496/1085
f 1626/1482/1086 1627/1483/1086 1642/1498/1086 1641/1497/1086
f 1627/1483/1087 1628/1484/1087 1643/1499/1087 1642/1498/1087
f 1628/1484/1088 1629/1485/1088 1644/1500/1088 1643/1499/1088
f 1629/1485/1089 1630/1486/1089 1645/1501/1089 1644/1500/1089
f 1630/1486/1090 1631/1487/1090 1646/1502/1090 1645/1501/1090
f 1631/1487/1091 1632/1488/1091 1647/1503/1091 1646/1502/1091
f 1632/1488/1092 1633/1489/1092 1648/1504/1092 1647/1503/1092
f 1633/1489/1093 1634/1490/1093 1649/1505/1093 1648/1504/1093
f 1634/1490/1094 1635/1491/1094 1650/1506/1094 1649/1505/1094
f 1635/1491/1095 1636/1492/1095 1651/1507/1095 1650/1506/1095
f 1637/1494/1096 1638/1493/1096 1653/1508/1096 1652/1509/1096
f 1638/1493/1097 1639/1495/1097 1654/1510/1097 1653/1508/1097
f 1639/1495/1098 1640/1496/1098 1655/1511/1098 1654/1510/1098
f 1640/1496/1099 1641/1497/1099 1656/1512/1099 1655/1511/1099
f 1641/1497/1100 1642/1498/1100 1657/1513/1100 1656/1512/1100
f 1642/1498/1101 1643/1499/1101 1658/1514/1101 1657/1513/1101
f 1643/1499/1102 1644/1500/1102 1659/1515/1102 1658/1514/1102
f 1644/1500/1103 1645/1501/1103 1660/1516/1103 1659/1515/1103
f 1645/1501/1104 1646/1502/1104 1661/1517/1104 1660/1516/1104
f 1646/1502/1105 1647/1503/1105 1662/1518/1105 1661/1517/1105
f 1647/1503/1106 1648/1504/1106 1663/1519/1106 1662/1518/1106
f 1648/1504/1107 1649/1505/1107 1664/1520/1107 1663/1519/1107
f 1649/1505/1108 1650/1506/1108 1665/1521/1108 1664/1520/1108
f 1650/1506/1109 1651/1507/1109 1666/1522/1109 1665/1521/1109
f 1652/1509/1110 1653/1508/1110 1668/1523/1110 1667/1524/1110
f 1653/1508/1111 1654/1510/1111 1669/1525/1111 1668/1523/1111
f 1654/1510/1112 1655/1511/1112 1670/1526/1112 1669/1525/1112
f 1655/1511/1113 1656/1512/1113 1671/1527/1113 1670/1526/1113
f 1656/1512/1114 1657/1513/1114 1672/1528/1114 1671/1527/1114
f 1657/1513/1115 1658/1514/1115 1673/1529/1115 1672/1528/1115
f 1658/1514/1116 1659/1515/1116 1674/1530/1116 1673/1529/1116
f 1659/1515/1117 1660/1516/1117 1675/1531/1117 1674/1530/1117
f 1660/1516/1118 1661/1517/1118 1676/1532/1118 1675/1531/1118
f 1661/1517/1119 1662/1518/1119 1677/1533/1119 1676/1532/1119
f 1662/1518/1120 1663/1519/1120 1678/1534/1120 1677/1533/1120
f 1663/1519/1121 1664/1520/1121 1679/1535/1121 1678/1534/1121
f 1664/1520/1122 1665/1521/1122 1680/1536/1122 1679/1535/1122
f 1665/1521/1123 1666/1522/1123 1681/1537/1123 1680/1536/1123
f 1667/1524/1124 1668/1523/1124 1683/1538/1124 1682/1539/1124
f 1668/1523/1125 1669/1525/1125 1684/1540/1125 1683/1538/1125
f 1669/1525/1126 1670/1526/1126 1685/1541/1126 1684/1540/1126
f 1670/1526/1127 1671/1527/1127 1686/1542/1127 1685/1541/1127
f 1671/1527/1128 1672/1528/1128 1687/1543/1128 1686/1542/1128
f 1672/1528/1129 1673/1529/1129 1688/1544/1129 1687/1543/1129
f 1673/1529/1130 1674/1530/1130 1689/1545/1130 1688/1544/1130
f 1674/1530/1131 1675/1531/1131 1690/1546/1131 1689/1545/1131
f 1675/1531/1132 1676/1532/1132 1691/1547/1132 1690/1546/1132
f 1676/1532/1133 1677/1533/1133 1692/1548/1133 1691/1547/1133
f 1677/1533/1134 1678/1534/1134 1693/1549/1134 1692/1548/1134
f 1678/1534/1135 1679/1535/1135 1694/1550/1135 1693/1549/1135
f 1679/1535/1136 1680/1536/1136 1695/1551/1136 1694/1550/1136
f 1680/1536/1137 1681/1537/1137 1696/1552/1137 1695/1551/1137
f 1682/1539/1138 1683/1538/1138 1698/1553/1138 1697/1554/1138
f 1683/1538/1139 1684/1540/1139 1699/1555/1139 1698/1553/1139
f 1684/1540/1140 1685/1541/1140 1700/1556/1140 1699/1555/1140
f 1685/1541/1141 1686/1542/1141 1701/1557/1141 1700/1556/1141
f 1686/1542/1142 1687/1543/1142 1702/1558/1142 1701/1557/1142
f 1687/1543/1143 1688/1544/1143 1703/1559/1143 1702/1558/1143
f 1688/1544/1144 1689/1545/1144 1704/1560/1144 1703/1559/1144
f 1689/1545/1145 1690/1546/1145 1705/1561/1145 1704/1560/1145
f 1690/1546/1146 1691/1547/1146 1706/1562/1146 1705/1561/1146
f 1691/1547/1147 1692/1548/1147 1707/1563/1147 1706/1562/1147
f 1692/1548/1148 1693/1549/1148 1708/1564/1148 1707/1563/1148
f 1693/1549/1149 1694/1550/1149 1709/1565/1149 1708/1564/1149
f 1694/1550/1150 1695/1551/1150 1710/1566/1150 1709/1565/1150
f 1695/1551/1151 1696/1552/1151 1711/1567/1151 1710/1566/1151
f 1697/1554/1152 1698/1553/1152 1713/1568/1152 1712/1569/1152
f 1698/1553/1153 1699/1555/1153 1714/1570/1153 1713/1568/1153
f 1699/1555/1154 1700/1556/1154 1715/1571/1154 1714/1570/1154
f 1700/1556/1155 1701/1557/1155 1716/1572/1155 1715/1571/1155
f 1701/1557/1156 1702/1558/1156 1717/1573/1156 1716/1572/1156
f 1702/1558/1157 1703/1559/1157 1718/1574/1157 1717/1573/1157
f 1703/1559/1158 1704/1560/1158 1719/1575/1158 1718/1574/1158
f 1704/1560/1159 1705/1561/1159 1720/1576/1159 1719/1575/1159
f 1705/1561/1160 1706/1562/1160 1721/1577/1160 1720/1576/1160
f 1706/1562/1161 1707/1563/1161 1722/1578/1161 1721/1577/1161
f 1707/1563/1162 1708/1564/1162 1723/1579/1162 1722/1578/1162
f 1708/1564/1163 1709/1565/1163 1724/1580/1163 1723/1579/1163
f 1709/1565/1164 1710/1566/1164 1725/1581/1164 1724/1580/1164
f 1710/1566/1165 1711/1567/1165 1726/1582/1165 1725/1581/1165
f 1712/1569/1166 1713/1568/1166 1728/1583/1166 1727/1584/1166
f 1713/1568/1167 1714/1570/1167 1729/1585/1167 1728/1583/1167
f 1714/1570/1168 1715/1571/1168 1730/1586/1168 1729/1585/1168
f 1715/1571/1169 1716/1572/1169 1731/1587/1169 1730/1586/1169
f 1716/1572/1170 1717/1573/1170 1732/1588/1170 1731/1587/1170
f 1717/1573/1171 1718/1574/1171 1733/1589/1171 1732/1588/1171
f 1718/1574/1172 1719/1575/1172 1734/1590/1172 1733/1589/1172
f 1719/1575/1173 1720/1576/1173 1735/1591/1173 1734/1590/1173
f 1720/1576/1174 1721/1577/1174 1736/1592/1174 1735/1591/1174
f 1721/1577/1175 1722/1578/1175 1737/1593/1175 1736/1592/1175
f 1722/1578/1176 1723/1579/1176 1738/1594/1176 1737/1593/1176
f 1723/1579/1177 1724/1580/1177 1739/1595/1177 1738/1594/1177
f 1724/1580/1178 1725/1581/1178 1740/1596/1178 1739/1595/1178
f 1725/1581/1179 1726/1582/1179 1741/1597/1179 1740/1596/1179
f 1727/1584/1180 1728/1583/1180 1743/1598/1180 1742/1599/1180
f 1728/1583/1181 1729/1585/1181 1744/1600/1181 1743/1598/1181
f 1729/1585/1182 1730/1586/1182 1745/1601/1182 1744/1600/1182
f 1730/1586/1183 1731/1587/1183 1746/1602/1183 1745/1601/1183
f 1731/1587/1184 1732/1588/1184 1747/1603/1184 1746/1602/1184
f 1732/1588/1185 1733/1589/1185 1748/1604/1185 1747/1603/1185
f 1733/1589/1186 1734/1590/1186 1749/1605/1186 1748/1604/1186
f 1734/1590/1187 1735/1591/1187 1750/1606/1187 1749/1605/1187
f 1735/1591/1188 1736/1592/1188 1751/1607/1188 1750/1606/1188
f 1736/1592/1189 1737/1593/1189 1752/1608/1189 1751/1607/1189
f 1737/1593/1190 1738/1594/1190 1753/1609/1190 1752/1608/1190
f 1738/1594/1191 1739/1595/1191 1754/1610/1191 1753/1609/1191
f 1739/1595/1192 1740/1596/1192 1755/1611/1192 1754/1610/1192
f 1740/1596/1193 1741/1597/1193 1756/1612/1193 1755/1611/1193
f 1742/1599/1194 1743/1598/1194 1758/1613/1194 1757/1614/1194
f 1743/1598/1195 1744/1600/1195 1759/1615/1195 1758/1613/1195
f 1744/1600/1196 1745/1601/1196 1760/1616/1196 1759/1615/1196
f 1745/1601/1197 1746/1602/1197 1761/1617/1197 1760/1616/1197
f 1746/1602/1198 1747/1603/1198 1762/1618/1198 1761/1617/1198
f 1747/1603/1199 1748/1604/1199 1763/1619/1199 1762/1618/1199
f 1748/1604/1200 1749/1605/1200 1764/1620/1200 1763/1619/1200
f 1749/1605/1201 1750/1606/1201 1765/1621/1201 1764/1620/1201
f 1750/1606/1202 1751/1607/1202 1766/1622/1202 1765/1621/1202
f 1751/1607/1203 1752/1608/1203 1767/1623/1203 1766/1622/1203
f 1752/1608/1204 1753/1609/1204 1768/1624/1204 1767/1623/1204
f 1753/1609/1205 1754/1610/1205 1769/1625/1205 1768/1624/1205
f 1754/1610/1206 1755/1611/1206 1770/1626/1206 1769/1625/1206
f 1755/1611/1207 1756/1612/1207 1771/1627/1207 1770/1626/1207
f 1757/1614/1208 1758/1613/1208 1773/1628/1208 1772/1629/1208
f 1758/1613/1209 1759/1615/1209 1774/1630/1209 1773/1628/1209
f 1759/1615/1210 1760/1616/1210 1775/1631/1210 1774/1630/1210
f 1760/1616/1211 1761/1617/1211 1776/1632/1211 1775/1631/1211
f 1761/1617/1212 1762/1618/1212 1777/1633/1212 1776/1632/1212
f 1762/1618/1213 1763/1619/1213 1778/1634/1213 1777/1633/1213
f 1763/1619/1214 1764/1620/1214 1779/1635/1214 1778/1634/1214
f 1764/1620/1215 1765/1621/1215 1780/1636/1215 1779/1635/1215
f 1765/1621/1216 1766/1622/1216 1781/1637/1216 1780/1636/1216
f 1766/1622/1217 1767/1623/1217 1782/1638/1217 1781/1637/1217
f 1767/1623/1218 1768/1624/1218 1783/1639/1218 1782/1638/1218
f 1768/1624/1219 1769/1625/1219 1784/1640/1219 1783/1639/1219
f 1769/1625/1220 1770/1626/1220 1785/1641/1220 1784/1640/1220
f 1770/1626/1221 1771/1627/1221 1786/1642/1221 1785/1641/1221
f 16/848/1222 376/846/1222 1562/1418/1222 377/1643/1222
f 376/846/1223 375/845/1223 1563/1419/1223 1562/1418/1223
f 375/845/1224 374/844/1224 1564/1422/1224 1563/1419/1224
f 374/844/1225 373/843/1225 1565/1424/1225 1564/1422/1225
f 373/843/1226 372/842/1226 1566/1426/1226 1565/1424/1226
f 372/842/1227 371/841/1227 1567/1428/1227 1566/1426/1227
f 371/841/1228 370/840/1228 1568/1430/1228 1567/1428/1228
f 370/840/1229 369/839/1229 1569/1432/1229 1568/1430/1229
f 369/839/1230 368/838/1230 1570/1434/1230 1569/1432/1230
f 368/838/1231 367/837/1231 1571/1436/1231 1570/1434/1231
f 367/837/1232 366/836/1232 1572/1438/1232 1571/1436/1232
f 366/836/1233 365/835/1233 1573/1440/1233 1572/1438/1233
f 365/835/1234 364/834/1234 1574/1442/1234 1573/1440/1234
f 364/834/1235 363/833/1235 1575/1444/1235 1574/1442/1235
f 363/833/1236 362/832/1236 1576/1446/1236 1575/1444/1236
f 362/832/1237 5/259/1237 167/258/1237 1576/1446/1237
f 1576/1446/1238 167/258/1238 168/1644/1238 1591/1447/1238
f 1591/1447/1239 168/1644/1239 169/1645/1239 1606/1462/1239
f 1606/1462/1240 169/1645/1240 170/1646/1240 1621/1477/1240
f 1621/1477/1241 170/1646/1241 171/1647/1241 1636/1492/1241
f 1636/1492/1242 171/1647/1242 172/253/1242 1651/1507/1242
f 1651/1507/1243 172/253/1243 173/1648/1243 1666/1522/1243
f 1666/1522/1244 173/1648/1244 174/1649/1244 1681/1537/1244
f 1681/1537/1245 174/1649/1245 175/1650/1245 1696/1552/1245
f 1696/1552/1246 175/1650/1246 176/1651/1246 1711/1567/1246
f 1711/1567/1247 176/1651/1247 177/1652/1247 1726/1582/1247
f 1726/1582/1248 177/1652/1248 178/1653/1248 1741/1597/1248
f 1741/1597/1249 178/1653/1249 179/246/1249 1756/1612/1249
f 1756/1612/1250 179/246/1250 180/1654/1250 1771/1627/1250
f 1771/1627/1251 180/1654/1251 181/244/1251 1786/1642/1251
f 1786/1642/1252 181/244/1252 1/243/1252 332/1655/1252
f 1785/1641/1253 1786/1642/1253 332/1655/1253 333/1391/1253
f 1784/1640/1254 1785/1641/1254 333/1391/1254 334/1390/1254
f 1783/1639/1255 1784/1640/1255 334/1390/1255 335/1389/1255
f 1782/1638/1256 1783/1639/1256 335/1389/1256 336/1388/1256
f 1781/1637/1257 1782/1638/1257 336/1388/1257 337/1387/1257
f 1780/1636/1258 1781/1637/1258 337/1387/1258 338/1386/1258
f 1779/1635/1259 1780/1636/1259 338/1386/1259 339/1385/1259
f 1778/1634/1260 1779/1635/1260 339/1385/1260 340/1384/1260
f 1777/1633/1261 1778/1634/1261 340/1384/1261 341/1383/1261
f 1776/1632/1262 1777/1633/1262 341/1383/1262 342/1382/1262
f 1775/1631/1263 1776/1632/1263 342/1382/1263 343/1381/1263
f 1774/1630/1264 1775/1631/1264 343/1381/1264 344/1380/1264
f 1773/1628/1265 1774/1630/1265 344/1380/1265 345/1379/1265
f 1772/1629/1266 1773/1628/1266 345/1379/1266 346/1377/1266
f 391/1656/1267 1772/1629/1267 346/1377/1267 14/1376/1267
f 390/1657/1268 1757/1614/1268 1772/1629/1268 391/1656/1268
f 389/1658/1269 1742/1599/1269 1757/1614/1269 390/1657/1269
f 388/1659/1270 1727/1584/1270 1742/1599/1270 389/1658/1270
f 387/1660/1271 1712/1569/1271 1727/1584/1271 388/1659/1271
f 386/1661/1272 1697/1554/1272 1712/1569/1272 387/1660/1272
f 385/1662/1273 1682/1539/1273 1697/1554/1273 386/1661/1273
f 384/1663/1274 1667/1524/1274 1682/1539/1274 385/1662/1274
f 383/1664/1275 1652/1509/1275 1667/1524/1275 384/1663/1275
f 382/1665/1276 1637/1494/1276 1652/1509/1276 383/1664/1276
f 381/1666/1277 1622/1479/1277 1637/1494/1277 382/1665/1277
f 380/1667/1278 1607/1464/1278 1622/1479/1278 381/1666/1278
f 379/1668/1279 1592/1449/1279 1607/1464/1279 380/1667/1279
f 378/1669/1280 1577/1421/1280 1592/1449/1280 379/1668/1280
f 377/1643/1281 1562/1418/1281 1577/1421/1281 378/1669/1281
f 1787/1670/1282 1788/1671/1282 1803/1672/1282 1802/1673/1282
f 1788/1671/1283 1789/1674/1283 1804/1675/1283 1803/1672/1283
f 1789/1674/1284 1790/1676/1284 1805/1677/1284 1804/1675/1284
f 1790/1676/1285 1791/1678/1285 1806/1679/1285 1805/1677/1285
f 1791/1678/1286 1792/1680/1286 1807/1681/1286 1806/1679/1286
f 1792/1680/1287 1793/1682/1287 1808/1683/1287 1807/1681/1287
f 1793/1682/1288 1794/1684/1288 1809/1685/1288 1808/1683/1288
f 1794/1684/1289 1795/1686/1289 1810/1687/1289 1809/1685/1289
f 1795/1686/1290 1796/1688/1290 1811/1689/1290 1810/1687/1290
f 1796/1688/1291 1797/1690/1291 1812/1691/1291 1811/1689/1291
f 1797/1690/1292 1798/1692/1292 1813/1693/1292 1812/1691/1292
f 1798/1692/1293 1799/1694/1293 1814/1695/1293 1813/1693/1293
f 1799/1694/1294 1800/1696/1294 1815/1697/1294 1814/1695/1294
f 1800/1696/1295 1801/1698/1295 1816/1699/1295 1815/1697/1295
f 1802/1673/1296 1803/1672/1296 1818/1700/1296 1817/1701/1296
f 1803/1672/1297 1804/1675/1297 1819/1702/1297 1818/1700/1297
f 1804/1675/1298 1805/1677/1298 1820/1703/1298 1819/1702/1298
f 1805/1677/1299 1806/1679/1299 1821/1704/1299 1820/1703/1299
f 1806/1679/1300 1807/1681/1300 1822/1705/1300 1821/1704/1300
f 1807/1681/1301 1808/1683/1301 1823/1706/1301 1822/1705/1301
f 1808/1683/1302 1809/1685/1302 1824/1707/1302 1823/1706/1302
f 1809/1685/1303 1810/1687/1303 1825/1708/1303 1824/1707/1303
f 1810/1687/1304 1811/1689/1304 1826/1709/1304 1825/1708/1304
f 1811/1689/1305 1812/1691/1305 1827/1710/1305 1826/1709/1305
f 1812/1691/1306 1813/1693/1306 1828/1711/1306 1827/1710/1306
f 1813/1693/1307 1814/1695/1307 1829/1712/1307 1828/1711/1307
f 1814/1695/1308 1815/1697/1308 1830/1713/1308 1829/1712/1308
f 1815/1697/1309 1816/1699/1309 1831/1714/1309 1830/1713/1309
f 1817/1701/1310 1818/1700/1310 1833/1715/1310 1832/1716/1310
f 1818/1700/1311 1819/1702/1311 1834/1717/1311 1833/1715/1311
f 1819/1702/1312 1820/1703/1312 1835/1718/1312 1834/1717/1312
f 1820/1703/1313 1821/1704/1313 1836/1719/1313 1835/1718/1313
f 1821/1704/1314 1822/1705/1314 1837/1720/1314 1836/1719/1314
f 1822/1705/1315 1823/1706/1315 1838/1721/1315 1837/1720/1315
f 1823/1706/1316 1824/1707/1316 1839/1722/1316 1838/1721/1316
f 1824/1707/1317 1825/1708/1317 1840/1723/1317 1839/1722/1317
f 1825/1708/1318 1826/1709/1318 1841/1724/1318 1840/1723/1318
f 1826/1709/1319 1827/1710/1319 1842/1725/1319 1841/1724/1319
f 1827/1710/1320 1828/1711/1320 1843/1726/1320 1842/1725/1320
f 1828/1711/1321 1829/1712/1321 1844/1727/1321 1843/1726/1321
f 1829/1712/1322 1830/1713/1322 1845/1728/1322 1844/1727/1322
f 1830/1713/1323 1831/1714/1323 1846/1729/1323 1845/1728/1323
f 1832/1716/1324 1833/1715/1324 1848/1730/1324 1847/1731/1324
f 1833/1715/1325 1834/1717/1325 1849/1732/1325 1848/1730/1325
f 1834/1717/1326 1835/1718/1326 1850/1733/1326 1849/1732/1326
f 1835/1718/1327 1836/1719/1327 1851/1734/1327 1850/1733/1327
f 1836/1719/1328 1837/1720/1328 1852/1735/1328 1851/1734/1328
f 1837/1720/1329 1838/1721/1329 1853/1736/1329 1852/1735/1329
f 1838/1721/1330 1839/1722/1330 1854/1737/1330 1853/1736/1330
f 1839/1722/1331 1840/1723/1331 1855/1738/1331 1854/1737/1331
f 1840/1723/1332 1841/1724/1332 1856/1739/1332 1855/1738/1332
f 1841/1724/1333 1842/1725/1333 1857/1740/1333 1856/1739/1333
f 1842/1725/1334 1843/1726/1334 1858/1741/1334 1857/1740/1334
f 1843/1726/1335 1844/1727/1335 1859/1742/1335 1858/1741/1335
f 1844/1727/1336 1845/1728/1336 1860/1743/1336 1859/1742/1336
f 1845/1728/1337 1846/1729/1337 1861/1744/1337 1860/1743/1337
f 1847/1731/1338 1848/1730/1338 1863/1745/1338 1862/1746/1338
f 1848/1730/1339 1849/1732/1339 1864/1747/1339 1863/1745/1339
f 1849/1732/1340 1850/1733/1340 1865/1748/1340 1864/1747/1340
f 1850/1733/1341 1851/1734/1341 1866/1749/1341 1865/1748/1341
f 1851/1734/1342 1852/1735/1342 1867/1750/1342 1866/1749/1342
f 1852/1735/1343 1853/1736/1343 1868/1751/1343 1867/1750/1343
f 1853/1736/1344 1854/1737/1344 1869/1752/1344 1868/1751/1344
f 1854/1737/1345 1855/1738/1345 1870/1753/1345 1869/1752/1345
f 1855/1738/1346 1856/1739/1346 1871/1754/1346 1870/1753/1346
f 1856/1739/1347 1857/1740/1347 1872/1755/1347 1871/1754/1347
f 1857/1740/1348 1858/1741/1348 1873/1756/1348 1872/1755/1348
f 1858/1741/1349 1859/1742/1349 1874/1757/1349 1873/1756/1349
f 1859/1742/1350 1860/1743/1350 1875/1758/1350 1874/1757/1350
f 1860/1743/1351 1861/1744/1351 1876/1759/1351 1875/1758/1351
f 1862/1746/1352 1863/1745/1352 1878/1760/1352 1877/1761/1352
f 1863/1745/1353 1864/1747/1353 1879/1762/1353 1878/1760/1353
f 1864/1747/1354 1865/1748/1354 1880/1763/1354 1879/1762/1354
f 1865/1748/1355 1866/1749/1355 1881/1764/1355 1880/1763/1355
f 1866/1749/1356 1867/1750/1356 1882/1765/1356 1881/1764/1356
f 1867/1750/1357 1868/1751/1357 1883/1766/1357 1882/1765/1357
f 1868/1751/1358 1869/1752/1358 1884/1767/1358 1883/1766/1358
f 1869/1752/1359 1870/1753/1359 1885/1768/1359 1884/1767/1359
f 1870/1753/1360 1871/1754/1360 1886/1769/1360 1885/1768/1360
f 1871/1754/1361 1872/1755/1361 1887/1770/1361 1886/1769/1361
f 1872/1755/1362 1873/1756/1362 1888/1771/1362 1887/1770/1362
f 1873/1756/1363 1874/1757/1363 1889/1772/1363 1888/1771/1363
f 1874/1757/1364 1875/1758/1364 1890/1773/1364 1889/1772/1364
f 1875/1758/1365 1876/1759/1365 1891/1774/1365 1890/1773/1365
f 1877/1761/1366 1878/1760/1366 1893/1775/1366 1892/1776/1366
f 1878/1760/1367 1879/1762/1367 1894/1777/1367 1893/1775/1367
f 1879/1762/1368 1880/1763/1368 1895/1778/1368 1894/1777/1368
f 1880/1763/1369 1881/1764/1369 1896/1779/1369 1895/1778/1369
f 1881/1764/1370 1882/1765/1370 1897/1780/1370 1896/1779/1370
f 1882/1765/1371 1883/1766/1371 1898/1781/1371 1897/1780/1371
f 1883/1766/1372 1884/1767/1372 1899/1782/1372 1898/1781/1372
f 1884/1767/1373 1885/1768/1373 1900/1783/1373 1899/1782/1373
f 1885/1768/1374 1886/1769/1374 1901/1784/1374 1900/1783/1374
f 1886/1769/1375 1887/1770/1375 1902/1785/1375 1901/1784/1375
f 1887/1770/1376 1888/1771/1376 1903/1786/1376 1902/1785/1376
f 1888/1771/1377 1889/1772/1377 1904/1787/1377 1903/1786/1377
f 1889/1772/1378 1890/1773/1378 1905/1788/1378 1904/1787/1378
f 1890/1773/1379 1891/1774/1379 1906/1789/1379 1905/1788/1379
f 1892/1776/1380 1893/1775/1380 1908/1790/1380 1907/1791/1380
f 1893/1775/1381 1894/1777/1381 1909/1792/1381 1908/1790/1381
f 1894/1777/1382 1895/1778/1382 1910/1793/1382 1909/1792/1382
f 1895/1778/1383 1896/1779/1383 1911/1794/1383 1910/1793/1383
f 1896/1779/1384 1897/1780/1384 1912/1795/1384 1911/1794/1384
f 1897/1780/1385 1898/1781/1385 1913/1796/1385 1912/1795/1385
f 1898/1781/1386 1899/1782/1386 1914/1797/1386 1913/1796/1386
f 1899/1782/1387 1900/1783/1387 1915/1798/1387 1914/1797/1387
f 1900/1783/1388 1901/1784/1388 1916/1799/1388 1915/1798/1388
f 1901/1784/1389 1902/1785/1389 1917/1800/1389 1916/1799/1389
f 1902/1785/1390 1903/1786/1390 1918/1801/1390 1917/1800/1390
f 1903/1786/1391 1904/1787/1391 1919/1802/1391 1918/1801/1391
f 1904/1787/1392 1905/1788/1392 1920/1803/1392 1919/1802/1392
f 1905/1788/1393 1906/1789/1393 1921/1804/1393 1920/1803/1393
f 1907/1791/1394 1908/1790/1394 1923/1805/1394 1922/1806/1394
f 1908/1790/1395 1909/1792/1395 1924/1807/1395 1923/1805/1395
f 1909/1792/1396 1910/1793/1396 1925/1808/1396 1924/1807/1396
f 1910/1793/1397 1911/1794/1397 1926/1809/1397 1925/1808/1397
f 1911/1794/1398 1912/1795/1398 1927/1810/1398 1926/1809/1398
f 1912/1795/1399 1913/1796/1399 1928/1811/1399 1927/1810/1399
f 1913/1796/1400 1914/1797/1400 1929/1812/1400 1928/1811/1400
f 1914/1797/1401 1915/1798/1401 1930/1813/1401 1929/1812/1401
f 1915/1798/1402 1916/1799/1402 1931/1814/1402 1930/1813/1402
f 1916/1799/1403 1917/1800/1403 1932/1815/1403 1931/1814/1403
f 1917/1800/1404 1918/1801/1404 1933/1816/1404 1932/1815/1404
f 1918/1801/1405 1919/1802/1405 1934/1817/1405 1933/1816/1405
f 1919/1802/1406 1920/1803/1406 1935/1818/1406 1934/1817/1406
f 1920/1803/1407 1921/1804/1407 1936/1819/1407 1935/1818/1407
f 1922/1806/1408 1923/1805/1408 1938/1820/1408 1937/1821/1408
f 1923/1805/1409 1924/1807/1409 1939/1822/1409 1938/1820/1409
f 1924/1807/1410 1925/1808/1410 1940/1823/1410 1939/1822/1410
f 1925/1808/1411 1926/1809/1411 1941/1824/1411 1940/1823/1411
f 1926/1809/1412 1927/1810/1412 1942/1825/1412 1941/1824/1412
f 1927/1810/1413 1928/1811/1413 1943/1826/1413 1942/1825/1413
f 1928/1811/1414 1929/1812/1414 1944/1827/1414 1943/1826/1414
f 1929/1812/1415 1930/1813/1415 1945/1828/1415 1944/1827/1415
f 1930/1813/1416 1931/1814/1416 1946/1829/1416 1945/1828/1416
f 1931/1814/1417 1932/1815/1417 1947/1830/1417 1946/1829/1417
f 1932/1815/1418 1933/1816/1418 1948/1831/1418 1947/1830/1418
f 1933/1816/1419 1934/1817/1419 1949/1832/1419 1948/1831/1419
f 1934/1817/1420 1935/1818/1420 1950/1833/1420 1949/1832/1420
f 1935/1818/1421 1936/1819/1421 1951/1834/1421 1950/1833/1421
f 1937/1821/1422 1938/1820/1422 1953/1835/1422 1952/1836/1422
f 1938/1820/1423 1939/1822/1423 1954/1837/1423 1953/1835/1423
f 1939/1822/1424 1940/1823/1424 1955/1838/1424 1954/1837/1424
f 1940/1823/1425 1941/1824/1425 1956/1839/1425 1955/1838/1425
f 1941/1824/1426 1942/1825/1426 1957/1840/1426 1956/1839/1426
f 1942/1825/1427 1943/1826/1427 1958/1841/1427 1957/1840/1427
f 1943/1826/1428 1944/1827/1428 1959/1842/1428 1958/1841/1428
f 1944/1827/1429 1945/1828/1429 1960/1843/1429 1959/1842/1429
f 1945/1828/1430 1946/1829/1430 1961/1844/1430 1960/1843/1430
f 1946/1829/1431 1947/1830/1431 1962/1845/1431 1961/1844/1431
f 1947/1830/1432 1948/1831/1432 1963/1846/1432 1962/1845/1432
f 1948/1831/1433 1949/1832/1433 1964/1847/1433 1963/1846/1433
f 1949/1832/1434 1950/1833/1434 1965/1848/1434 1964/1847/1434
f 1950/1833/1435 1951/1834/1435 1966/1849/1435 1965/1848/1435
f 1952/1836/1436 1953/1835/1436 1968/1850/1436 1967/1851/1436
f 1953/1835/1437 1954/1837/1437 1969/1852/1437 1968/1850/1437
f 1954/1837/1438 1955/1838/1438 1970/1853/1438 1969/1852/1438
f 1955/1838/1439 1956/1839/1439 1971/1854/1439 1970/1853/1439
f 1956/1839/1440 1957/1840/1440 1972/1855/1440 1971/1854/1440
f 1957/1840/1441 1958/1841/1441 1973/1856/1441 1972/1855/1441
f 1958/1841/1442 1959/1842/1442 1974/1857/1442 1973/1856/1442
f 1959/1842/1443 1960/1843/1443 1975/1858/1443 1974/1857/1443
f 1960/1843/1444 1961/1844/1444 1976/1859/1444 1975/1858/1444
f 1961/1844/1445 1962/1845/1445 1977/1860/1445 1976/1859/1445
f 1962/1845/1446 1963/1846/1446 1978/1861/1446 1977/1860/1446
f 1963/1846/1447 1964/1847/1447 1979/1862/1447 1978/1861/1447
f 1964/1847/1448 1965/1848/1448 1980/1863/1448 1979/1862/1448
f 1965/1848/1449 1966/1849/1449 1981/1864/1449 1980/1863/1449
f 1967/1851/1450 1968/1850/1450 1983/1865/1450 1982/1866/1450
f 1968/1850/1451 1969/1852/1451 1984/1867/1451 1983/1865/1451
f 1969/1852/1452 1970/1853/1452 1985/1868/1452 1984/1867/1452
f 1970/1853/1453 1971/1854/1453 1986/1869/1453 1985/1868/1453
f 1971/1854/1454 1972/1855/1454 1987/1870/1454 1986/1869/1454
f 1972/1855/1455 1973/1856/1455 1988/1871/1455 1987/1870/1455
f 1973/1856/1456 1974/1857/1456 1989/1872/1456 1988/1871/1456
f 1974/1857/1457 1975/1858/1457 1990/1873/1457 1989/1872/1457
f 1975/1858/1458 1976/1859/1458 1991/1874/1458 1990/1873/1458
f 1976/1859/1459 1977/1860/1459 1992/1875/1459 1991/1874/1459
f 1977/1860/1460 1978/1861/1460 1993/1876/1460 1992/1875/1460
f 1978/1861/1461 1979/1862/1461 1994/1877/1461 1993/1876/1461
f 1979/1862/1462 1980/1863/1462 1995/1878/1462 1994/1877/1462
f 1980/1863/1463 1981/1864/1463 1996/1879/1463 1995/1878/1463
f 1982/1866/1464 1983/1865/1464 1998/1880/1464 1997/1881/1464
f 1983/1865/1465 1984/1867/1465 1999/1882/1465 1998/1880/1465
f 1984/1867/1466 1985/1868/1466 2000/1883/1466 1999/1882/1466
f 1985/1868/1467 1986/1869/1467 2001/1884/1467 2000/1883/1467
f 1986/1869/1468 1987/1870/1468 2002/1885/1468 2001/1884/1468
f 1987/1870/1469 1988/1871/1469 2003/1886/1469 2002/1885/1469
f 1988/1871/1470 1989/1872/1470 2004/1887/1470 2003/1886/1470
f 1989/1872/1471 1990/1873/1471 2005/1888/1471 2004/1887/1471
f 1990/1873/1472 1991/1874/1472 2006/1889/1472 2005/1888/1472
f 1991/1874/1473 1992/1875/1473 2007/1890/1473 2006/1889/1473
f 1992/1875/1474 1993/1876/1474 2008/1891/1474 2007/1890/1474
f 1993/1876/1475 1994/1877/1475 2009/1892/1475 2008/1891/1475
f 1994/1877/1476 1995/1878/1476 2010/1893/1476 2009/1892/1476
f 1995/1878/1477 1996/1879/1477 2011/1894/1477 2010/1893/1477
f 6/1895/1478 106/1896/1478 1787/1670/1478 46/1897/1478
f 106/1896/1479 105/1898/1479 1788/1671/1479 1787/1670/1479
f 105/1898/1480 104/1899/1480 1789/1674/1480 1788/1671/1480
f 104/1899/1481 103/1900/1481 1790/1676/1481 1789/1674/1481
f 103/1900/1482 102/1901/1482 1791/1678/1482 1790/1676/1482
f 102/1901/1483 101/1902/1483 1792/1680/1483 1791/1678/1483
f 101/1902/1484 100/1903/1484 1793/1682/1484 1792/1680/1484
f 100/1903/1485 99/1904/1485 1794/1684/1485 1793/1682/1485
f 99/1904/1486 98/1905/1486 1795/1686/1486 1794/1684/1486
f 98/1905/1487 97/1906/1487 1796/1688/1487 1795/1686/1487
f 97/1906/1488 96/1907/1488 1797/1690/1488 1796/1688/1488
f 96/1907/1489 95/1908/1489 1798/1692/1489 1797/1690/1489
f 95/1908/1490 94/1909/1490 1799/1694/1490 1798/1692/1490
f 94/1909/1491 93/1910/1491 1800/1696/1491 1799/1694/1491
f 93/1910/1492 92/1911/1492 1801/1698/1492 1800/1696/1492
f 92/1911/1493 12/1912/1493 257/1913/1493 1801/1698/1493
f 1801/1698/1494 257/1913/1494 258/1914/1494 1816/1699/1494
f 1816/1699/1495 258/1914/1495 259/1915/1495 1831/1714/1495
f 1831/1714/1496 259/1915/1496 260/1916/1496 1846/1729/1496
f 1846/1729/1497 260/1916/1497 261/1917/1497 1861/1744/1497
f 1861/1744/1498 261/1917/1498 262/1918/1498 1876/1759/1498
f 1876/1759/1499 262/1918/1499 263/1919/1499 1891/1774/1499
f 1891/1774/1500 263/1919/1500 264/1920/1500 1906/1789/1500
f 1906/1789/1501 264/1920/1501 265/1921/1501 1921/1804/1501
f 1921/1804/1502 265/1921/1502 266/1922/1502 1936/1819/1502
f 1936/1819/1503 266/1922/1503 267/1923/1503 1951/1834/1503
f 1951/1834/1504 267/1923/1504 268/1924/1504 1966/1849/1504
f 1966/1849/1505 268/1924/1505 269/1925/1505 1981/1864/1505
f 1981/1864/1506 269/1925/1506 270/1926/1506 1996/1879/1506
f 1996/1879/1507 270/1926/1507 271/1927/1507 2011/1894/1507
f 2011/1894/1508 271/1927/1508 9/1928/1508 47/1929/1508
f 2010/1893/1509 2011/1894/1509 47/1929/1509 48/1930/1509
f 2009/1892/1510 2010/1893/1510 48/1930/1510 49/1931/1510
f 2008/1891/1511 2009/1892/1511 49/1931/1511 50/1932/1511
f 2007/1890/1512 2008/1891/1512 50/1932/1512 51/1933/1512
f 2006/1889/1513 2007/1890/1513 51/1933/1513 52/1934/1513
f 2005/1888/1514 2006/1889/1514 52/1934/1514 53/1935/1514
f 2004/1887/1515 2005/1888/1515 53/1935/1515 54/1936/1515
f 2003/1886/1516 2004/1887/1516 54/1936/1516 55/1937/1516
f 2002/1885/1517 2003/1886/1517 55/1937/1517 56/1938/1517
f 2001/1884/1518 2002/1885/1518 56/1938/1518 57/1939/1518
f 2000/1883/1519 2001/1884/1519 57/1939/1519 58/1940/1519
f 1999/1882/1520 2000/1883/1520 58/1940/1520 59/1941/1520
f 1998/1880/1521 1999/1882/1521 59/1941/1521 60/1942/1521
f 1997/1881/1522 1998/1880/1522 60/1942/1522 61/1943/1522
f 32/1944/1523 1997/1881/1523 61/1943/1523 2/1945/1523
f 33/1946/1524 1982/1866/1524 1997/1881/1524 32/1944/1524
f 34/1947/1525 1967/1851/1525 1982/1866/1525 33/1946/1525
f 35/1948/1526 1952/1836/1526 1967/1851/1526 34/1947/1526
f 36/1949/1527 1937/1821/1527 1952/1836/1527 35/1948/1527
f 37/1950/1528 1922/1806/1528 1937/1821/1528 36/1949/1528
f 38/1951/1529 1907/1791/1529 1922/1806/1529 37/1950/1529
f 39/1952/1530 1892/1776/1530 1907/1791/1530 38/1951/1530
f 40/1953/1531 1877/1761/1531 1892/1776/1531 39/1952/1531
f 41/1954/1532 1862/1746/1532 1877/1761/1532 40/1953/1532
f 42/1955/1533 1847/1731/1533 1862/1746/1533 41/1954/1533
f 43/1956/1534 1832/1716/1534 1847/1731/1534 42/1955/1534
f 44/1957/1535 1817/1701/1535 1832/1716/1535 43/1956/1535
f 45/1958/1536 1802/1673/1536 1817/1701/1536 44/1957/1536
f 46/1897/1537 1787/1670/1537 1802/1673/1537 45/1958/1537
f 2012/1959/1538 2013/1960/1538 2028/1961/1538 2027/1962/1538
f 2013/1960/1539 2014/1963/1539 2029/1964/1539 2028/1961/1539
f 2014/1963/1540 2015/1965/1540 2030/1966/1540 2029/1964/1540
f 2015/1965/1541 2016/1967/1541 2031/1968/1541 2030/1966/1541
f 2016/1967/1542 2017/1969/1542 2032/1970/1542 2031/1968/1542
f 2017/1969/1543 2018/1971/1543 2033/1972/1543 2032/1970/1543
f 2018/1971/1544 2019/1973/1544 2034/1974/1544 2033/1972/1544
f 2019/1973/1545 2020/1975/1545 2035/1976/1545 2034/1974/1545
f 2020/1975/1546 2021/1977/1546 2036/1978/1546 2035/1976/1546
f 2021/1977/1547 2022/1979/1547 2037/1980/1547 2036/1978/1547
f 2022/1979/1548 2023/1981/1548 2038/1982/1548 2037/1980/1548
f 2023/1981/1549 2024/1983/1549 2039/1984/1549 2038/1982/1549
f 2024/1983/1550 2025/1985/1550 2040/1986/1550 2039/1984/1550
f 2025/1985/1551 2026/1987/1551 2041/1988/1551 2040/1986/1551
f 2027/1962/1552 2028/1961/1552 2043/1989/1552 2042/1990/1552
f 2028/1961/1553 2029/1964/1553 2044/1991/1553 2043/1989/1553
f 2029/1964/1554 2030/1966/1554 2045/1992/1554 2044/1991/1554
f 2030/1966/1555 2031/1968/1555 2046/1993/1555 2045/1992/1555
f 2031/1968/1556 2032/1970/1556 2047/1994/1556 2046/1993/1556
f 2032/1970/1557 2033/1972/1557 2048/1995/1557 2047/1994/1557
f 2033/1972/1558 2034/1974/1558 2049/1996/1558 2048/1995/1558
f 2034/1974/1559 2035/1976/1559 2050/1997/1559 2049/1996/1559
f 2035/1976/1560 2036/1978/1560 2051/1998/1560 2050/1997/1560
f 2036/1978/1561 2037/1980/1561 2052/1999/1561 2051/1998/1561
f 2037/1980/1562 2038/1982/1562 2053/2000/1562 2052/1999/1562
f 2038/1982/1563 2039/1984/1563 2054/2001/1563 2053/2000/1563
f 2039/1984/1564 2040/1986/1564 2055/2002/1564 2054/2001/1564
f 2040/1986/1565 2041/1988/1565 2056/2003/1565 2055/2002/1565
f 2042/1990/1566 2043/1989/1566 2058/2004/1566 2057/2005/1566
f 2043/1989/1567 2044/1991/1567 2059/2006/1567 2058/2004/1567
f 2044/1991/1568 2045/1992/1568 2060/2007/1568 2059/2006/1568
f 2045/1992/1569 2046/1993/1569 2061/2008/1569 2060/2007/1569
f 2046/1993/1570 2047/1994/1570 2062/2009/1570 2061/2008/1570
f 2047/1994/1571 2048/1995/1571 2063/2010/1571 2062/2009/1571
f 2048/1995/1572 2049/1996/1572 2064/2011/1572 2063/2010/1572
f 2049/1996/1573 2050/1997/1573 2065/2012/1573 2064/2011/1573
f 2050/1997/1574 2051/1998/1574 2066/2013/1574 2065/2012/1574
f 2051/1998/1575 2052/1999/1575 2067/2014/1575 2066/2013/1575
f 2052/1999/1576 2053/2000/1576 2068/2015/1576 2067/2014/1576
f 2053/2000/1577 2054/2001/1577 2069/2016/1577 2068/2015/1577
f 2054/2001/1578 2055/2002/1578 2070/2017/1578 2069/2016/1578
f 2055/2002/1579 2056/2003/1579 2071/2018/1579 2070/2017/1579
f 2057/2005/1580 2058/2004/1580 2073/2019/1580 2072/2020/1580
f 2058/2004/1581 2059/2006/1581 2074/2021/1581 2073/2019/1581
f 2059/2006/1582 2060/2007/1582 2075/2022/1582 2074/2021/1582
f 2060/2007/1583 2061/2008/1583 2076/2023/1583 2075/2022/1583
f 2061/2008/1584 2062/2009/1584 2077/2024/1584 2076/2023/1584
f 2062/2009/1585 2063/2010/1585 2078/2025/1585 2077/2024/1585
f 2063/2010/1586 2064/2011/1586 2079/2026/1586 2078/2025/1586
f 2064/2011/1587 2065/2012/1587 2080/2027/1587 2079/2026/1587
f 2065/2012/1588 2066/2013/1588 2081/2028/1588 2080/2027/1588
f 2066/2013/1589 2067/2014/1589 2082/2029/1589 2081/2028/1589
f 2067/2014/1590 2068/2015/1590 2083/2030/1590 2082/2029/1590
f 2068/2015/1591 2069/2016/1591 2084/2031/1591 2083/2030/1591
f 2069/2016/1592 2070/2017/1592 2085/2032/1592 2084/2031/1592
f 2070/2017/1593 2071/2018/1593 2086/2033/1593 2085/2032/1593
f 2072/2020/1594 2073/2019/1594 2088/2034/1594 2087/2035/1594
f 2073/2019/1595 2074/2021/1595 2089/2036/1595 2088/2034/1595
f 2074/2021/1596 2075/2022/1596 2090/2037/1596 2089/2036/1596
f 2075/2022/1597 2076/2023/1597 2091/2038/1597 2090/2037/1597
f 2076/2023/1598 2077/2024/1598 2092/2039/1598 2091/2038/1598
f 2077/2024/1599 2078/2025/1599 2093/2040/1599 2092/2039/1599
f 2078/2025/1600 2079/2026/1600 2094/2041/1600 2093/2040/1600
f 2079/2026/1601 2080/2027/1601 2095/2042/1601 2094/2041/1601
f 2080/2027/1602 2081/2028/1602 2096/2043/1602 2095/2042/1602
f 2081/2028/1603 2082/2029/1603 2097/2044/1603 2096/2043/1603
f 2082/2029/1604 2083/2030/1604 2098/2045/1604 2097/2044/1604
f 2083/2030/1605 2084/2031/1605 2099/2046/1605 2098/2045/1605
f 2084/2031/1606 2085/2032/1606 2100/2047/1606 2099/2046/1606
f 2085/2032/1607 2086/2033/1607 2101/2048/1607 2100/2047/1607
f 2087/2035/1608 2088/2034/1608 2103/2049/1608 2102/2050/1608
f 2088/2034/1609 2089/2036/1609 2104/2051/1609 2103/2049/1609
f 2089/2036/1610 2090/2037/1610 2105/2052/1610 2104/2051/1610
f 2090/2037/1611 2091/2038/1611 2106/2053/1611 2105/2052/1611
f 2091/2038/1612 2092/2039/1612 2107/2054/1612 2106/2053/1612
f 2092/2039/1613 2093/2040/1613 2108/2055/1613 2107/2054/1613
f 2093/2040/1614 2094/2041/1614 2109/2056/1614 2108/2055/1614
f 2094/2041/1615 2095/2042/1615 2110/2057/1615 2109/2056/1615
f 2095/2042/1616 2096/2043/1616 2111/2058/1616 2110/2057/1616
f 2096/2043/1617 2097/2044/1617 2112/2059/1617 2111/2058/1617
f 2097/2044/1618 2098/2045/1618 2113/2060/1618 2112/2059/1618
f 2098/2045/1619 2099/2046/1619 2114/2061/1619 2113/2060/1619
f 2099/2046/1620 2100/2047/1620 2115/2062/1620 2114/2061/1620
f 2100/2047/1621 2101/2048/1621 2116/2063/1621 2115/2062/1621
f 2102/2050/1622 2103/2049/1622 2118/2064/1622 2117/2065/1622
f 2103/2049/1623 2104/2051/1623 2119/2066/1623 2118/2064/1623
f 2104/2051/1624 2105/2052/1624 2120/2067/1624 2119/2066/1624
f 2105/2052/1625 2106/2053/1625 2121/2068/1625 2120/2067/1625
f 2106/2053/1626 2107/2054/1626 2122/2069/1626 2121/2068/1626
f 2107/2054/1627 2108/2055/1627 2123/2070/1627 2122/2069/1627
f 2108/2055/1628 2109/2056/1628 2124/2071/1628 2123/2070/1628
f 2109/2056/1629 2110/2057/1629 2125/2072/1629 2124/2071/1629
f 2110/2057/1630 2111/2058/1630 2126/2073/1630 2125/2072/1630
f 2111/2058/1631 2112/2059/1631 2127/2074/1631 2126/2073/1631
f 2112/2059/1632 2113/2060/1632 2128/2075/1632 2127/2074/1632
f 2113/2060/1633 2114/2061/1633 2129/2076/1633 2128/2075/1633
f 2114/2061/1634 2115/2062/1634 2130/2077/1634 2129/2076/1634
f 2115/2062/1635 2116/2063/1635 2131/2078/1635 2130/2077/1635
f 2117/2065/1636 2118/2064/1636 2133/2079/1636 2132/2080/1636
f 2118/2064/1637 2119/2066/1637 2134/2081/1637 2133/2079/1637
f 2119/2066/1638 2120/2067/1638 2135/2082/1638 2134/2081/1638
f 2120/2067/1639 2121/2068/1639 2136/2083/1639 2135/2082/1639
f 2121/2068/1640 2122/2069/1640 2137/2084/1640 2136/2083/1640
f 2122/2069/1641 2123/2070/1641 2138/2085/1641 2137/2084/1641
f 2123/2070/1642 2124/2071/1642 2139/2086/1642 2138/2085/1642
f 2124/2071/1643 2125/2072/1643 2140/2087/1643 2139/2086/1643
f 2125/2072/1644 2126/2073/1644 2141/2088/1644 2140/2087/1644
f 2126/2073/1645 2127/2074/1645 2142/2089/1645 2141/2088/1645
f 2127/2074/1646 2128/2075/1646 2143/2090/1646 2142/2089/1646
f 2128/2075/1647 2129/2076/1647 2144/2091/1647 2143/2090/1647
f 2129/2076/1648 2130/2077/1648 2145/2092/1648 2144/2091/1648
f 2130/2077/1649 2131/2078/1649 2146/2093/1649 2145/2092/1649
f 2132/2080/1650 2133/2079/1650 2148/2094/1650 2147/2095/1650
f 2133/2079/1651 2134/2081/1651 2149/2096/1651 2148/2094/1651
f 2134/2081/1652 2135/2082/1652 2150/2097/1652 2149/2096/1652
f 2135/2082/1653 2136/2083/1653 2151/2098/1653 2150/2097/1653
f 2136/2083/1654 2137/2084/1654 2152/2099/1654 2151/2098/1654
f 2137/2084/1655 2138/2085/1655 2153/2100/1655 2152/2099/1655
f 2138/2085/1656 2139/2086/1656 2154/2101/1656 2153/2100/1656
f 2139/2086/1657 2140/2087/1657 2155/2102/1657 2154/2101/1657
f 2140/2087/1658 2141/2088/1658 2156/2103/1658 2155/2102/1658
f 2141/2088/1659 2142/2089/1659 2157/2104/1659 2156/2103/1659
f 2142/2089/1660 2143/2090/1660 2158/2105/1660 2157/2104/1660
f 2143/2090/1661 2144/2091/1661 2159/2106/1661 2158/2105/1661
f 2144/2091/1662 2145/2092/1662 2160/2107/1662 2159/2106/1662
f 2145/2092/1663 2146/2093/1663 2161/2108/1663 2160/2107/1663
f 2147/2095/1664 2148/2094/1664 2163/2109/1664 2162/2110/1664
f 2148/2094/1665 2149/2096/1665 2164/2111/1665 2163/2109/1665
f 2149/2096/1666 2150/2097/1666 2165/2112/1666 2164/2111/1666
f 2150/2097/1667 2151/2098/1667 2166/2113/1667 2165/2112/1667
f 2151/2098/1668 2152/2099/1668 2167/2114/1668 2166/2113/1668
f 2152/2099/1669 2153/2100/1669 2168/2115/1669 2167/2114/1669
f 2153/2100/1670 2154/2101/1670 2169/2116/1670 2168/2115/1670
f 2154/2101/1671 2155/2102/1671 2170/2117/1671 2169/2116/1671
f 2155/2102/1672 2156/2103/1672 2171/2118/1672 2170/2117/1672
f 2156/2103/1673 2157/2104/1673 2172/2119/1673 2171/2118/1673
f 2157/2104/1674 2158/2105/1674 2173/2120/1674 2172/2119/1674
f 2158/2105/1675 2159/2106/1675 2174/2121/1675 2173/2120/1675
f 2159/2106/1676 2160/2107/1676 2175/2122/1676 2174/2121/1676
f 2160/2107/1677 2161/2108/1677 2176/2123/1677 2175/2122/1677
f 2162/2110/1678 2163/2109/1678 2178/2124/1678 2177/2125/1678
f 2163/2109/1679 2164/2111/1679 2179/2126/1679 2178/2124/1679
f 2164/2111/1680 2165/2112/1680 2180/2127/1680 2179/2126/1680
f 2165/2112/1681 2166/2113/1681 2181/2128/1681 2180/2127/1681
f 2166/2113/1682 2167/2114/1682 2182/2129/1682 2181/2128/1682
f 2167/2114/1683 2168/2115/1683 2183/2130/1683 2182/2129/1683
f 2168/2115/1684 2169/2116/1684 2184/2131/1684 2183/2130/1684
f 2169/2116/1685 2170/2117/1685 2185/2132/1685 2184/2131/1685
f 2170/2117/1686 2171/2118/1686 2186/2133/1686 2185/2132/1686
f 2171/2118/1687 2172/2119/1687 2187/2134/1687 2186/2133/1687
f 2172/2119/1688 2173/2120/1688 2188/2135/1688 2187/2134/1688
f 2173/2120/1689 2174/2121/1689 2189/2136/1689 2188/2135/1689
f 2174/2121/1690 2175/2122/1690 2190/2137/1690 2189/2136/1690
f 2175/2122/1691 2176/2123/1691 2191/2138/1691 2190/2137/1691
f 2177/2125/1692 2178/2124/1692 2193/2139/1692 2192/2140/1692
f 2178/2124/1693 2179/2126/1693 2194/2141/1693 2193/2139/1693
f 2179/2126/1694 2180/2127/1694 2195/2142/1694 2194/2141/1694
f 2180/2127/1695 2181/2128/1695 2196/2143/1695 2195/2142/1695
f 2181/2128/1696 2182/2129/1696 2197/2144/1696 2196/2143/1696
f 2182/2129/1697 2183/2130/1697 2198/2145/1697 2197/2144/1697
f 2183/2130/1698 2184/2131/1698 2199/2146/1698 2198/2145/1698
f 2184/2131/1699 2185/2132/1699 2200/2147/1699 2199/2146/1699
f 2185/2132/1700 2186/2133/1700 2201/2148/1700 2200/2147/1700
f 2186/2133/1701 2187/2134/1701 2202/2149/1701 2201/2148/1701
f 2187/2134/1702 2188/2135/1702 2203/2150/1702 2202/2149/1702
f 2188/2135/1703 2189/2136/1703 2204/2151/1703 2203/2150/1703
f 2189/2136/1704 2190/2137/1704 2205/2152/1704 2204/2151/1704
f 2190/2137/1705 2191/2138/1705 2206/2153/1705 2205/2152/1705
f 2192/2140/1706 2193/2139/1706 2208/2154/1706 2207/2155/1706
f 2193/2139/1707 2194/2141/1707 2209/2156/1707 2208/2154/1707
f 2194/2141/1708 2195/2142/1708 2210/2157/1708 2209/2156/1708
f 2195/2142/1709 2196/2143/1709 2211/2158/1709 2210/2157/1709
f 2196/2143/1710 2197/2144/1710 2212/2159/1710 2211/2158/1710
f 2197/2144/1711 2198/2145/1711 2213/2160/1711 2212/2159/1711
f 2198/2145/1712 2199/2146/1712 2214/2161/1712 2213/2160/1712
f 2199/2146/1713 2200/2147/1713 2215/2162/1713 2214/2161/1713
f 2200/2147/1714 2201/2148/1714 2216/2163/1714 2215/2162/1714
f 2201/2148/1715 2202/2149/1715 2217/2164/1715 2216/2163/1715
f 2202/2149/1716 2203/2150/1716 2218/2165/1716 2217/2164/1716
f 2203/2150/1717 2204/2151/1717 2219/2166/1717 2218/2165/1717
f 2204/2151/1718 2205/2152/1718 2220/2167/1718 2219/2166/1718
f 2205/2152/1719 2206/2153/1719 2221/2168/1719 2220/2167/1719
f 2207/2155/1720 2208/2154/1720 2223/2169/1720 2222/2170/1720
f 2208/2154/1721 2209/2156/1721 2224/2171/1721 2223/2169/1721
f 2209/2156/1722 2210/2157/1722 2225/2172/1722 2224/2171/1722
f 2210/2157/1723 2211/2158/1723 2226/2173/1723 2225/2172/1723
f 2211/2158/1724 2212/2159/1724 2227/2174/1724 2226/2173/1724
f 2212/2159/1725 2213/2160/1725 2228/2175/1725 2227/2174/1725
f 2213/2160/1726 2214/2161/1726 2229/2176/1726 2228/2175/1726
f 2214/2161/1727 2215/2162/1727 2230/2177/1727 2229/2176/1727
f 2215/2162/1728 2216/2163/1728 2231/2178/1728 2230/2177/1728
f 2216/2163/1729 2217/2164/1729 2232/2179/1729 2231/2178/1729
f 2217/2164/1730 2218/2165/1730 2233/2180/1730 2232/2179/1730
f 2218/2165/1731 2219/2166/1731 2234/2181/1731 2233/2180/1731
f 2219/2166/1732 2220/2167/1732 2235/2182/1732 2234/2181/1732
f 2220/2167/1733 2221/2168/1733 2236/2183/1733 2235/2182/1733
f 2/1945/1734 61/1943/1734 2012/1959/1734 196/2184/1734
f 61/1943/1735 60/1942/1735 2013/1960/1735 2012/1959/1735
f 60/1942/1736 59/1941/1736 2014/1963/1736 2013/1960/1736
f 59/1941/1737 58/1940/1737 2015/1965/1737 2014/1963/1737
f 58/1940/1738 57/1939/1738 2016/1967/1738 2015/1965/1738
f 57/1939/1739 56/1938/1739 2017/1969/1739 2016/1967/1739
f 56/1938/1740 55/1937/1740 2018/1971/1740 2017/1969/1740
f 55/1937/1741 54/1936/1741 2019/1973/1741 2018/1971/1741
f 54/1936/1742 53/1935/1742 2020/1975/1742 2019/1973/1742
f 53/1935/1743 52/1934/1743 2021/1977/1743 2020/1975/1743
f 52/1934/1744 51/1933/1744 2022/1979/1744 2021/1977/1744
f 51/1933/1745 50/1932/1745 2023/1981/1745 2022/1979/1745
f 50/1932/1746 49/1931/1746 2024/1983/1746 2023/1981/1746
f 49/1931/1747 48/1930/1747 2025/1985/1747 2024/1983/1747
f 48/1930/1748 47/1929/1748 2026/1987/1748 2025/1985/1748
f 47/1929/1749 9/1928/1749 272/2185/1749 2026/1987/1749
f 2026/1987/1750 272/2185/1750 273/2186/1750 2041/1988/1750
f 2041/1988/1751 273/2186/1751 274/2187/1751 2056/2003/1751
f 2056/2003/1752 274/2187/1752 275/2188/1752 2071/2018/1752
f 2071/2018/1753 275/2188/1753 276/2189/1753 2086/2033/1753
f 2086/2033/1754 276/2189/1754 277/2190/1754 2101/2048/1754
f 2101/2048/1755 277/2190/1755 278/2191/1755 2116/2063/1755
f 2116/2063/1756 278/2191/1756 279/2192/1756 2131/2078/1756
f 2131/2078/1757 279/2192/1757 280/2193/1757 2146/2093/1757
f 2146/2093/1758 280/2193/1758 281/2194/1758 2161/2108/1758
f 2161/2108/1759 281/2194/1759 282/2195/1759 2176/2123/1759
f 2176/2123/1760 282/2195/1760 283/2196/1760 2191/2138/1760
f 2191/2138/1761 283/2196/1761 284/2197/1761 2206/2153/1761
f 2206/2153/1762 284/2197/1762 285/2198/1762 2221/2168/1762
f 2221/2168/1763 285/2198/1763 286/2199/1763 2236/2183/1763
f 2236/2183/1764 286/2199/1764 11/2200/1764 77/2201/1764
f 2235/2182/1765 2236/2183/1765 77/2201/1765 78/2202/1765
f 2234/2181/1766 2235/2182/1766 78/2202/1766 79/2203/1766
f 2233/2180/1767 2234/2181/1767 79/2203/1767 80/2204/1767
f 2232/2179/1768 2233/2180/1768 80/2204/1768 81/2205/1768
f 2231/2178/1769 2232/2179/1769 81/2205/1769 82/2206/1769
f 2230/2177/1770 2231/2178/1770 82/2206/1770 83/2207/1770
f 2229/2176/1771 2230/2177/1771 83/2207/1771 84/2208/1771
f 2228/2175/1772 2229/2176/1772 84/2208/1772 85/2209/1772
f 2227/2174/1773 2228/2175/1773 85/2209/1773 86/2210/1773
f 2226/2173/1774 2227/2174/1774 86/2210/1774 87/2211/1774
f 2225/2172/1775 2226/2173/1775 87/2211/1775 88/2212/1775
f 2224/2171/1776 2225/2172/1776 88/2212/1776 89/2213/1776
f 2223/2169/1777 2224/2171/1777 89/2213/1777 90/2214/1777
f 2222/2170/1778 2223/2169/1778 90/2214/1778 91/2215/1778
f 182/2216/1779 2222/2170/1779 91/2215/1779 4/2217/1779
f 183/1118/1780 2207/2155/1780 2222/2170/1780 182/2216/1780
f 184/1117/1781 2192/2140/1781 2207/2155/1781 183/1118/1781
f 185/1116/1782 2177/2125/1782 2192/2140/1782 184/1117/1782
f 186/1115/1783 2162/2110/1783 2177/2125/1783 185/1116/1783
f 187/1114/1784 2147/2095/1784 2162/2110/1784 186/1115/1784
f 188/1113/1785 2132/2080/1785 2147/2095/1785 187/1114/1785
f 189/1112/1786 2117/2065/1786 2132/2080/1786 188/1113/1786
f 190/1111/1787 2102/2050/1787 2117/2065/1787 189/1112/1787
f 191/1110/1788 2087/2035/1788 2102/2050/1788 190/1111/1788
f 192/1109/1789 2072/2020/1789 2087/2035/1789 191/1110/1789
f 193/1108/1790 2057/2005/1790 2072/2020/1790 192/1109/1790
f 194/1107/1791 2042/1990/1791 2057/2005/1791 193/1108/1791
f 195/1106/1792 2027/1962/1792 2042/1990/1792 194/1107/1792
f 196/2184/1793 2012/1959/1793 2027/1962/1793 195/1106/1793
f 2237/2218/1794 2238/2219/1794 2253/2220/1794 2252/2221/1794
f 2238/2219/1795 2239/2222/1795 2254/2223/1795 2253/2220/1795
f 2239/2222/1796 2240/2224/1796 2255/2225/1796 2254/2223/1796
f 2240/2224/1797 2241/2226/1797 2256/2227/1797 2255/2225/1797
f 2241/2226/1798 2242/2228/1798 2257/2229/1798 2256/2227/1798
f 2242/2228/1799 2243/2230/1799 2258/2231/1799 2257/2229/1799
f 2243/2230/1800 2244/2232/1800 2259/2233/1800 2258/2231/1800
f 2244/2232/1801 2245/2234/1801 2260/2235/1801 2259/2233/1801
f 2245/2234/1802 2246/2236/1802 2261/2237/1802 2260/2235/1802
f 2246/2236/1803 2247/2238/1803 2262/2239/1803 2261/2237/1803
f 2247/2238/1804 2248/2240/1804 2263/2241/1804 2262/2239/1804
f 2248/2240/1805 2249/2242/1805 2264/2243/1805 2263/2241/1805
f 2249/2242/1806 2250/2244/1806 2265/2245/1806 2264/2243/1806
f 2250/2244/1807 2251/2246/1807 2266/2247/1807 2265/2245/1807
f 2252/2221/1808 2253/2220/1808 2268/2248/1808 2267/2249/1808
f 2253/2220/1809 2254/2223/1809 2269/2250/1809 2268/2248/1809
f 2254/2223/1810 2255/2225/1810 2270/2251/1810 2269/2250/1810
f 2255/2225/1811 2256/2227/1811 2271/2252/1811 2270/2251/1811
f 2256/2227/1812 2257/2229/1812 2272/2253/1812 2271/2252/1812
f 2257/2229/1813 2258/2231/1813 2273/2254/1813 2272/2253/1813
f 2258/2231/1814 2259/2233/1814 2274/2255/1814 2273/2254/1814
f 2259/2233/1815 2260/2235/1815 2275/2256/1815 2274/2255/1815
f 2260/2235/1816 2261/2237/1816 2276/2257/1816 2275/2256/1816
f 2261/2237/1817 2262/2239/1817 2277/2258/1817 2276/2257/1817
f 2262/2239/1818 2263/2241/1818 2278/2259/1818 2277/2258/1818
f 2263/2241/1819 2264/2243/1819 2279/2260/1819 2278/2259/1819
f 2264/2243/1820 2265/2245/1820 2280/2261/1820 2279/2260/1820
f 2265/2245/1821 2266/2247/1821 2281/2262/1821 2280/2261/1821
f 2267/2249/1822 2268/2248/1822 2283/2263/1822 2282/2264/1822
f 2268/2248/1823 2269/2250/1823 2284/2265/1823 2283/2263/1823
f 2269/2250/1824 2270/2251/1824 2285/2266/1824 2284/2265/1824
f 2270/2251/1825 2271/2252/1825 2286/2267/1825 2285/2266/1825
f 2271/2252/1826 2272/2253/1826 2287/2268/1826 2286/2267/1826
f 2272/2253/1827 2273/2254/1827 2288/2269/1827 2287/2268/1827
f 2273/2254/1828 2274/2255/1828 2289/2270/1828 2288/2269/1828
f 2274/2255/1829 2275/2256/1829 2290/2271/1829 2289/2270/1829
f 2275/2256/1830 2276/2257/1830 2291/2272/1830 2290/2271/1830
f 2276/2257/1831 2277/2258/1831 2292/2273/1831 2291/2272/1831
f 2277/2258/1832 2278/2259/1832 2293/2274/1832 2292/2273/1832
f 2278/2259/1833 2279/2260/1833 2294/2275/1833 2293/2274/1833
f 2279/2260/1834 2280/2261/1834 2295/2276/1834 2294/2275/1834
f 2280/2261/1835 2281/2262/1835 2296/2277/1835 2295/2276/1835
f 2282/2264/1836 2283/2263/1836 2298/2278/1836 2297/2279/1836
f 2283/2263/1837 2284/2265/1837 2299/2280/1837 2298/2278/1837
f 2284/2265/1838 2285/2266/1838 2300/2281/1838 2299/2280/1838
f 2285/2266/1839 2286/2267/1839 2301/2282/1839 2300/2281/1839
f 2286/2267/1840 2287/2268/1840 2302/2283/1840 2301/2282/1840
f 2287/2268/1841 2288/2269/1841 2303/2284/1841 2302/2283/1841
f 2288/2269/1842 2289/2270/1842 2304/2285/1842 2303/2284/1842
f 2289/2270/1843 2290/2271/1843 2305/2286/1843 2304/2285/1843
f 2290/2271/1844 2291/2272/1844 2306/2287/1844 2305/2286/1844
f 2291/2272/1845 2292/2273/1845 2307/2288/1845 2306/2287/1845
f 2292/2273/1846 2293/2274/1846 2308/2289/1846 2307/2288/1846
f 2293/2274/1847 2294/2275/1847 2309/2290/1847 2308/2289/1847
f 2294/2275/1848 2295/2276/1848 2310/2291/1848 2309/2290/1848
f 2295/2276/1849 2296/2277/1849 2311/2292/1849 2310/2291/1849
f 2297/2279/1850 2298/2278/1850 2313/2293/1850 2312/2294/1850
f 2298/2278/1851 2299/2280/1851 2314/2295/1851 2313/2293/1851
f 2299/2280/1852 2300/2281/1852 2315/2296/1852 2314/2295/1852
f 2300/2281/1853 2301/2282/1853 2316/2297/1853 2315/2296/1853
f 2301/2282/1854 2302/2283/1854 2317/2298/1854 2316/2297/1854
f 2302/2283/1855 2303/2284/1855 2318/2299/1855 2317/2298/1855
f 2303/2284/1856 2304/2285/1856 2319/2300/1856 2318/2299/1856
f 2304/2285/1857 2305/2286/1857 2320/2301/1857 2319/2300/1857
f 2305/2286/1858 2306/2287/1858 2321/2302/1858 2320/2301/1858
f 2306/2287/1859 2307/2288/1859 2322/2303/1859 2321/2302/1859
f 2307/2288/1860 2308/2289/1860 2323/2304/1860 2322/2303/1860
f 2308/2289/1861 2309/2290/1861 2324/2305/1861 2323/2304/1861
f 2309/2290/1862 2310/2291/1862 2325/2306/1862 2324/2305/1862
f 2310/2291/1863 2311/2292/1863 2326/2307/1863 2325/2306/1863
f 2312/2294/1864 2313/2293/1864 2328/2308/1864 2327/2309/1864
f 2313/2293/1865 2314/2295/1865 2329/2310/1865 2328/2308/1865
f 2314/2295/1866 2315/2296/1866 2330/2311/1866 2329/2310/1866
f 2315/2296/1867 2316/2297/1867 2331/2312/1867 2330/2311/1867
f 2316/2297/1868 2317/2298/1868 2332/2313/1868 2331/2312/1868
f 2317/2298/1869 2318/2299/1869 2333/2314/1869 2332/2313/1869
f 2318/2299/1870 2319/2300/1870 2334/2315/1870 2333/2314/1870
f 2319/2300/1871 2320/2301/1871 2335/2316/1871 2334/2315/1871
f 2320/2301/1872 2321/2302/1872 2336/2317/1872 2335/2316/1872
f 2321/2302/1873 2322/2303/1873 2337/2318/1873 2336/2317/1873
f 2322/2303/1874 2323/2304/1874 2338/2319/1874 2337/2318/1874
f 2323/2304/1875 2324/2305/1875 2339/2320/1875 2338/2319/1875
f 2324/2305/1876 2325/2306/1876 2340/2321/1876 2339/2320/1876
f 2325/2306/1877 2326/2307/1877 2341/2322/1877 2340/2321/1877
f 2327/2309/1878 2328/2308/1878 2343/2323/1878 2342/2324/1878
f 2328/2308/1879 2329/2310/1879 2344/2325/1879 2343/2323/1879
f 2329/2310/1880 2330/2311/1880 2345/2326/1880 2344/2325/1880
f 2330/2311/1881 2331/2312/1881 2346/2327/1881 2345/2326/1881
f 2331/2312/1882 2332/2313/1882 2347/2328/1882 2346/2327/1882
f 2332/2313/1883 2333/2314/1883 2348/2329/1883 2347/2328/1883
f 2333/2314/1884 2334/2315/1884 2349/2330/1884 2348/2329/1884
f 2334/2315/1885 2335/2316/1885 2350/2331/1885 2349/2330/1885
f 2335/2316/1886 2336/2317/1886 2351/2332/1886 2350/2331/1886
f 2336/2317/1887 2337/2318/1887 2352/2333/1887 2351/2332/1887
f 2337/2318/1888 2338/2319/1888 2353/2334/1888 2352/2333/1888
f 2338/2319/1889 2339/2320/1889 2354/2335/1889 2353/2334/1889
f 2339/2320/1890 2340/2321/1890 2355/2336/1890 2354/2335/1890
f 2340/2321/1891 2341/2322/1891 2356/2337/1891 2355/2336/1891
f 2342/2324/1892 2343/2323/1892 2358/2338/1892 2357/2339/1892
f 2343/2323/1893 2344/2325/1893 2359/2340/1893 2358/2338/1893
f 2344/2325/1894 2345/2326/1894 2360/2341/1894 2359/2340/1894
f 2345/2326/1895 2346/2327/1895 2361/2342/1895 2360/2341/1895
f 2346/2327/1896 2347/2328/1896 2362/2343/1896 2361/2342/1896
f 2347/2328/1897 2348/2329/1897 2363/2344/1897 2362/2343/1897
f 2348/2329/1898 2349/2330/1898 2364/2345/1898 2363/2344/1898
f 2349/2330/1899 2350/2331/1899 2365/2346/1899 2364/2345/1899
f 2350/2331/1900 2351/2332/1900 2366/2347/1900 2365/2346/1900
f 2351/2332/1901 2352/2333/1901 2367/2348/1901 2366/2347/1901
f 2352/2333/1902 2353/2334/1902 2368/2349/1902 2367/2348/1902
f 2353/2334/1903 2354/2335/1903 2369/2350/1903 2368/2349/1903
f 2354/2335/1904 2355/2336/1904 2370/2351/1904 2369/2350/1904
f 2355/2336/1905 2356/2337/1905 2371/2352/1905 2370/2351/1905
f 2357/2339/1906 2358/2338/1906 2373/2353/1906 2372/2354/1906
f 2358/2338/1907 2359/2340/1907 2374/2355/1907 2373/2353/1907
f 2359/2340/1908 2360/2341/1908 2375/2356/1908 2374/2355/1908
f 2360/2341/1909 2361/2342/1909 2376/2357/1909 2375/2356/1909
f 2361/2342/1910 2362/2343/1910 2377/2358/1910 2376/2357/1910
f 2362/2343/1911 2363/2344/1911 2378/2359/1911 2377/2358/1911
f 2363/2344/1912 2364/2345/1912 2379/2360/1912 2378/2359/1912
f 2364/2345/1913 2365/2346/1913 2380/2361/1913 2379/2360/1913
f 2365/2346/1914 2366/2347/1914 2381/2362/1914 2380/2361/1914
f 2366/2347/1915 2367/2348/1915 2382/2363/1915 2381/2362/1915
f 2367/2348/1916 2368/2349/1916 2383/2364/1916 2382/2363/1916
f 2368/2349/1917 2369/2350/1917 2384/2365/1917 2383/2364/1917
f 2369/2350/1918 2370/2351/1918 2385/2366/1918 2384/2365/1918
f 2370/2351/1919 2371/2352/1919 2386/2367/1919 2385/2366/1919
f 2372/2354/1920 2373/2353/1920 2388/2368/1920 2387/2369/1920
f 2373/2353/1921 2374/2355/1921 2389/2370/1921 2388/2368/1921
f 2374/2355/1922 2375/2356/1922 2390/2371/1922 2389/2370/1922
f 2375/2356/1923 2376/2357/1923 2391/2372/1923 2390/2371/1923
f 2376/2357/1924 2377/2358/1924 2392/2373/1924 2391/2372/1924
f 2377/2358/1925 2378/2359/1925 2393/2374/1925 2392/2373/1925
f 2378/2359/1926 2379/2360/1926 2394/2375/1926 2393/2374/1926
f 2379/2360/1927 2380/2361/1927 2395/2376/1927 2394/2375/1927
f 2380/2361/1928 2381/2362/1928 2396/2377/1928 2395/2376/1928
f 2381/2362/1929 2382/2363/1929 2397/2378/1929 2396/2377/1929
f 2382/2363/1930 2383/2364/1930 2398/2379/1930 2397/2378/1930
f 2383/2364/1931 2384/2365/1931 2399/2380/1931 2398/2379/1931
f 2384/2365/1932 2385/2366/1932 2400/2381/1932 2399/2380/1932
f 2385/2366/1933 2386/2367/1933 2401/2382/1933 2400/2381/1933
f 2387/2369/1934 2388/2368/1934 2403/2383/1934 2402/2384/1934
f 2388/2368/1935 2389/2370/1935 2404/2385/1935 2403/2383/1935
f 2389/2370/1936 2390/2371/1936 2405/2386/1936 2404/2385/1936
f 2390/2371/1937 2391/2372/1937 2406/2387/1937 2405/2386/1937
f 2391/2372/1938 2392/2373/1938 2407/2388/1938 2406/2387/1938
f 2392/2373/1939 2393/2374/1939 2408/2389/1939 2407/2388/1939
f 2393/2374/1940 2394/2375/1940 2409/2390/1940 2408/2389/1940
f 2394/2375/1941 2395/2376/1941 2410/2391/1941 2409/2390/1941
f 2395/2376/1942 2396/2377/1942 2411/2392/1942 2410/2391/1942
f 2396/2377/1943 2397/2378/1943 2412/2393/1943 2411/2392/1943
f 2397/2378/1944 2398/2379/1944 2413/2394/1944 2412/2393/1944
f 2398/2379/1945 2399/2380/1945 2414/2395/1945 2413/2394/1945
f 2399/2380/1946 2400/2381/1946 2415/2396/1946 2414/2395/1946
f 2400/2381/1947 2401/2382/1947 2416/2397/1947 2415/2396/1947
f 2402/2384/1948 2403/2383/1948 2418/2398/1948 2417/2399/1948
f 2403/2383/1949 2404/2385/1949 2419/2400/1949 2418/2398/1949
f 2404/2385/1950 2405/2386/1950 2420/2401/1950 2419/2400/1950
f 2405/2386/1951 2406/2387/1951 2421/2402/1951 2420/2401/1951
f 2406/2387/1952 2407/2388/1952 2422/2403/1952 2421/2402/1952
f 2407/2388/1953 2408/2389/1953 2423/2404/1953 2422/2403/1953
f 2408/2389/1954 2409/2390/1954 2424/2405/1954 2423/2404/1954
f 2409/2390/1955 2410/2391/1955 2425/2406/1955 2424/2405/1955
f 2410/2391/1956 2411/2392/1956 2426/2407/1956 2425/2406/1956
f 2411/2392/1957 2412/2393/1957 2427/2408/1957 2426/2407/1957
f 2412/2393/1958 2413/2394/1958 2428/2409/1958 2427/2408/1958
f 2413/2394/1959 2414/2395/1959 2429/2410/1959 2428/2409/1959
f 2414/2395/1960 2415/2396/1960 2430/2411/1960 2429/2410/1960
f 2415/2396/1961 2416/2397/1961 2431/2412/1961 2430/2411/1961
f 2417/2399/1962 2418/2398/1962 2433/2413/1962 2432/2414/1962
f 2418/2398/1963 2419/2400/1963 2434/2415/1963 2433/2413/1963
f 2419/2400/1964 2420/2401/1964 2435/2416/1964 2434/2415/1964
f 2420/2401/1965 2421/2402/1965 2436/2417/1965 2435/2416/1965
f 2421/2402/1966 2422/2403/1966 2437/2418/1966 2436/2417/1966
f 2422/2403/1967 2423/2404/1967 2438/2419/1967 2437/2418/1967
f 2423/2404/1968 2424/2405/1968 2439/2420/1968 2438/2419/1968
f 2424/2405/1969 2425/2406/1969 2440/2421/1969 2439/2420/1969
f 2425/2406/1970 2426/2407/1970 2441/2422/1970 2440/2421/1970
f 2426/2407/1971 2427/2408/1971 2442/2423/1971 2441/2422/1971
f 2427/2408/1972 2428/2409/1972 2443/2424/1972 2442/2423/1972
f 2428/2409/1973 2429/2410/1973 2444/2425/1973 2443/2424/1973
f 2429/2410/1974 2430/2411/1974 2445/2426/1974 2444/2425/1974
f 2430/2411/1975 2431/2412/1975 2446/2427/1975 2445/2426/1975
f 2432/2414/1976 2433/2413/1976 2448/2428/1976 2447/2429/1976
f 2433/2413/1977 2434/2415/1977 2449/2430/1977 2448/2428/1977
f 2434/2415/1978 2435/2416/1978 2450/2431/1978 2449/2430/1978
f 2435/2416/1979 2436/2417/1979 2451/2432/1979 2450/2431/1979
f 2436/2417/1980 2437/2418/1980 2452/2433/1980 2451/2432/1980
f 2437/2418/1981 2438/2419/1981 2453/2434/1981 2452/2433/1981
f 2438/2419/1982 2439/2420/1982 2454/2435/1982 2453/2434/1982
f 2439/2420/1983 2440/2421/1983 2455/2436/1983 2454/2435/1983
f 2440/2421/1984 2441/2422/1984 2456/2437/1984 2455/2436/1984
f 2441/2422/1985 2442/2423/1985 2457/2438/1985 2456/2437/1985
f 2442/2423/1986 2443/2424/1986 2458/2439/1986 2457/2438/1986
f 2443/2424/1987 2444/2425/1987 2459/2440/1987 2458/2439/1987
f 2444/2425/1988 2445/2426/1988 2460/2441/1988 2459/2440/1988
f 2445/2426/1989 2446/2427/1989 2461/2442/1989 2460/2441/1989
f 8/2443/1990 212/2444/1990 2237/2218/1990 31/2445/1990
f 212/2444/1991 213/2446/1991 2238/2219/1991 2237/2218/1991
f 213/2446/1992 214/2447/1992 2239/2222/1992 2238/2219/1992
f 214/2447/1993 215/2448/1993 2240/2224/1993 2239/2222/1993
f 215/2448/1994 216/2449/1994 2241/2226/1994 2240/2224/1994
f 216/2449/1995 217/2450/1995 2242/2228/1995 2241/2226/1995
f 217/2450/1996 218/2451/1996 2243/2230/1996 2242/2228/1996
f 218/2451/1997 219/2452/1997 2244/2232/1997 2243/2230/1997
f 219/2452/1998 220/2453/1998 2245/2234/1998 2244/2232/1998
f 220/2453/1999 221/2454/1999 2246/2236/1999 2245/2234/1999
f 221/2454/2000 222/2455/2000 2247/2238/2000 2246/2236/2000
f 222/2455/2001 223/2456/2001 2248/2240/2001 2247/2238/2001
f 223/2456/2002 224/2457/2002 2249/2242/2002 2248/2240/2002
f 224/2457/2003 225/2458/2003 2250/2244/2003 2249/2242/2003
f 225/2458/2004 226/2459/2004 2251/2246/2004 2250/2244/2004
f 226/2459/2005 10/2460/2005 287/2461/2005 2251/2246/2005
f 2251/2246/2006 287/2461/2006 288/2462/2006 2266/2247/2006
f 2266/2247/2007 288/2462/2007 289/2463/2007 2281/2262/2007
f 2281/2262/2008 289/2463/2008 290/2464/2008 2296/2277/2008
f 2296/2277/2009 290/2464/2009 291/2465/2009 2311/2292/2009
f 2311/2292/2010 291/2465/2010 292/2466/2010 2326/2307/2010
f 2326/2307/2011 292/2466/2011 293/2467/2011 2341/2322/2011
f 2341/2322/2012 293/2467/2012 294/2468/2012 2356/2337/2012
f 2356/2337/2013 294/2468/2013 295/2469/2013 2371/2352/2013
f 2371/2352/2014 295/2469/2014 296/2470/2014 2386/2367/2014
f 2386/2367/2015 296/2470/2015 297/2471/2015 2401/2382/2015
f 2401/2382/2016 297/2471/2016 298/2472/2016 2416/2397/2016
f 2416/2397/2017 298/2472/2017 299/2473/2017 2431/2412/2017
f 2431/2412/2018 299/2473/2018 300/2474/2018 2446/2427/2018
f 2446/2427/2019 300/2474/2019 301/2475/2019 2461/2442/2019
f 2461/2442/2020 301/2475/2020 12/1912/2020 92/1911/2020
f 2460/2441/2021 2461/2442/2021 92/1911/2021 93/1910/2021
f 2459/2440/2022 2460/2441/2022 93/1910/2022 94/1909/2022
f 2458/2439/2023 2459/2440/2023 94/1909/2023 95/1908/2023
f 2457/2438/2024 2458/2439/2024 95/1908/2024 96/1907/2024
f 2456/2437/2025 2457/2438/2025 96/1907/2025 97/1906/2025
f 2455/2436/2026 2456/2437/2026 97/1906/2026 98/1905/2026
f 2454/2435/2027 2455/2436/2027 98/1905/2027 99/1904/2027
f 2453/2434/2028 2454/2435/2028 99/1904/2028 100/1903/2028
f 2452/2433/2029 2453/2434/2029 100/1903/2029 101/1902/2029
f 2451/2432/2030 2452/2433/2030 101/1902/2030 102/1901/2030
f 2450/2431/2031 2451/2432/2031 102/1901/2031 103/1900/2031
f 2449/2430/2032 2450/2431/2032 103/1900/2032 104/1899/2032
f 2448/2428/2033 2449/2430/2033 104/1899/2033 105/1898/2033
f 2447/2429/2034 2448/2428/2034 105/1898/2034 106/1896/2034
f 17/2476/2035 2447/2429/2035 106/1896/2035 6/1895/2035
f 18/2477/2036 2432/2414/2036 2447/2429/2036 17/2476/2036
f 19/2478/2037 2417/2399/2037 2432/2414/2037 18/2477/2037
f 20/2479/2038 2402/2384/2038 2417/2399/2038 19/2478/2038
f 21/2480/2039 2387/2369/2039 2402/2384/2039 20/2479/2039
f 22/2481/2040 2372/2354/2040 2387/2369/2040 21/2480/2040
f 23/2482/2041 2357/2339/2041 2372/2354/2041 22/2481/2041
f 24/2483/2042 2342/2324/2042 2357/2339/2042 23/2482/2042
f 25/2484/2043 2327/2309/2043 2342/2324/2043 24/2483/2043
f 26/2485/2044 2312/2294/2044 2327/2309/2044 25/2484/2044
f 27/2486/2045 2297/2279/2045 2312/2294/2045 26/2485/2045
f 28/2487/2046 2282/2264/2046 2297/2279/2046 27/2486/2046
f 29/2488/2047 2267/2249/2047 2282/2264/2047 28/2487/2047
f 30/2489/2048 2252/2221/2048 2267/2249/2048 29/2488/2048
f 31/2445/2049 2237/2218/2049 2252/2221/2049 30/2489/2049
f 2462/2490/2050 2463/2491/2050 2478/2492/2050 2477/2493/2050
f 2463/2491/2051 2464/2494/2051 2479/2495/2051 2478/2492/2051
f 2464/2494/2052 2465/2496/2052 2480/2497/2052 2479/2495/2052
f 2465/2496/2053 2466/2498/2053 2481/2499/2053 2480/2497/2053
f 2466/2498/2054 2467/2500/2054 2482/2501/2054 2481/2499/2054
f 2467/2500/2055 2468/2502/2055 2483/2503/2055 2482/2501/2055
f 2468/2502/2056 2469/2504/2056 2484/2505/2056 2483/2503/2056
f 2469/2504/2057 2470/2506/2057 2485/2507/2057 2484/2505/2057
f 2470/2506/2058 2471/2508/2058 2486/2509/2058 2485/2507/2058
f 2471/2508/2059 2472/2510/2059 2487/2511/2059 2486/2509/2059
f 2472/2510/2060 2473/2512/2060 2488/2513/2060 2487/2511/2060
f 2473/2512/2061 2474/2514/2061 2489/2515/2061 2488/2513/2061
f 2474/2514/2062 2475/2516/2062 2490/2517/2062 2489/2515/2062
f 2475/2516/2063 2476/2518/2063 2491/2519/2063 2490/2517/2063
f 2477/2493/2064 2478/2492/2064 2493/2520/2064 2492/2521/2064
f 2478/2492/2065 2479/2495/2065 2494/2522/2065 2493/2520/2065
f 2479/2495/2066 2480/2497/2066 2495/2523/2066 2494/2522/2066
f 2480/2497/2067 2481/2499/2067 2496/2524/2067 2495/2523/2067
f 2481/2499/2068 2482/2501/2068 2497/2525/2068 2496/2524/2068
f 2482/2501/2069 2483/2503/2069 2498/2526/2069 2497/2525/2069
f 2483/2503/2070 2484/2505/2070 2499/2527/2070 2498/2526/2070
f 2484/2505/2071 2485/2507/2071 2500/2528/2071 2499/2527/2071
f 2485/2507/2072 2486/2509/2072 2501/2529/2072 2500/2528/2072
f 2486/2509/2073 2487/2511/2073 2502/2530/2073 2501/2529/2073
f 2487/2511/2074 2488/2513/2074 2503/2531/2074 2502/2530/2074
f 2488/2513/2075 2489/2515/2075 2504/2532/2075 2503/2531/2075
f 2489/2515/2076 2490/2517/2076 2505/2533/2076 2504/2532/2076
f 2490/2517/2077 2491/2519/2077 2506/2534/2077 2505/2533/2077
f 2492/2521/2078 2493/2520/2078 2508/2535/2078 2507/2536/2078
f 2493/2520/2079 2494/2522/2079 2509/2537/2079 2508/2535/2079
f 2494/2522/2080 2495/2523/2080 2510/2538/2080 2509/2537/2080
f 2495/2523/2081 2496/2524/2081 2511/2539/2081 2510/2538/2081
f 2496/2524/2082 2497/2525/2082 2512/2540/2082 2511/2539/2082
f 2497/2525/2083 2498/2526/2083 2513/2541/2083 2512/2540/2083
f 2498/2526/2084 2499/2527/2084 2514/2542/2084 2513/2541/2084
f 2499/2527/2085 2500/2528/2085 2515/2543/2085 2514/2542/2085
f 2500/2528/2086 2501/2529/2086 2516/2544/2086 2515/2543/2086
f 2501/2529/2087 2502/2530/2087 2517/2545/2087 2516/2544/2087
f 2502/2530/2088 2503/2531/2088 2518/2546/2088 2517/2545/2088
f 2503/2531/2089 2504/2532/2089 2519/2547/2089 2518/2546/2089
f 2504/2532/2090 2505/2533/2090 2520/2548/2090 2519/2547/2090
f 2505/2533/2091 2506/2534/2091 2521/2549/2091 2520/2548/2091
f 2507/2536/2092 2508/2535/2092 2523/2550/2092 2522/2551/2092
f 2508/2535/2093 2509/2537/2093 2524/2552/2093 2523/2550/2093
f 2509/2537/2094 2510/2538/2094 2525/2553/2094 2524/2552/2094
f 2510/2538/2095 2511/2539/2095 2526/2554/2095 2525/2553/2095
f 2511/2539/2096 2512/2540/2096 2527/2555/2096 2526/2554/2096
f 2512/2540/2097 2513/2541/2097 2528/2556/2097 2527/2555/2097
f 2513/2541/2098 2514/2542/2098 2529/2557/2098 2528/2556/2098
f 2514/2542/2099 2515/2543/2099 2530/2558/2099 2529/2557/2099
f 2515/2543/2100 2516/2544/2100 2531/2559/2100 2530/2558/2100
f 2516/2544/2101 2517/2545/2101 2532/2560/2101 2531/2559/2101
f 2517/2545/2102 2518/2546/2102 2533/2561/2102 2532/2560/2102
f 2518/2546/2103 2519/2547/2103 2534/2562/2103 2533/2561/2103
f 2519/2547/2104 2520/2548/2104 2535/2563/2104 2534/2562/2104
f 2520/2548/2105 2521/2549/2105 2536/2564/2105 2535/2563/2105
f 2522/2551/2106 2523/2550/2106 2538/2565/2106 2537/2566/2106
f 2523/2550/2107 2524/2552/2107 2539/2567/2107 2538/2565/2107
f 2524/2552/2108 2525/2553/2108 2540/2568/2108 2539/2567/2108
f 2525/2553/2109 2526/2554/2109 2541/2569/2109 2540/2568/2109
f 2526/2554/2110 2527/2555/2110 2542/2570/2110 2541/2569/2110
f 2527/2555/2111 2528/2556/2111 2543/2571/2111 2542/2570/2111
f 2528/2556/2112 2529/2557/2112 2544/2572/2112 2543/2571/2112
f 2529/2557/2113 2530/2558/2113 2545/2573/2113 2544/2572/2113
f 2530/2558/2114 2531/2559/2114 2546/2574/2114 2545/2573/2114
f 2531/2559/2115 2532/2560/2115 2547/2575/2115 2546/2574/2115
f 2532/2560/2116 2533/2561/2116 2548/2576/2116 2547/2575/2116
f 2533/2561/2117 2534/2562/2117 2549/2577/2117 2548/2576/2117
f 2534/2562/2118 2535/2563/2118 2550/2578/2118 2549/2577/2118
f 2535/2563/2119 2536/2564/2119 2551/2579/2119 2550/2578/2119
f 2537/2566/2120 2538/2565/2120 2553/2580/2120 2552/2581/2120
f 2538/2565/2121 2539/2567/2121 2554/2582/2121 2553/2580/2121
f 2539/2567/2122 2540/2568/2122 2555/2583/2122 2554/2582/2122
f 2540/2568/2123 2541/2569/2123 2556/2584/2123 2555/2583/2123
f 2541/2569/2124 2542/2570/2124 2557/2585/2124 2556/2584/2124
f 2542/2570/2125 2543/2571/2125 2558/2586/2125 2557/2585/2125
f 2543/2571/2126 2544/2572/2126 2559/2587/2126 2558/2586/2126
f 2544/2572/2127 2545/2573/2127 2560/2588/2127 2559/2587/2127
f 2545/2573/2128 2546/2574/2128 2561/2589/2128 2560/2588/2128
f 2546/2574/2129 2547/2575/2129 2562/2590/2129 2561/2589/2129
f 2547/2575/2130 2548/2576/2130 2563/2591/2130 2562/2590/2130
f 2548/2576/2131 2549/2577/2131 2564/2592/2131 2563/2591/2131
f 2549/2577/2132 2550/2578/2132 2565/2593/2132 2564/2592/2132
f 2550/2578/2133 2551/2579/2133 2566/2594/2133 2565/2593/2133
f 2552/2581/2134 2553/2580/2134 2568/2595/2134 2567/2596/2134
f 2553/2580/2135 2554/2582/2135 2569/2597/2135 2568/2595/2135
f 2554/2582/2136 2555/2583/2136 2570/2598/2136 2569/2597/2136
f 2555/2583/2137 2556/2584/2137 2571/2599/2137 2570/2598/2137
f 2556/2584/2138 2557/2585/2138 2572/2600/2138 2571/2599/2138
f 2557/2585/2139 2558/2586/2139 2573/2601/2139 2572/2600/2139
f 2558/2586/2140 2559/2587/2140 2574/2602/2140 2573/2601/2140
f 2559/2587/2141 2560/2588/2141 2575/2603/2141 2574/2602/2141
f 2560/2588/2142 2561/2589/2142 2576/2604/2142 2575/2603/2142
f 2561/2589/2143 2562/2590/2143 2577/2605/2143 2576/2604/2143
f 2562/2590/2144 2563/2591/2144 2578/2606/2144 2577/2605/2144
f 2563/2591/2145 2564/2592/2145 2579/2607/2145 2578/2606/2145
f 2564/2592/2146 2565/2593/2146 2580/2608/2146 2579/2607/2146
f 2565/2593/2147 2566/2594/2147 2581/2609/2147 2580/2608/2147
f 2567/2596/2148 2568/2595/2148 2583/2610/2148 2582/2611/2148
f 2568/2595/2149 2569/2597/2149 2584/2612/2149 2583/2610/2149
f 2569/2597/2150 2570/2598/2150 2585/2613/2150 2584/2612/2150
f 2570/2598/2151 2571/2599/2151 2586/2614/2151 2585/2613/2151
f 2571/2599/2152 2572/2600/2152 2587/2615/2152 2586/2614/2152
f 2572/2600/2153 2573/2601/2153 2588/2616/2153 2587/2615/2153
f 2573/2601/2154 2574/2602/2154 2589/2617/2154 2588/2616/2154
f 2574/2602/2155 2575/2603/2155 2590/2618/2155 2589/2617/2155
f 2575/2603/2156 2576/2604/2156 2591/2619/2156 2590/2618/2156
f 2576/2604/2157 2577/2605/2157 2592/2620/2157 2591/2619/2157
f 2577/2605/2158 2578/2606/2158 2593/2621/2158 2592/2620/2158
f 2578/2606/2159 2579/2607/2159 2594/2622/2159 2593/2621/2159
f 2579/2607/2160 2580/2608/2160 2595/2623/2160 2594/2622/2160
f 2580/2608/2161 2581/2609/2161 2596/2624/2161 2595/2623/2161
f 2582/2611/2162 2583/2610/2162 2598/2625/2162 2597/2626/2162
f 2583/2610/2163 2584/2612/2163 2599/2627/2163 2598/2625/2163
f 2584/2612/2164 2585/2613/2164 2600/2628/2164 2599/2627/2164
f 2585/2613/2165 2586/2614/2165 2601/2629/2165 2600/2628/2165
f 2586/2614/2166 2587/2615/2166 2602/2630/2166 2601/2629/2166
f 2587/2615/2167 2588/2616/2167 2603/2631/2167 2602/2630/2167
f 2588/2616/2168 2589/2617/2168 2604/2632/2168 2603/2631/2168
f 2589/2617/2169 2590/2618/2169 2605/2633/2169 2604/2632/2169
f 2590/2618/2170 2591/2619/2170 2606/2634/2170 2605/2633/2170
f 2591/2619/2171 2592/2620/2171 2607/2635/2171 2606/2634/2171
f 2592/2620/2172 2593/2621/2172 2608/2636/2172 2607/2635/2172
f 2593/2621/2173 2594/2622/2173 2609/2637/2173 2608/2636/2173
f 2594/2622/2174 2595/2623/2174 2610/2638/2174 2609/2637/2174
f 2595/2623/2175 2596/2624/2175 2611/2639/2175 2610/2638/2175
f 2597/2626/2176 2598/2625/2176 2613/2640/2176 2612/2641/2176
f 2598/2625/2177 2599/2627/2177 2614/2642/2177 2613/2640/2177
f 2599/2627/2178 2600/2628/2178 2615/2643/2178 2614/2642/2178
f 2600/2628/2179 2601/2629/2179 2616/2644/2179 2615/2643/2179
f 2601/2629/2180 2602/2630/2180 2617/2645/2180 2616/2644/2180
f 2602/2630/2181 2603/2631/2181 2618/2646/2181 2617/2645/2181
f 2603/2631/2182 2604/2632/2182 2619/2647/2182 2618/2646/2182
f 2604/2632/2183 2605/2633/2183 2620/2648/2183 2619/2647/2183
f 2605/2633/2184 2606/2634/2184 2621/2649/2184 2620/2648/2184
f 2606/2634/2185 2607/2635/2185 2622/2650/2185 2621/2649/2185
f 2607/2635/2186 2608/2636/2186 2623/2651/2186 2622/2650/2186
f 2608/2636/2187 2609/2637/2187 2624/2652/2187 2623/2651/2187
f 2609/2637/2188 2610/2638/2188 2625/2653/2188 2624/2652/2188
f 2610/2638/2189 2611/2639/2189 2626/2654/2189 2625/2653/2189
f 2612/2641/2190 2613/2640/2190 2628/2655/2190 2627/2656/2190
f 2613/2640/2191 2614/2642/2191 2629/2657/2191 2628/2655/2191
f 2614/2642/2192 2615/2643/2192 2630/2658/2192 2629/2657/2192
f 2615/2643/2193 2616/2644/2193 2631/2659/2193 2630/2658/2193
f 2616/2644/2194 2617/2645/2194 2632/2660/2194 2631/2659/2194
f 2617/2645/2195 2618/2646/2195 2633/2661/2195 2632/2660/2195
f 2618/2646/2196 2619/2647/2196 2634/2662/2196 2633/2661/2196
f 2619/2647/2197 2620/2648/2197 2635/2663/2197 2634/2662/2197
f 2620/2648/2198 2621/2649/2198 2636/2664/2198 2635/2663/2198
f 2621/2649/2199 2622/2650/2199 2637/2665/2199 2636/2664/2199
f 2622/2650/2200 2623/2651/2200 2638/2666/2200 2637/2665/2200
f 2623/2651/2201 2624/2652/2201 2639/2667/2201 2638/2666/2201
f 2624/2652/2202 2625/2653/2202 2640/2668/2202 2639/2667/2202
f 2625/2653/2203 2626/2654/2203 2641/2669/2203 2640/2668/2203
f 2627/2656/2204 2628/2655/2204 2643/2670/2204 2642/2671/2204
f 2628/2655/2205 2629/2657/2205 2644/2672/2205 2643/2670/2205
f 2629/2657/2206 2630/2658/2206 2645/2673/2206 2644/2672/2206
f 2630/2658/2207 2631/2659/2207 2646/2674/2207 2645/2673/2207
f 2631/2659/2208 2632/2660/2208 2647/2675/2208 2646/2674/2208
f 2632/2660/2209 2633/2661/2209 2648/2676/2209 2647/2675/2209
f 2633/2661/2210 2634/2662/2210 2649/2677/2210 2648/2676/2210
f 2634/2662/2211 2635/2663/2211 2650/2678/2211 2649/2677/2211
f 2635/2663/2212 2636/2664/2212 2651/2679/2212 2650/2678/2212
f 2636/2664/2213 2637/2665/2213 2652/2680/2213 2651/2679/2213
f 2637/2665/2214 2638/2666/2214 2653/2681/2214 2652/2680/2214
f 2638/2666/2215 2639/2667/2215 2654/2682/2215 2653/2681/2215
f 2639/2667/2216 2640/2668/2216 2655/2683/2216 2654/2682/2216
f 2640/2668/2217 2641/2669/2217 2656/2684/2217 2655/2683/2217
f 2642/2671/2218 2643/2670/2218 2658/2685/2218 2657/2686/2218
f 2643/2670/2219 2644/2672/2219 2659/2687/2219 2658/2685/2219
f 2644/2672/2220 2645/2673/2220 2660/2688/2220 2659/2687/2220
f 2645/2673/2221 2646/2674/2221 2661/2689/2221 2660/2688/2221
f 2646/2674/2222 2647/2675/2222 2662/2690/2222 2661/2689/2222
f 2647/2675/2223 2648/2676/2223 2663/2691/2223 2662/2690/2223
f 2648/2676/2224 2649/2677/2224 2664/2692/2224 2663/2691/2224
f 2649/2677/2225 2650/2678/2225 2665/2693/2225 2664/2692/2225
f 2650/2678/2226 2651/2679/2226 2666/2694/2226 2665/2693/2226
f 2651/2679/2227 2652/2680/2227 2667/2695/2227 2666/2694/2227
f 2652/2680/2228 2653/2681/2228 2668/2696/2228 2667/2695/2228
f 2653/2681/2229 2654/2682/2229 2669/2697/2229 2668/2696/2229
f 2654/2682/2230 2655/2683/2230 2670/2698/2230 2669/2697/2230
f 2655/2683/2231 2656/2684/2231 2671/2699/2231 2670/2698/2231
f 2657/2686/2232 2658/2685/2232 2673/2700/2232 2672/2701/2232
f 2658/2685/2233 2659/2687/2233 2674/2702/2233 2673/2700/2233
f 2659/2687/2234 2660/2688/2234 2675/2703/2234 2674/2702/2234
f 2660/2688/2235 2661/2689/2235 2676/2704/2235 2675/2703/2235
f 2661/2689/2236 2662/2690/2236 2677/2705/2236 2676/2704/2236
f 2662/2690/2237 2663/2691/2237 2678/2706/2237 2677/2705/2237
f 2663/2691/2238 2664/2692/2238 2679/2707/2238 2678/2706/2238
f 2664/2692/2239 2665/2693/2239 2680/2708/2239 2679/2707/2239
f 2665/2693/2240 2666/2694/2240 2681/2709/2240 2680/2708/2240
f 2666/2694/2241 2667/2695/2241 2682/2710/2241 2681/2709/2241
f 2667/2695/2242 2668/2696/2242 2683/2711/2242 2682/2710/2242
f 2668/2696/2243 2669/2697/2243 2684/2712/2243 2683/2711/2243
f 2669/2697/2244 2670/2698/2244 2685/2713/2244 2684/2712/2244
f 2670/2698/2245 2671/2699/2245 2686/2714/2245 2685/2713/2245
f 4/2217/2246 91/2215/2246 2462/2490/2246 151/2715/2246
f 91/2215/2247 90/2214/2247 2463/2491/2247 2462/2490/2247
f 90/2214/2248 89/2213/2248 2464/2494/2248 2463/2491/2248
f 89/2213/2249 88/2212/2249 2465/2496/2249 2464/2494/2249
f 88/2212/2250 87/2211/2250 2466/2498/2250 2465/2496/2250
f 87/2211/2251 86/2210/2251 2467/2500/2251 2466/2498/2251
f 86/2210/2252 85/2209/2252 2468/2502/2252 2467/2500/2252
f 85/2209/2253 84/2208/2253 2469/2504/2253 2468/2502/2253
f 84/2208/2254 83/2207/2254 2470/2506/2254 2469/2504/2254
f 83/2207/2255 82/2206/2255 2471/2508/2255 2470/2506/2255
f 82/2206/2256 81/2205/2256 2472/2510/2256 2471/2508/2256
f 81/2205/2257 80/2204/2257 2473/2512/2257 2472/2510/2257
f 80/2204/2258 79/2203/2258 2474/2514/2258 2473/2512/2258
f 79/2203/2259 78/2202/2259 2475/2516/2259 2474/2514/2259
f 78/2202/2260 77/2201/2260 2476/2518/2260 2475/2516/2260
f 77/2201/2261 11/2200/2261 302/2716/2261 2476/2518/2261
f 2476/2518/2262 302/2716/2262 303/2717/2262 2491/2519/2262
f 2491/2519/2263 303/2717/2263 304/2718/2263 2506/2534/2263
f 2506/2534/2264 304/2718/2264 305/2719/2264 2521/2549/2264
f 2521/2549/2265 305/2719/2265 306/2720/2265 2536/2564/2265
f 2536/2564/2266 306/2720/2266 307/2721/2266 2551/2579/2266
f 2551/2579/2267 307/2721/2267 308/2722/2267 2566/2594/2267
f 2566/2594/2268 308/2722/2268 309/2723/2268 2581/2609/2268
f 2581/2609/2269 309/2723/2269 310/2724/2269 2596/2624/2269
f 2596/2624/2270 310/2724/2270 311/2725/2270 2611/2639/2270
f 2611/2639/2271 311/2725/2271 312/2726/2271 2626/2654/2271
f 2626/2654/2272 312/2726/2272 313/2727/2272 2641/2669/2272
f 2641/2669/2273 313/2727/2273 314/2728/2273 2656/2684/2273
f 2656/2684/2274 314/2728/2274 315/2729/2274 2671/2699/2274
f 2671/2699/2275 315/2729/2275 316/2730/2275 2686/2714/2275
f 2686/2714/2276 316/2730/2276 10/2731/2276 226/2732/2276
f 2685/2713/2277 2686/2714/2277 226/2732/2277 225/2733/2277
f 2684/2712/2278 2685/2713/2278 225/2733/2278 224/2734/2278
f 2683/2711/2279 2684/2712/2279 224/2734/2279 223/2735/2279
f 2682/2710/2280 2683/2711/2280 223/2735/2280 222/2736/2280
f 2681/2709/2281 2682/2710/2281 222/2736/2281 221/2737/2281
f 2680/2708/2282 2681/2709/2282 221/2737/2282 220/2738/2282
f 2679/2707/2283 2680/2708/2283 220/2738/2283 219/2739/2283
f 2678/2706/2284 2679/2707/2284 219/2739/2284 218/2740/2284
f 2677/2705/2285 2678/2706/2285 218/2740/2285 217/2741/2285
f 2676/2704/2286 2677/2705/2286 217/2741/2286 216/2742/2286
f 2675/2703/2287 2676/2704/2287 216/2742/2287 215/2743/2287
f 2674/2702/2288 2675/2703/2288 215/2743/2288 214/2744/2288
f 2673/2700/2289 2674/2702/2289 214/2744/2289 213/2745/2289
f 2672/2701/2290 2673/2700/2290 213/2745/2290 212/2746/2290
f 137/2747/2291 2672/2701/2291 212/2746/2291 8/2748/2291
f 138/2749/2292 2657/2686/2292 2672/2701/2292 137/2747/2292
f 139/2750/2293 2642/2671/2293 2657/2686/2293 138/2749/2293
f 140/2751/2294 2627/2656/2294 2642/2671/2294 139/2750/2294
f 141/2752/2295 2612/2641/2295 2627/2656/2295 140/2751/2295
f 142/2753/2296 2597/2626/2296 2612/2641/2296 141/2752/2296
f 143/2754/2297 2582/2611/2297 2597/2626/2297 142/2753/2297
f 144/2755/2298 2567/2596/2298 2582/2611/2298 143/2754/2298
f 145/2756/2299 2552/2581/2299 2567/2596/2299 144/2755/2299
f 146/2757/2300 2537/2566/2300 2552/2581/2300 145/2756/2300
f 147/2758/2301 2522/2551/2301 2537/2566/2301 146/2757/2301
f 148/2759/2302 2507/2536/2302 2522/2551/2302 147/2758/2302
f 149/2760/2303 2492/2521/2303 2507/2536/2303 148/2759/2303
f 150/2761/2304 2477/2493/2304 2492/2521/2304 149/2760/2304
f 151/2715/2305 2462/2490/2305 2477/2493/2305 150/2761/2305
f 2687/2762/2306 2688/2763/2306 2703/2764/2306 2702/2765/2306
f 2688/2763/2307 2689/2766/2307 2704/2767/2307 2703/2764/2307
f 2689/2766/2308 2690/2768/2308 2705/2769/2308 2704/2767/2308
f 2690/2768/2309 2691/2770/2309 2706/2771/2309 2705/2769/2309
f 2691/2770/2310 2692/2772/2310 2707/2773/2310 2706/2771/2310
f 2692/2772/2311 2693/2774/2311 2708/2775/2311 2707/2773/2311
f 2693/2774/2312 2694/2776/2312 2709/2777/2312 2708/2775/2312
f 2694/2776/2313 2695/2778/2313 2710/2779/2313 2709/2777/2313
f 2695/2778/2314 2696/2780/2314 2711/2781/2314 2710/2779/2314
f 2696/2780/2315 2697/2782/2315 2712/2783/2315 2711/2781/2315
f 2697/2782/2316 2698/2784/2316 2713/2785/2316 2712/2783/2316
f 2698/2784/2317 2699/2786/2317 2714/2787/2317 2713/2785/2317
f 2699/2786/2318 2700/2788/2318 2715/2789/2318 2714/2787/2318
f 2700/2788/2319 2701/2790/2319 2716/2791/2319 2715/2789/2319
f 2702/2765/2320 2703/2764/2320 2718/2792/2320 2717/2793/2320
f 2703/2764/2321 2704/2767/2321 2719/2794/2321 2718/2792/2321
f 2704/2767/2322 2705/2769/2322 2720/2795/2322 2719/2794/2322
f 2705/2769/2323 2706/2771/2323 2721/2796/2323 2720/2795/2323
f 2706/2771/2324 2707/2773/2324 2722/2797/2324 2721/2796/2324
f 2707/2773/2325 2708/2775/2325 2723/2798/2325 2722/2797/2325
f 2708/2775/2326 2709/2777/2326 2724/2799/2326 2723/2798/2326
f 2709/2777/2327 2710/2779/2327 2725/2800/2327 2724/2799/2327
f 2710/2779/2328 2711/2781/2328 2726/2801/2328 2725/2800/2328
f 2711/2781/2329 2712/2783/2329 2727/2802/2329 2726/2801/2329
f 2712/2783/2330 2713/2785/2330 2728/2803/2330 2727/2802/2330
f 2713/2785/2331 2714/2787/2331 2729/2804/2331 2728/2803/2331
f 2714/2787/2332 2715/2789/2332 2730/2805/2332 2729/2804/2332
f 2715/2789/2333 2716/2791/2333 2731/2806/2333 2730/2805/2333
f 2717/2793/2334 2718/2792/2334 2733/2807/2334 2732/2808/2334
f 2718/2792/2335 2719/2794/2335 2734/2809/2335 2733/2807/2335
f 2719/2794/2336 2720/2795/2336 2735/2810/2336 2734/2809/2336
f 2720/2795/2337 2721/2796/2337 2736/2811/2337 2735/2810/2337
f 2721/2796/2338 2722/2797/2338 2737/2812/2338 2736/2811/2338
f 2722/2797/2339 2723/2798/2339 2738/2813/2339 2737/2812/2339
f 2723/2798/2340 2724/2799/2340 2739/2814/2340 2738/2813/2340
f 2724/2799/2341 2725/2800/2341 2740/2815/2341 2739/2814/2341
f 2725/2800/2342 2726/2801/2342 2741/2816/2342 2740/2815/2342
f 2726/2801/2343 2727/2802/2343 2742/2817/2343 2741/2816/2343
f 2727/2802/2344 2728/2803/2344 2743/2818/2344 2742/2817/2344
f 2728/2803/2345 2729/2804/2345 2744/2819/2345 2743/2818/2345
f 2729/2804/2346 2730/2805/2346 2745/2820/2346 2744/2819/2346
f 2730/2805/2347 2731/2806/2347 2746/2821/2347 2745/2820/2347
f 2732/2808/2348 2733/2807/2348 2748/2822/2348 2747/2823/2348
f 2733/2807/2349 2734/2809/2349 2749/2824/2349 2748/2822/2349
f 2734/2809/2350 2735/2810/2350 2750/2825/2350 2749/2824/2350
f 2735/2810/2351 2736/2811/2351 2751/2826/2351 2750/2825/2351
f 2736/2811/2352 2737/2812/2352 2752/2827/2352 2751/2826/2352
f 2737/2812/2353 2738/2813/2353 2753/2828/2353 2752/2827/2353
f 2738/2813/2354 2739/2814/2354 2754/2829/2354 2753/2828/2354
f 2739/2814/2355 2740/2815/2355 2755/2830/2355 2754/2829/2355
f 2740/2815/2356 2741/2816/2356 2756/2831/2356 2755/2830/2356
f 2741/2816/2357 2742/2817/2357 2757/2832/2357 2756/2831/2357
f 2742/2817/2358 2743/2818/2358 2758/2833/2358 2757/2832/2358
f 2743/2818/2359 2744/2819/2359 2759/2834/2359 2758/2833/2359
f 2744/2819/2360 2745/2820/2360 2760/2835/2360 2759/2834/2360
f 2745/2820/2361 2746/2821/2361 2761/2836/2361 2760/2835/2361
f 2747/2823/2362 2748/2822/2362 2763/2837/2362 2762/2838/2362
f 2748/2822/2363 2749/2824/2363 2764/2839/2363 2763/2837/2363
f 2749/2824/2364 2750/2825/2364 2765/2840/2364 2764/2839/2364
f 2750/2825/2365 2751/2826/2365 2766/2841/2365 2765/2840/2365
f 2751/2826/2366 2752/2827/2366 2767/2842/2366 2766/2841/2366
f 2752/2827/2367 2753/2828/2367 2768/2843/2367 2767/2842/2367
f 2753/2828/2368 2754/2829/2368 2769/2844/2368 2768/2843/2368
f 2754/2829/2369 2755/2830/2369 2770/2845/2369 2769/2844/2369
f 2755/2830/2370 2756/2831/2370 2771/2846/2370 2770/2845/2370
f 2756/2831/2371 2757/2832/2371 2772/2847/2371 2771/2846/2371
f 2757/2832/2372 2758/2833/2372 2773/2848/2372 2772/2847/2372
f 2758/2833/2373 2759/2834/2373 2774/2849/2373 2773/2848/2373
f 2759/2834/2374 2760/2835/2374 2775/2850/2374 2774/2849/2374
f 2760/2835/2375 2761/2836/2375 2776/2851/2375 2775/2850/2375
f 2762/2838/2376 2763/2837/2376 2778/2852/2376 2777/2853/2376
f 2763/2837/2377 2764/2839/2377 2779/2854/2377 2778/2852/2377
f 2764/2839/2378 2765/2840/2378 2780/2855/2378 2779/2854/2378
f 2765/2840/2379 2766/2841/2379 2781/2856/2379 2780/2855/2379
f 2766/2841/2380 2767/2842/2380 2782/2857/2380 2781/2856/2380
f 2767/2842/2381 2768/2843/2381 2783/2858/2381 2782/2857/2381
f 2768/2843/2382 2769/2844/2382 2784/2859/2382 2783/2858/2382
f 2769/2844/2383 2770/2845/2383 2785/2860/2383 2784/2859/2383
f 2770/2845/2384 2771/2846/2384 2786/2861/2384 2785/2860/2384
f 2771/2846/2385 2772/2847/2385 2787/2862/2385 2786/2861/2385
f 2772/2847/2386 2773/2848/2386 2788/2863/2386 2787/2862/2386
f 2773/2848/2387 2774/2849/2387 2789/2864/2387 2788/2863/2387
f 2774/2849/2388 2775/2850/2388 2790/2865/2388 2789/2864/2388
f 2775/2850/2389 2776/2851/2389 2791/2866/2389 2790/2865/2389
f 2777/2853/2390 2778/2852/2390 2793/2867/2390 2792/2868/2390
f 2778/2852/2391 2779/2854/2391 2794/2869/2391 2793/2867/2391
f 2779/2854/2392 2780/2855/2392 2795/2870/2392 2794/2869/2392
f 2780/2855/2393 2781/2856/2393 2796/2871/2393 2795/2870/2393
f 2781/2856/2394 2782/2857/2394 2797/2872/2394 2796/2871/2394
f 2782/2857/2395 2783/2858/2395 2798/2873/2395 2797/2872/2395
f 2783/2858/2396 2784/2859/2396 2799/2874/2396 2798/2873/2396
f 2784/2859/2397 2785/2860/2397 2800/2875/2397 2799/2874/2397
f 2785/2860/2398 2786/2861/2398 2801/2876/2398 2800/2875/2398
f 2786/2861/2399 2787/2862/2399 2802/2877/2399 2801/2876/2399
f 2787/2862/2400 2788/2863/2400 2803/2878/2400 2802/2877/2400
f 2788/2863/2401 2789/2864/2401 2804/2879/2401 2803/2878/2401
f 2789/2864/2402 2790/2865/2402 2805/2880/2402 2804/2879/2402
f 2790/2865/2403 2791/2866/2403 2806/2881/2403 2805/2880/2403
f 2792/2868/2404 2793/2867/2404 2808/2882/2404 2807/2883/2404
f 2793/2867/2405 2794/2869/2405 2809/2884/2405 2808/2882/2405
f 2794/2869/2406 2795/2870/2406 2810/2885/2406 2809/2884/2406
f 2795/2870/2407 2796/2871/2407 2811/2886/2407 2810/2885/2407
f 2796/2871/2408 2797/2872/2408 2812/2887/2408 2811/2886/2408
f 2797/2872/2409 2798/2873/2409 2813/2888/2409 2812/2887/2409
f 2798/2873/2410 2799/2874/2410 2814/2889/2410 2813/2888/2410
f 2799/2874/2411 2800/2875/2411 2815/2890/2411 2814/2889/2411
f 2800/2875/2412 2801/2876/2412 2816/2891/2412 2815/2890/2412
f 2801/2876/2413 2802/2877/2413 2817/2892/2413 2816/2891/2413
f 2802/2877/2414 2803/2878/2414 2818/2893/2414 2817/2892/2414
f 2803/2878/2415 2804/2879/2415 2819/2894/2415 2818/2893/2415
f 2804/2879/2416 2805/2880/2416 2820/2895/2416 2819/2894/2416
f 2805/2880/2417 2806/2881/2417 2821/2896/2417 2820/2895/2417
f 2807/2883/2418 2808/2882/2418 2823/2897/2418 2822/2898/2418
f 2808/2882/2419 2809/2884/2419 2824/2899/2419 2823/2897/2419
f 2809/2884/2420 2810/2885/2420 2825/2900/2420 2824/2899/2420
f 2810/2885/2421 2811/2886/2421 2826/2901/2421 2825/2900/2421
f 2811/2886/2422 2812/2887/2422 2827/2902/2422 2826/2901/2422
f 2812/2887/2423 2813/2888/2423 2828/2903/2423 2827/2902/2423
f 2813/2888/2424 2814/2889/2424 2829/2904/2424 2828/2903/2424
f 2814/2889/2425 2815/2890/2425 2830/2905/2425 2829/2904/2425
f 2815/2890/2426 2816/2891/2426 2831/2906/2426 2830/2905/2426
f 2816/2891/2427 2817/2892/2427 2832/2907/2427 2831/2906/2427
f 2817/2892/2428 2818/2893/2428 2833/2908/2428 2832/2907/2428
f 2818/2893/2429 2819/2894/2429 2834/2909/2429 2833/2908/2429
f 2819/2894/2430 2820/2895/2430 2835/2910/2430 2834/2909/2430
f 2820/2895/2431 2821/2896/2431 2836/2911/2431 2835/2910/2431
f 2822/2898/2432 2823/2897/2432 2838/2912/2432 2837/2913/2432
f 2823/2897/2433 2824/2899/2433 2839/2914/2433 2838/2912/2433
f 2824/2899/2434 2825/2900/2434 2840/2915/2434 2839/2914/2434
f 2825/2900/2435 2826/2901/2435 2841/2916/2435 2840/2915/2435
f 2826/2901/2436 2827/2902/2436 2842/2917/2436 2841/2916/2436
f 2827/2902/2437 2828/2903/2437 2843/2918/2437 2842/2917/2437
f 2828/2903/2438 2829/2904/2438 2844/2919/2438 2843/2918/2438
f 2829/2904/2439 2830/2905/2439 2845/2920/2439 2844/2919/2439
f 2830/2905/2440 2831/2906/2440 2846/2921/2440 2845/2920/2440
f 2831/2906/2441 2832/2907/2441 2847/2922/2441 2846/2921/2441
f 2832/2907/2442 2833/2908/2442 2848/2923/2442 2847/2922/2442
f 2833/2908/2443 2834/2909/2443 2849/2924/2443 2848/2923/2443
f 2834/2909/2444 2835/2910/2444 2850/2925/2444 2849/2924/2444
f 2835/2910/2445 2836/2911/2445 2851/2926/2445 2850/2925/2445
f 2837/2913/2446 2838/2912/2446 2853/2927/2446 2852/2928/2446
f 2838/2912/2447 2839/2914/2447 2854/2929/2447 2853/2927/2447
f 2839/2914/2448 2840/2915/2448 2855/2930/2448 2854/2929/2448
f 2840/2915/2449 2841/2916/2449 2856/2931/2449 2855/2930/2449
f 2841/2916/2450 2842/2917/2450 2857/2932/2450 2856/2931/2450
f 2842/2917/2451 2843/2918/2451 2858/2933/2451 2857/2932/2451
f 2843/2918/2452 2844/2919/2452 2859/2934/2452 2858/2933/2452
f 2844/2919/2453 2845/2920/2453 2860/2935/2453 2859/2934/2453
f 2845/2920/2454 2846/2921/2454 2861/2936/2454 2860/2935/2454
f 2846/2921/2455 2847/2922/2455 2862/2937/2455 2861/2936/2455
f 2847/2922/2456 2848/2923/2456 2863/2938/2456 2862/2937/2456
f 2848/2923/2457 2849/2924/2457 2864/2939/2457 2863/2938/2457
f 2849/2924/2458 2850/2925/2458 2865/2940/2458 2864/2939/2458
f 2850/2925/2459 2851/2926/2459 2866/2941/2459 2865/2940/2459
f 2852/2928/2460 2853/2927/2460 2868/2942/2460 2867/2943/2460
f 2853/2927/2461 2854/2929/2461 2869/2944/2461 2868/2942/2461
f 2854/2929/2462 2855/2930/2462 2870/2945/2462 2869/2944/2462
f 2855/2930/2463 2856/2931/2463 2871/2946/2463 2870/2945/2463
f 2856/2931/2464 2857/2932/2464 2872/2947/2464 2871/2946/2464
f 2857/2932/2465 2858/2933/2465 2873/2948/2465 2872/2947/2465
f 2858/2933/2466 2859/2934/2466 2874/2949/2466 2873/2948/2466
f 2859/2934/2467 2860/2935/2467 2875/2950/2467 2874/2949/2467
f 2860/2935/2468 2861/2936/2468 2876/2951/2468 2875/2950/2468
f 2861/2936/2469 2862/2937/2469 2877/2952/2469 2876/2951/2469
f 2862/2937/2470 2863/2938/2470 2878/2953/2470 2877/2952/2470
f 2863/2938/2471 2864/2939/2471 2879/2954/2471 2878/2953/2471
f 2864/2939/2472 2865/2940/2472 2880/2955/2472 2879/2954/2472
f 2865/2940/2473 2866/2941/2473 2881/2956/2473 2880/2955/2473
f 2867/2943/2474 2868/2942/2474 2883/2957/2474 2882/2958/2474
f 2868/2942/2475 2869/2944/2475 2884/2959/2475 2883/2957/2475
f 2869/2944/2476 2870/2945/2476 2885/2960/2476 2884/2959/2476
f 2870/2945/2477 2871/2946/2477 2886/2961/2477 2885/2960/2477
f 2871/2946/2478 2872/2947/2478 2887/2962/2478 2886/2961/2478
f 2872/2947/2479 2873/2948/2479 2888/2963/2479 2887/2962/2479
f 2873/2948/2480 2874/2949/2480 2889/2964/2480 2888/2963/2480
f 2874/2949/2481 2875/2950/2481 2890/2965/2481 2889/2964/2481
f 2875/2950/2482 2876/2951/2482 2891/2966/2482 2890/2965/2482
f 2876/2951/2483 2877/2952/2483 2892/2967/2483 2891/2966/2483
f 2877/2952/2484 2878/2953/2484 2893/2968/2484 2892/2967/2484
f 2878/2953/2485 2879/2954/2485 2894/2969/2485 2893/2968/2485
f 2879/2954/2486 2880/2955/2486 2895/2970/2486 2894/2969/2486
f 2880/2955/2487 2881/2956/2487 2896/2971/2487 2895/2970/2487
f 2882/2958/2488 2883/2957/2488 2898/2972/2488 2897/2973/2488
f 2883/2957/2489 2884/2959/2489 2899/2974/2489 2898/2972/2489
f 2884/2959/2490 2885/2960/2490 2900/2975/2490 2899/2974/2490
f 2885/2960/2491 2886/2961/2491 2901/2976/2491 2900/2975/2491
f 2886/2961/2492 2887/2962/2492 2902/2977/2492 2901/2976/2492
f 2887/2962/2493 2888/2963/2493 2903/2978/2493 2902/2977/2493
f 2888/2963/2494 2889/2964/2494 2904/2979/2494 2903/2978/2494
f 2889/2964/2495 2890/2965/2495 2905/2980/2495 2904/2979/2495
f 2890/2965/2496 2891/2966/2496 2906/2981/2496 2905/2980/2496
f 2891/2966/2497 2892/2967/2497 2907/2982/2497 2906/2981/2497
f 2892/2967/2498 2893/2968/2498 2908/2983/2498 2907/2982/2498
f 2893/2968/2499 2894/2969/2499 2909/2984/2499 2908/2983/2499
f 2894/2969/2500 2895/2970/2500 2910/2985/2500 2909/2984/2500
f 2895/2970/2501 2896/2971/2501 2911/2986/2501 2910/2985/2501
f 12/1912/2502 256/2987/2502 2687/2762/2502 257/2988/2502
f 256/2987/2503 255/2989/2503 2688/2763/2503 2687/2762/2503
f 255/2989/2504 254/2990/2504 2689/2766/2504 2688/2763/2504
f 254/2990/2505 253/2991/2505 2690/2768/2505 2689/2766/2505
f 253/2991/2506 252/2992/2506 2691/2770/2506 2690/2768/2506
f 252/2992/2507 251/2993/2507 2692/2772/2507 2691/2770/2507
f 251/2993/2508 250/2994/2508 2693/2774/2508 2692/2772/2508
f 250/2994/2509 249/2995/2509 2694/2776/2509 2693/2774/2509
f 249/2995/2510 248/2996/2510 2695/2778/2510 2694/2776/2510
f 248/2996/2511 247/2997/2511 2696/2780/2511 2695/2778/2511
f 247/2997/2512 246/2998/2512 2697/2782/2512 2696/2780/2512
f 246/2998/2513 245/2999/2513 2698/2784/2513 2697/2782/2513
f 245/2999/2514 244/3000/2514 2699/2786/2514 2698/2784/2514
f 244/3000/2515 243/3001/2515 2700/2788/2515 2699/2786/2515
f 243/3001/2516 242/3002/2516 2701/2790/2516 2700/2788/2516
f 242/3002/2517 16/848/2517 377/3003/2517 2701/2790/2517
f 2701/2790/2518 377/3003/2518 378/1669/2518 2716/2791/2518
f 2716/2791/2519 378/1669/2519 379/3004/2519 2731/2806/2519
f 2731/2806/2520 379/3004/2520 380/3005/2520 2746/2821/2520
f 2746/2821/2521 380/3005/2521 381/3006/2521 2761/2836/2521
f 2761/2836/2522 381/3006/2522 382/3007/2522 2776/2851/2522
f 2776/2851/2523 382/3007/2523 383/3008/2523 2791/2866/2523
f 2791/2866/2524 383/3008/2524 384/3009/2524 2806/2881/2524
f 2806/2881/2525 384/3009/2525 385/3010/2525 2821/2896/2525
f 2821/2896/2526 385/3010/2526 386/3011/2526 2836/2911/2526
f 2836/2911/2527 386/3011/2527 387/3012/2527 2851/2926/2527
f 2851/2926/2528 387/3012/2528 388/3013/2528 2866/2941/2528
f 2866/2941/2529 388/3013/2529 389/3014/2529 2881/2956/2529
f 2881/2956/2530 389/3014/2530 390/3015/2530 2896/2971/2530
f 2896/2971/2531 390/3015/2531 391/3016/2531 2911/2986/2531
f 2911/2986/2532 391/3016/2532 14/1376/2532 197/3017/2532
f 2910/2985/2533 2911/2986/2533 197/3017/2533 198/3018/2533
f 2909/2984/2534 2910/2985/2534 198/3018/2534 199/3019/2534
f 2908/2983/2535 2909/2984/2535 199/3019/2535 200/3020/2535
f 2907/2982/2536 2908/2983/2536 200/3020/2536 201/3021/2536
f 2906/2981/2537 2907/2982/2537 201/3021/2537 202/3022/2537
f 2905/2980/2538 2906/2981/2538 202/3022/2538 203/3023/2538
f 2904/2979/2539 2905/2980/2539 203/3023/2539 204/3024/2539
f 2903/2978/2540 2904/2979/2540 204/3024/2540 205/3025/2540
f 2902/2977/2541 2903/2978/2541 205/3025/2541 206/3026/2541
f 2901/2976/2542 2902/2977/2542 206/3026/2542 207/3027/2542
f 2900/2975/2543 2901/2976/2543 207/3027/2543 208/3028/2543
f 2899/2974/2544 2900/2975/2544 208/3028/2544 209/3029/2544
f 2898/2972/2545 2899/2974/2545 209/3029/2545 210/3030/2545
f 2897/2973/2546 2898/2972/2546 210/3030/2546 211/3031/2546
f 271/3032/2547 2897/2973/2547 211/3031/2547 9/3033/2547
f 270/3034/2548 2882/2958/2548 2897/2973/2548 271/3032/2548
f 269/3035/2549 2867/2943/2549 2882/2958/2549 270/3034/2549
f 268/3036/2550 2852/2928/2550 2867/2943/2550 269/3035/2550
f 267/3037/2551 2837/2913/2551 2852/2928/2551 268/3036/2551
f 266/3038/2552 2822/2898/2552 2837/2913/2552 267/3037/2552
f 265/3039/2553 2807/2883/2553 2822/2898/2553 266/3038/2553
f 264/3040/2554 2792/2868/2554 2807/2883/2554 265/3039/2554
f 263/3041/2555 2777/2853/2555 2792/2868/2555 264/3040/2555
f 262/3042/2556 2762/2838/2556 2777/2853/2556 263/3041/2556
f 261/3043/2557 2747/2823/2557 2762/2838/2557 262/3042/2557
f 260/3044/2558 2732/2808/2558 2747/2823/2558 261/3043/2558
f 259/1915/2559 2717/2793/2559 2732/2808/2559 260/3044/2559
f 258/3045/2560 2702/2765/2560 2717/2793/2560 259/1915/2560
f 257/2988/2561 2687/2762/2561 2702/2765/2561 258/3045/2561
f 2912/3046/2562 2913/3047/2562 2928/3048/2562 2927/3049/2562
f 2913/3047/2563 2914/3050/2563 2929/3051/2563 2928/3048/2563
f 2914/3050/2564 2915/3052/2564 2930/3053/2564 2929/3051/2564
f 2915/3052/2565 2916/3054/2565 2931/3055/2565 2930/3053/2565
f 2916/3054/2566 2917/3056/2566 2932/3057/2566 2931/3055/2566
f 2917/3056/2567 2918/3058/2567 2933/3059/2567 2932/3057/2567
f 2918/3058/2568 2919/3060/2568 2934/3061/2568 2933/3059/2568
f 2919/3060/2569 2920/3062/2569 2935/3063/2569 2934/3061/2569
f 2920/3062/2570 2921/3064/2570 2936/3065/2570 2935/3063/2570
f 2921/3064/2571 2922/3066/2571 2937/3067/2571 2936/3065/2571
f 2922/3066/2572 2923/3068/2572 2938/3069/2572 2937/3067/2572
f 2923/3068/2573 2924/3070/2573 2939/3071/2573 2938/3069/2573
f 2924/3070/2574 2925/3072/2574 2940/3073/2574 2939/3071/2574
f 2925/3072/2575 2926/3074/2575 2941/3075/2575 2940/3073/2575
f 2927/3049/2576 2928/3048/2576 2943/3076/2576 2942/3077/2576
f 2928/3048/2577 2929/3051/2577 2944/3078/2577 2943/3076/2577
f 2929/3051/2578 2930/3053/2578 2945/3079/2578 2944/3078/2578
f 2930/3053/2579 2931/3055/2579 2946/3080/2579 2945/3079/2579
f 2931/3055/2580 2932/3057/2580 2947/3081/2580 2946/3080/2580
f 2932/3057/2581 2933/3059/2581 2948/3082/2581 2947/3081/2581
f 2933/3059/2582 2934/3061/2582 2949/3083/2582 2948/3082/2582
f 2934/3061/2583 2935/3063/2583 2950/3084/2583 2949/3083/2583
f 2935/3063/2584 2936/3065/2584 2951/3085/2584 2950/3084/2584
f 2936/3065/2585 2937/3067/2585 2952/3086/2585 2951/3085/2585
f 2937/3067/2586 2938/3069/2586 2953/3087/2586 2952/3086/2586
f 2938/3069/2587 2939/3071/2587 2954/3088/2587 2953/3087/2587
f 2939/3071/2588 2940/3073/2588 2955/3089/2588 2954/3088/2588
f 2940/3073/2589 2941/3075/2589 2956/3090/2589 2955/3089/2589
f 2942/3077/2590 2943/3076/2590 2958/3091/2590 2957/3092/2590
f 2943/3076/2591 2944/3078/2591 2959/3093/2591 2958/3091/2591
f 2944/3078/2592 2945/3079/2592 2960/3094/2592 2959/3093/2592
f 2945/3079/2593 2946/3080/2593 2961/3095/2593 2960/3094/2593
f 2946/3080/2594 2947/3081/2594 2962/3096/2594 2961/3095/2594
f 2947/3081/2595 2948/3082/2595 2963/3097/2595 2962/3096/2595
f 2948/3082/2596 2949/3083/2596 2964/3098/2596 2963/3097/2596
f 2949/3083/2597 2950/3084/2597 2965/3099/2597 2964/3098/2597
f 2950/3084/2598 2951/3085/2598 2966/3100/2598 2965/3099/2598
f 2951/3085/2599 2952/3086/2599 2967/3101/2599 2966/3100/2599
f 2952/3086/2600 2953/3087/2600 2968/3102/2600 2967/3101/2600
f 2953/3087/2601 2954/3088/2601 2969/3103/2601 2968/3102/2601
f 2954/3088/2602 2955/3089/2602 2970/3104/2602 2969/3103/2602
f 2955/3089/2603 2956/3090/2603 2971/3105/2603 2970/3104/2603
f 2957/3092/2604 2958/3091/2604 2973/3106/2604 2972/3107/2604
f 2958/3091/2605 2959/3093/2605 2974/3108/2605 2973/3106/2605
f 2959/3093/2606 2960/3094/2606 2975/3109/2606 2974/3108/2606
f 2960/3094/2607 2961/3095/2607 2976/3110/2607 2975/3109/2607
f 2961/3095/2608 2962/3096/2608 2977/3111/2608 2976/3110/2608
f 2962/3096/2609 2963/3097/2609 2978/3112/2609 2977/3111/2609
f 2963/3097/2610 2964/3098/2610 2979/3113/2610 2978/3112/2610
f 2964/3098/2611 2965/3099/2611 2980/3114/2611 2979/3113/2611
f 2965/3099/2612 2966/3100/2612 2981/3115/2612 2980/3114/2612
f 2966/3100/2613 2967/3101/2613 2982/3116/2613 2981/3115/2613
f 2967/3101/2614 2968/3102/2614 2983/3117/2614 2982/3116/2614
f 2968/3102/2615 2969/3103/2615 2984/3118/2615 2983/3117/2615
f 2969/3103/2616 2970/3104/2616 2985/3119/2616 2984/3118/2616
f 2970/3104/2617 2971/3105/2617 2986/3120/2617 2985/3119/2617
f 2972/3107/2618 2973/3106/2618 2988/3121/2618 2987/3122/2618
f 2973/3106/2619 2974/3108/2619 2989/3123/2619 2988/3121/2619
f 2974/3108/2620 2975/3109/2620 2990/3124/2620 2989/3123/2620
f 2975/3109/2621 2976/3110/2621 2991/3125/2621 2990/3124/2621
f 2976/3110/2622 2977/3111/2622 2992/3126/2622 2991/3125/2622
f 2977/3111/2623 2978/3112/2623 2993/3127/2623 2992/3126/2623
f 2978/3112/2624 2979/3113/2624 2994/3128/2624 2993/3127/2624
f 2979/3113/2625 2980/3114/2625 2995/3129/2625 2994/3128/2625
f 2980/3114/2626 2981/3115/2626 2996/3130/2626 2995/3129/2626
f 2981/3115/2627 2982/3116/2627 2997/3131/2627 2996/3130/2627
f 2982/3116/2628 2983/3117/2628 2998/3132/2628 2997/3131/2628
f 2983/3117/2629 2984/3118/2629 2999/3133/2629 2998/3132/2629
f 2984/3118/2630 2985/3119/2630 3000/3134/2630 2999/3133/2630
f 2985/3119/2631 2986/3120/2631 3001/3135/2631 3000/3134/2631
f 2987/3122/2632 2988/3121/2632 3003/3136/2632 3002/3137/2632
f 2988/3121/2633 2989/3123/2633 3004/3138/2633 3003/3136/2633
f 2989/3123/2634 2990/3124/2634 3005/3139/2634 3004/3138/2634
f 2990/3124/2635 2991/3125/2635 3006/3140/2635 3005/3139/2635
f 2991/3125/2636 2992/3126/2636 3007/3141/2636 3006/3140/2636
f 2992/3126/2637 2993/3127/2637 3008/3142/2637 3007/3141/2637
f 2993/3127/2638 2994/3128/2638 3009/3143/2638 3008/3142/2638
f 2994/3128/2639 2995/3129/2639 3010/3144/2639 3009/3143/2639
f 2995/3129/2640 2996/3130/2640 3011/3145/2640 3010/3144/2640
f 2996/3130/2641 2997/3131/2641 3012/3146/2641 3011/3145/2641
f 2997/3131/2642 2998/3132/2642 3013/3147/2642 3012/3146/2642
f 2998/3132/2643 2999/3133/2643 3014/3148/2643 3013/3147/2643
f 2999/3133/2644 3000/3134/2644 3015/3149/2644 3014/3148/2644
f 3000/3134/2645 3001/3135/2645 3016/3150/2645 3015/3149/2645
f 3002/3137/2646 3003/3136/2646 3018/3151/2646 3017/3152/2646
f 3003/3136/2647 3004/3138/2647 3019/3153/2647 3018/3151/2647
f 3004/3138/2648 3005/3139/2648 3020/3154/2648 3019/3153/2648
f 3005/3139/2649 3006/3140/2649 3021/3155/2649 3020/3154/2649
f 3006/3140/2650 3007/3141/2650 3022/3156/2650 3021/3155/2650
f 3007/3141/2651 3008/3142/2651 3023/3157/2651 3022/3156/2651
f 3008/3142/2652 3009/3143/2652 3024/3158/2652 3023/3157/2652
f 3009/3143/2653 3010/3144/2653 3025/3159/2653 3024/3158/2653
f 3010/3144/2654 3011/3145/2654 3026/3160/2654 3025/3159/2654
f 3011/3145/2655 3012/3146/2655 3027/3161/2655 3026/3160/2655
f 3012/3146/2656 3013/3147/2656 3028/3162/2656 3027/3161/2656
f 3013/3147/2657 3014/3148/2657 3029/3163/2657 3028/3162/2657
f 3014/3148/2658 3015/3149/2658 3030/3164/2658 3029/3163/2658
f 3015/3149/2659 3016/3150/2659 3031/3165/2659 3030/3164/2659
f 3017/3152/2660 3018/3151/2660 3033/3166/2660 3032/3167/2660
f 3018/3151/2661 3019/3153/2661 3034/3168/2661 3033/3166/2661
f 3019/3153/2662 3020/3154/2662 3035/3169/2662 3034/3168/2662
f 3020/3154/2663 3021/3155/2663 3036/3170/2663 3035/3169/2663
f 3021/3155/2664 3022/3156/2664 3037/3171/2664 3036/3170/2664
f 3022/3156/2665 3023/3157/2665 3038/3172/2665 3037/3171/2665
f 3023/3157/2666 3024/3158/2666 3039/3173/2666 3038/3172/2666
f 3024/3158/2667 3025/3159/2667 3040/3174/2667 3039/3173/2667
f 3025/3159/2668 3026/3160/2668 3041/3175/2668 3040/3174/2668
f 3026/3160/2669 3027/3161/2669 3042/3176/2669 3041/3175/2669
f 3027/3161/2670 3028/3162/2670 3043/3177/2670 3042/3176/2670
f 3028/3162/2671 3029/3163/2671 3044/3178/2671 3043/3177/2671
f 3029/3163/2672 3030/3164/2672 3045/3179/2672 3044/3178/2672
f 3030/3164/2673 3031/3165/2673 3046/3180/2673 3045/3179/2673
f 3032/3167/2674 3033/3166/2674 3048/3181/2674 3047/3182/2674
f 3033/3166/2675 3034/3168/2675 3049/3183/2675 3048/3181/2675
f 3034/3168/2676 3035/3169/2676 3050/3184/2676 3049/3183/2676
f 3035/3169/2677 3036/3170/2677 3051/3185/2677 3050/3184/2677
f 3036/3170/2678 3037/3171/2678 3052/3186/2678 3051/3185/2678
f 3037/3171/2679 3038/3172/2679 3053/3187/2679 3052/3186/2679
f 3038/3172/2680 3039/3173/2680 3054/3188/2680 3053/3187/2680
f 3039/3173/2681 3040/3174/2681 3055/3189/2681 3054/3188/2681
f 3040/3174/2682 3041/3175/2682 3056/3190/2682 3055/3189/2682
f 3041/3175/2683 3042/3176/2683 3057/3191/2683 3056/3190/2683
f 3042/3176/2684 3043/3177/2684 3058/3192/2684 3057/3191/2684
f 3043/3177/2685 3044/3178/2685 3059/3193/2685 3058/3192/2685
f 3044/3178/2686 3045/3179/2686 3060/3194/2686 3059/3193/2686
f 3045/3179/2687 3046/3180/2687 3061/3195/2687 3060/3194/2687
f 3047/3182/2688 3048/3181/2688 3063/3196/2688 3062/3197/2688
f 3048/3181/2689 3049/3183/2689 3064/3198/2689 3063/3196/2689
f 3049/3183/2690 3050/3184/2690 3065/3199/2690 3064/3198/2690
f 3050/3184/2691 3051/3185/2691 3066/3200/2691 3065/3199/2691
f 3051/3185/2692 3052/3186/2692 3067/3201/2692 3066/3200/2692
f 3052/3186/2693 3053/3187/2693 3068/3202/2693 3067/3201/2693
f 3053/3187/2694 3054/3188/2694 3069/3203/2694 3068/3202/2694
f 3054/3188/2695 3055/3189/2695 3070/3204/2695 3069/3203/2695
f 3055/3189/2696 3056/3190/2696 3071/3205/2696 3070/3204/2696
f 3056/3190/2697 3057/3191/2697 3072/3206/2697 3071/3205/2697
f 3057/3191/2698 3058/3192/2698 3073/3207/2698 3072/3206/2698
f 3058/3192/2699 3059/3193/2699 3074/3208/2699 3073/3207/2699
f 3059/3193/2700 3060/3194/2700 3075/3209/2700 3074/3208/2700
f 3060/3194/2701 3061/3195/2701 3076/3210/2701 3075/3209/2701
f 3062/3197/2702 3063/3196/2702 3078/3211/2702 3077/3212/2702
f 3063/3196/2703 3064/3198/2703 3079/3213/2703 3078/3211/2703
f 3064/3198/2704 3065/3199/2704 3080/3214/2704 3079/3213/2704
f 3065/3199/2705 3066/3200/2705 3081/3215/2705 3080/3214/2705
f 3066/3200/2706 3067/3201/2706 3082/3216/2706 3081/3215/2706
f 3067/3201/2707 3068/3202/2707 3083/3217/2707 3082/3216/2707
f 3068/3202/2708 3069/3203/2708 3084/3218/2708 3083/3217/2708
f 3069/3203/2709 3070/3204/2709 3085/3219/2709 3084/3218/2709
f 3070/3204/2710 3071/3205/2710 3086/3220/2710 3085/3219/2710
f 3071/3205/2711 3072/3206/2711 3087/3221/2711 3086/3220/2711
f 3072/3206/2712 3073/3207/2712 3088/3222/2712 3087/3221/2712
f 3073/3207/2713 3074/3208/2713 3089/3223/2713 3088/3222/2713
f 3074/3208/2714 3075/3209/2714 3090/3224/2714 3089/3223/2714
f 3075/3209/2715 3076/3210/2715 3091/3225/2715 3090/3224/2715
f 3077/3212/2716 3078/3211/2716 3093/3226/2716 3092/3227/2716
f 3078/3211/2717 3079/3213/2717 3094/3228/2717 3093/3226/2717
f 3079/3213/2718 3080/3214/2718 3095/3229/2718 3094/3228/2718
f 3080/3214/2719 3081/3215/2719 3096/3230/2719 3095/3229/2719
f 3081/3215/2720 3082/3216/2720 3097/3231/2720 3096/3230/2720
f 3082/3216/2721 3083/3217/2721 3098/3232/2721 3097/3231/2721
f 3083/3217/2722 3084/3218/2722 3099/3233/2722 3098/3232/2722
f 3084/3218/2723 3085/3219/2723 3100/3234/2723 3099/3233/2723
f 3085/3219/2724 3086/3220/2724 3101/3235/2724 3100/3234/2724
f 3086/3220/2725 3087/3221/2725 3102/3236/2725 3101/3235/2725
f 3087/3221/2726 3088/3222/2726 3103/3237/2726 3102/3236/2726
f 3088/3222/2727 3089/3223/2727 3104/3238/2727 3103/3237/2727
f 3089/3223/2728 3090/3224/2728 3105/3239/2728 3104/3238/2728
f 3090/3224/2729 3091/3225/2729 3106/3240/2729 3105/3239/2729
f 3092/3227/2730 3093/3226/2730 3108/3241/2730 3107/3242/2730
f 3093/3226/2731 3094/3228/2731 3109/3243/2731 3108/3241/2731
f 3094/3228/2732 3095/3229/2732 3110/3244/2732 3109/3243/2732
f 3095/3229/2733 3096/3230/2733 3111/3245/2733 3110/3244/2733
f 3096/3230/2734 3097/3231/2734 3112/3246/2734 3111/3245/2734
f 3097/3231/2735 3098/3232/2735 3113/3247/2735 3112/3246/2735
f 3098/3232/2736 3099/3233/2736 3114/3248/2736 3113/3247/2736
f 3099/3233/2737 3100/3234/2737 3115/3249/2737 3114/3248/2737
f 3100/3234/2738 3101/3235/2738 3116/3250/2738 3115/3249/2738
f 3101/3235/2739 3102/3236/2739 3117/3251/2739 3116/3250/2739
f 3102/3236/2740 3103/3237/2740 3118/3252/2740 3117/3251/2740
f 3103/3237/2741 3104/3238/2741 3119/3253/2741 3118/3252/2741
f 3104/3238/2742 3105/3239/2742 3120/3254/2742 3119/3253/2742
f 3105/3239/2743 3106/3240/2743 3121/3255/2743 3120/3254/2743
f 3107/3242/2744 3108/3241/2744 3123/3256/2744 3122/3257/2744
f 3108/3241/2745 3109/3243/2745 3124/3258/2745 3123/3256/2745
f 3109/3243/2746 3110/3244/2746 3125/3259/2746 3124/3258/2746
f 3110/3244/2747 3111/3245/2747 3126/3260/2747 3125/3259/2747
f 3111/3245/2748 3112/3246/2748 3127/3261/2748 3126/3260/2748
f 3112/3246/2749 3113/3247/2749 3128/3262/2749 3127/3261/2749
f 3113/3247/2750 3114/3248/2750 3129/3263/2750 3128/3262/2750
f 3114/3248/2751 3115/3249/2751 3130/3264/2751 3129/3263/2751
f 3115/3249/2752 3116/3250/2752 3131/3265/2752 3130/3264/2752
f 3116/3250/2753 3117/3251/2753 3132/3266/2753 3131/3265/2753
f 3117/3251/2754 3118/3252/2754 3133/3267/2754 3132/3266/2754
f 3118/3252/2755 3119/3253/2755 3134/3268/2755 3133/3267/2755
f 3119/3253/2756 3120/3254/2756 3135/3269/2756 3134/3268/2756
f 3120/3254/2757 3121/3255/2757 3136/3270/2757 3135/3269/2757
f 9/3033/2758 211/3031/2758 2912/3046/2758 272/3271/2758
f 211/3031/2759 210/3030/2759 2913/3047/2759 2912/3046/2759
f 210/3030/2760 209/3029/2760 2914/3050/2760 2913/3047/2760
f 209/3029/2761 208/3028/2761 2915/3052/2761 2914/3050/2761
f 208/3028/2762 207/3027/2762 2916/3054/2762 2915/3052/2762
f 207/3027/2763 206/3026/2763 2917/3056/2763 2916/3054/2763
f 206/3026/2764 205/3025/2764 2918/3058/2764 2917/3056/2764
f 205/3025/2765 204/3024/2765 2919/3060/2765 2918/3058/2765
f 204/3024/2766 203/3023/2766 2920/3062/2766 2919/3060/2766
f 203/3023/2767 202/3022/2767 2921/3064/2767 2920/3062/2767
f 202/3022/2768 201/3021/2768 2922/3066/2768 2921/3064/2768
f 201/3021/2769 200/3020/2769 2923/3068/2769 2922/3066/2769
f 200/3020/2770 199/3019/2770 2924/3070/2770 2923/3068/2770
f 199/3019/2771 198/3018/2771 2925/3072/2771 2924/3070/2771
f 198/3018/2772 197/3017/2772 2926/3074/2772 2925/3072/2772
f 197/3017/2773 14/1376/2773 392/1378/2773 2926/3074/2773
f 2926/3074/2774 392/1378/2774 393/3272/2774 2941/3075/2774
f 2941/3075/2775 393/3272/2775 394/1416/2775 2956/3090/2775
f 2956/3090/2776 394/1416/2776 395/3273/2776 2971/3105/2776
f 2971/3105/2777 395/3273/2777 396/3274/2777 2986/3120/2777
f 2986/3120/2778 396/3274/2778 397/1413/2778 3001/3135/2778
f 3001/3135/2779 397/1413/2779 398/3275/2779 3016/3150/2779
f 3016/3150/2780 398/3275/2780 399/3276/2780 3031/3165/2780
f 3031/3165/2781 399/3276/2781 400/3277/2781 3046/3180/2781
f 3046/3180/2782 400/3277/2782 401/3278/2782 3061/3195/2782
f 3061/3195/2783 401/3278/2783 402/3279/2783 3076/3210/2783
f 3076/3210/2784 402/3279/2784 403/3280/2784 3091/3225/2784
f 3091/3225/2785 403/3280/2785 404/1406/2785 3106/3240/2785
f 3106/3240/2786 404/1406/2786 405/3281/2786 3121/3255/2786
f 3121/3255/2787 405/3281/2787 406/3282/2787 3136/3270/2787
f 3136/3270/2788 406/3282/2788 15/3283/2788 227/3284/2788
f 3135/3269/2789 3136/3270/2789 227/3284/2789 228/3285/2789
f 3134/3268/2790 3135/3269/2790 228/3285/2790 229/3286/2790
f 3133/3267/2791 3134/3268/2791 229/3286/2791 230/3287/2791
f 3132/3266/2792 3133/3267/2792 230/3287/2792 231/3288/2792
f 3131/3265/2793 3132/3266/2793 231/3288/2793 232/3289/2793
f 3130/3264/2794 3131/3265/2794 232/3289/2794 233/3290/2794
f 3129/3263/2795 3130/3264/2795 233/3290/2795 234/3291/2795
f 3128/3262/2796 3129/3263/2796 234/3291/2796 235/3292/2796
f 3127/3261/2797 3128/3262/2797 235/3292/2797 236/3293/2797
f 3126/3260/2798 3127/3261/2798 236/3293/2798 237/3294/2798
f 3125/3259/2799 3126/3260/2799 237/3294/2799 238/3295/2799
f 3124/3258/2800 3125/3259/2800 238/3295/2800 239/3296/2800
f 3123/3256/2801 3124/3258/2801 239/3296/2801 240/3297/2801
f 3122/3257/2802 3123/3256/2802 240/3297/2802 241/3298/2802
f 286/3299/2803 3122/3257/2803 241/3298/2803 11/3300/2803
f 285/3301/2804 3107/3242/2804 3122/3257/2804 286/3299/2804
f 284/3302/2805 3092/3227/2805 3107/3242/2805 285/3301/2805
f 283/2196/2806 3077/3212/2806 3092/3227/2806 284/3302/2806
f 282/3303/2807 3062/3197/2807 3077/3212/2807 283/2196/2807
f 281/2194/2808 3047/3182/2808 3062/3197/2808 282/3303/2808
f 280/3304/2809 3032/3167/2809 3047/3182/2809 281/2194/2809
f 279/3305/2810 3017/3152/2810 3032/3167/2810 280/3304/2810
f 278/2191/2811 3002/3137/2811 3017/3152/2811 279/3305/2811
f 277/3306/2812 2987/3122/2812 3002/3137/2812 278/2191/2812
f 276/3307/2813 2972/3107/2813 2987/3122/2813 277/3306/2813
f 275/3308/2814 2957/3092/2814 2972/3107/2814 276/3307/2814
f 274/3309/2815 2942/3077/2815 2957/3092/2815 275/3308/2815
f 273/3310/2816 2927/3049/2816 2942/3077/2816 274/3309/2816
f 272/3271/2817 2912/3046/2817 2927/3049/2817 273/3310/2817
f 3137/3311/2818 3138/3312/2818 3153/3313/2818 3152/3314/2818
f 3138/3312/2819 3139/3315/2819 3154/3316/2819 3153/3313/2819
f 3139/3315/2820 3140/3317/2820 3155/3318/2820 3154/3316/2820
f 3140/3317/2821 3141/3319/2821 3156/3320/2821 3155/3318/2821
f 3141/3319/2822 3142/3321/2822 3157/3322/2822 3156/3320/2822
f 3142/3321/2823 3143/3323/2823 3158/3324/2823 3157/3322/2823
f 3143/3323/2824 3144/3325/2824 3159/3326/2824 3158/3324/2824
f 3144/3325/2825 3145/3327/2825 3160/3328/2825 3159/3326/2825
f 3145/3327/2826 3146/3329/2826 3161/3330/2826 3160/3328/2826
f 3146/3329/2827 3147/3331/2827 3162/3332/2827 3161/3330/2827
f 3147/3331/2828 3148/3333/2828 3163/3334/2828 3162/3332/2828
f 3148/3333/2829 3149/3335/2829 3164/3336/2829 3163/3334/2829
f 3149/3335/2830 3150/3337/2830 3165/3338/2830 3164/3336/2830
f 3150/3337/2831 3151/3339/2831 3166/3340/2831 3165/3338/2831
f 3152/3314/2832 3153/3313/2832 3168/3341/2832 3167/3342/2832
f 3153/3313/2833 3154/3316/2833 3169/3343/2833 3168/3341/2833
f 3154/3316/2834 3155/3318/2834 3170/3344/2834 3169/3343/2834
f 3155/3318/2835 3156/3320/2835 3171/3345/2835 3170/3344/2835
f 3156/3320/2836 3157/3322/2836 3172/3346/2836 3171/3345/2836
f 3157/3322/2837 3158/3324/2837 3173/3347/2837 3172/3346/2837
f 3158/3324/2838 3159/3326/2838 3174/3348/2838 3173/3347/2838
f 3159/3326/2839 3160/3328/2839 3175/3349/2839 3174/3348/2839
f 3160/3328/2840 3161/3330/2840 3176/3350/2840 3175/3349/2840
f 3161/3330/2841 3162/3332/2841 3177/3351/2841 3176/3350/2841
f 3162/3332/2842 3163/3334/2842 3178/3352/2842 3177/3351/2842
f 3163/3334/2843 3164/3336/2843 3179/3353/2843 3178/3352/2843
f 3164/3336/2844 3165/3338/2844 3180/3354/2844 3179/3353/2844
f 3165/3338/2845 3166/3340/2845 3181/3355/2845 3180/3354/2845
f 3167/3342/2846 3168/3341/2846 3183/3356/2846 3182/3357/2846
f 3168/3341/2847 3169/3343/2847 3184/3358/2847 3183/3356/2847
f 3169/3343/2848 3170/3344/2848 3185/3359/2848 3184/3358/2848
f 3170/3344/2849 3171/3345/2849 3186/3360/2849 3185/3359/2849
f 3171/3345/2850 3172/3346/2850 3187/3361/2850 3186/3360/2850
f 3172/3346/2851 3173/3347/2851 3188/3362/2851 3187/3361/2851
f 3173/3347/2852 3174/3348/2852 3189/3363/2852 3188/3362/2852
f 3174/3348/2853 3175/3349/2853 3190/3364/2853 3189/3363/2853
f 3175/3349/2854 3176/3350/2854 3191/3365/2854 3190/3364/2854
f 3176/3350/2855 3177/3351/2855 3192/3366/2855 3191/3365/2855
f 3177/3351/2856 3178/3352/2856 3193/3367/2856 3192/3366/2856
f 3178/3352/2857 3179/3353/2857 3194/3368/2857 3193/3367/2857
f 3179/3353/2858 3180/3354/2858 3195/3369/2858 3194/3368/2858
f 3180/3354/2859 3181/3355/2859 3196/3370/2859 3195/3369/2859
f 3182/3357/2860 3183/3356/2860 3198/3371/2860 3197/3372/2860
f 3183/3356/2861 3184/3358/2861 3199/3373/2861 3198/3371/2861
f 3184/3358/2862 3185/3359/2862 3200/3374/2862 3199/3373/2862
f 3185/3359/2863 3186/3360/2863 3201/3375/2863 3200/3374/2863
f 3186/3360/2864 3187/3361/2864 3202/3376/2864 3201/3375/2864
f 3187/3361/2865 3188/3362/2865 3203/3377/2865 3202/3376/2865
f 3188/3362/2866 3189/3363/2866 3204/3378/2866 3203/3377/2866
f 3189/3363/2867 3190/3364/2867 3205/3379/2867 3204/3378/2867
f 3190/3364/2868 3191/3365/2868 3206/3380/2868 3205/3379/2868
f 3191/3365/2869 3192/3366/2869 3207/3381/2869 3206/3380/2869
f 3192/3366/2870 3193/3367/2870 3208/3382/2870 3207/3381/2870
f 3193/3367/2871 3194/3368/2871 3209/3383/2871 3208/3382/2871
f 3194/3368/2872 3195/3369/2872 3210/3384/2872 3209/3383/2872
f 3195/3369/2873 3196/3370/2873 3211/3385/2873 3210/3384/2873
f 3197/3372/2874 3198/3371/2874 3213/3386/2874 3212/3387/2874
f 3198/3371/2875 3199/3373/2875 3214/3388/2875 3213/3386/2875
f 3199/3373/2876 3200/3374/2876 3215/3389/2876 3214/3388/2876
f 3200/3374/2877 3201/3375/2877 3216/3390/2877 3215/3389/2877
f 3201/3375/2878 3202/3376/2878 3217/3391/2878 3216/3390/2878
f 3202/3376/2879 3203/3377/2879 3218/3392/2879 3217/3391/2879
f 3203/3377/2880 3204/3378/2880 3219/3393/2880 3218/3392/2880
f 3204/3378/2881 3205/3379/2881 3220/3394/2881 3219/3393/2881
f 3205/3379/2882 3206/3380/2882 3221/3395/2882 3220/3394/2882
f 3206/3380/2883 3207/3381/2883 3222/3396/2883 3221/3395/2883
f 3207/3381/2884 3208/3382/2884 3223/3397/2884 3222/3396/2884
f 3208/3382/2885 3209/3383/2885 3224/3398/2885 3223/3397/2885
f 3209/3383/2886 3210/3384/2886 3225/3399/2886 3224/3398/2886
f 3210/3384/2887 3211/3385/2887 3226/3400/2887 3225/3399/2887
f 3212/3387/2888 3213/3386/2888 3228/3401/2888 3227/3402/2888
f 3213/3386/2889 3214/3388/2889 3229/3403/2889 3228/3401/2889
f 3214/3388/2890 3215/3389/2890 3230/3404/2890 3229/3403/2890
f 3215/3389/2891 3216/3390/2891 3231/3405/2891 3230/3404/2891
f 3216/3390/2892 3217/3391/2892 3232/3406/2892 3231/3405/2892
f 3217/3391/2893 3218/3392/2893 3233/3407/2893 3232/3406/2893
f 3218/3392/2894 3219/3393/2894 3234/3408/2894 3233/3407/2894
f 3219/3393/2895 3220/3394/2895 3235/3409/2895 3234/3408/2895
f 3220/3394/2896 3221/3395/2896 3236/3410/2896 3235/3409/2896
f 3221/3395/2897 3222/3396/2897 3237/3411/2897 3236/3410/2897
f 3222/3396/2898 3223/3397/2898 3238/3412/2898 3237/3411/2898
f 3223/3397/2899 3224/3398/2899 3239/3413/2899 3238/3412/2899
f 3224/3398/2900 3225/3399/2900 3240/3414/2900 3239/3413/2900
f 3225/3399/2901 3226/3400/2901 3241/3415/2901 3240/3414/2901
f 3227/3402/2902 3228/3401/2902 3243/3416/2902 3242/3417/2902
f 3228/3401/2903 3229/3403/2903 3244/3418/2903 3243/3416/2903
f 3229/3403/2904 3230/3404/2904 3245/3419/2904 3244/3418/2904
f 3230/3404/2905 3231/3405/2905 3246/3420/2905 3245/3419/2905
f 3231/3405/2906 3232/3406/2906 3247/3421/2906 3246/3420/2906
f 3232/3406/2907 3233/3407/2907 3248/3422/2907 3247/3421/2907
f 3233/3407/2908 3234/3408/2908 3249/3423/2908 3248/3422/2908
f 3234/3408/2909 3235/3409/2909 3250/3424/2909 3249/3423/2909
f 3235/3409/2910 3236/3410/2910 3251/3425/2910 3250/3424/2910
f 3236/3410/2911 3237/3411/2911 3252/3426/2911 3251/3425/2911
f 3237/3411/2912 3238/3412/2912 3253/3427/2912 3252/3426/2912
f 3238/3412/2913 3239/3413/2913 3254/3428/2913 3253/3427/2913
f 3239/3413/2914 3240/3414/2914 3255/3429/2914 3254/3428/2914
f 3240/3414/2915 3241/3415/2915 3256/3430/2915 3255/3429/2915
f 3242/3417/2916 3243/3416/2916 3258/3431/2916 3257/3432/2916
f 3243/3416/2917 3244/3418/2917 3259/3433/2917 3258/3431/2917
f 3244/3418/2918 3245/3419/2918 3260/3434/2918 3259/3433/2918
f 3245/3419/2919 3246/3420/2919 3261/3435/2919 3260/3434/2919
f 3246/3420/2920 3247/3421/2920 3262/3436/2920 3261/3435/2920
f 3247/3421/2921 3248/3422/2921 3263/3437/2921 3262/3436/2921
f 3248/3422/2922 3249/3423/2922 3264/3438/2922 3263/3437/2922
f 3249/3423/2923 3250/3424/2923 3265/3439/2923 3264/3438/2923
f 3250/3424/2924 3251/3425/2924 3266/3440/2924 3265/3439/2924
f 3251/3425/2925 3252/3426/2925 3267/3441/2925 3266/3440/2925
f 3252/3426/2926 3253/3427/2926 3268/3442/2926 3267/3441/2926
f 3253/3427/2927 3254/3428/2927 3269/3443/2927 3268/3442/2927
f 3254/3428/2928 3255/3429/2928 3270/3444/2928 3269/3443/2928
f 3255/3429/2929 3256/3430/2929 3271/3445/2929 3270/3444/2929
f 3257/3432/2930 3258/3431/2930 3273/3446/2930 3272/3447/2930
f 3258/3431/2931 3259/3433/2931 3274/3448/2931 3273/3446/2931
f 3259/3433/2932 3260/3434/2932 3275/3449/2932 3274/3448/2932
f 3260/3434/2933 3261/3435/2933 3276/3450/2933 3275/3449/2933
f 3261/3435/2934 3262/3436/2934 3277/3451/2934 3276/3450/2934
f 3262/3436/2935 3263/3437/2935 3278/3452/2935 3277/3451/2935
f 3263/3437/2936 3264/3438/2936 3279/3453/2936 3278/3452/2936
f 3264/3438/2937 3265/3439/2937 3280/3454/2937 3279/3453/2937
f 3265/3439/2938 3266/3440/2938 3281/3455/2938 3280/3454/2938
f 3266/3440/2939 3267/3441/2939 3282/3456/2939 3281/3455/2939
f 3267/3441/2940 3268/3442/2940 3283/3457/2940 3282/3456/2940
f 3268/3442/2941 3269/3443/2941 3284/3458/2941 3283/3457/2941
f 3269/3443/2942 3270/3444/2942 3285/3459/2942 3284/3458/2942
f 3270/3444/2943 3271/3445/2943 3286/3460/2943 3285/3459/2943
f 3272/3447/2944 3273/3446/2944 3288/3461/2944 3287/3462/2944
f 3273/3446/2945 3274/3448/2945 3289/3463/2945 3288/3461/2945
f 3274/3448/2946 3275/3449/2946 3290/3464/2946 3289/3463/2946
f 3275/3449/2947 3276/3450/2947 3291/3465/2947 3290/3464/2947
f 3276/3450/2948 3277/3451/2948 3292/3466/2948 3291/3465/2948
f 3277/3451/2949 3278/3452/2949 3293/3467/2949 3292/3466/2949
f 3278/3452/2950 3279/3453/2950 3294/3468/2950 3293/3467/2950
f 3279/3453/2951 3280/3454/2951 3295/3469/2951 3294/3468/2951
f 3280/3454/2952 3281/3455/2952 3296/3470/2952 3295/3469/2952
f 3281/3455/2953 3282/3456/2953 3297/3471/2953 3296/3470/2953
f 3282/3456/2954 3283/3457/2954 3298/3472/2954 3297/3471/2954
f 3283/3457/2955 3284/3458/2955 3299/3473/2955 3298/3472/2955
f 3284/3458/2956 3285/3459/2956 3300/3474/2956 3299/3473/2956
f 3285/3459/2957 3286/3460/2957 3301/3475/2957 3300/3474/2957
f 3287/3462/2958 3288/3461/2958 3303/3476/2958 3302/3477/2958
f 3288/3461/2959 3289/3463/2959 3304/3478/2959 3303/3476/2959
f 3289/3463/2960 3290/3464/2960 3305/3479/2960 3304/3478/2960
f 3290/3464/2961 3291/3465/2961 3306/3480/2961 3305/3479/2961
f 3291/3465/2962 3292/3466/2962 3307/3481/2962 3306/3480/2962
f 3292/3466/2963 3293/3467/2963 3308/3482/2963 3307/3481/2963
f 3293/3467/2964 3294/3468/2964 3309/3483/2964 3308/3482/2964
f 3294/3468/2965 3295/3469/2965 3310/3484/2965 3309/3483/2965
f 3295/3469/2966 3296/3470/2966 3311/3485/2966 3310/3484/2966
f 3296/3470/2967 3297/3471/2967 3312/3486/2967 3311/3485/2967
f 3297/3471/2968 3298/3472/2968 3313/3487/2968 3312/3486/2968
f 3298/3472/2969 3299/3473/2969 3314/3488/2969 3313/3487/2969
f 3299/3473/2970 3300/3474/2970 3315/3489/2970 3314/3488/2970
f 3300/3474/2971 3301/3475/2971 3316/3490/2971 3315/3489/2971
f 3302/3477/2972 3303/3476/2972 3318/3491/2972 3317/3492/2972
f 3303/3476/2973 3304/3478/2973 3319/3493/2973 3318/3491/2973
f 3304/3478/2974 3305/3479/2974 3320/3494/2974 3319/3493/2974
f 3305/3479/2975 3306/3480/2975 3321/3495/2975 3320/3494/2975
f 3306/3480/2976 3307/3481/2976 3322/3496/2976 3321/3495/2976
f 3307/3481/2977 3308/3482/2977 3323/3497/2977 3322/3496/2977
f 3308/3482/2978 3309/3483/2978 3324/3498/2978 3323/3497/2978
f 3309/3483/2979 3310/3484/2979 3325/3499/2979 3324/3498/2979
f 3310/3484/2980 3311/3485/2980 3326/3500/2980 3325/3499/2980
f 3311/3485/2981 3312/3486/2981 3327/3501/2981 3326/3500/2981
f 3312/3486/2982 3313/3487/2982 3328/3502/2982 3327/3501/2982
f 3313/3487/2983 3314/3488/2983 3329/3503/2983 3328/3502/2983
f 3314/3488/2984 3315/3489/2984 3330/3504/2984 3329/3503/2984
f 3315/3489/2985 3316/3490/2985 3331/3505/2985 3330/3504/2985
f 3317/3492/2986 3318/3491/2986 3333/3506/2986 3332/3507/2986
f 3318/3491/2987 3319/3493/2987 3334/3508/2987 3333/3506/2987
f 3319/3493/2988 3320/3494/2988 3335/3509/2988 3334/3508/2988
f 3320/3494/2989 3321/3495/2989 3336/3510/2989 3335/3509/2989
f 3321/3495/2990 3322/3496/2990 3337/3511/2990 3336/3510/2990
f 3322/3496/2991 3323/3497/2991 3338/3512/2991 3337/3511/2991
f 3323/3497/2992 3324/3498/2992 3339/3513/2992 3338/3512/2992
f 3324/3498/2993 3325/3499/2993 3340/3514/2993 3339/3513/2993
f 3325/3499/2994 3326/3500/2994 3341/3515/2994 3340/3514/2994
f 3326/3500/2995 3327/3501/2995 3342/3516/2995 3341/3515/2995
f 3327/3501/2996 3328/3502/2996 3343/3517/2996 3342/3516/2996
f 3328/3502/2997 3329/3503/2997 3344/3518/2997 3343/3517/2997
f 3329/3503/2998 3330/3504/2998 3345/3519/2998 3344/3518/2998
f 3330/3504/2999 3331/3505/2999 3346/3520/2999 3345/3519/2999
f 3332/3507/3000 3333/3506/3000 3348/3521/3000 3347/3522/3000
f 3333/3506/3001 3334/3508/3001 3349/3523/3001 3348/3521/3001
f 3334/3508/3002 3335/3509/3002 3350/3524/3002 3349/3523/3002
f 3335/3509/3003 3336/3510/3003 3351/3525/3003 3350/3524/3003
f 3336/3510/3004 3337/3511/3004 3352/3526/3004 3351/3525/3004
f 3337/3511/3005 3338/3512/3005 3353/3527/3005 3352/3526/3005
f 3338/3512/3006 3339/3513/3006 3354/3528/3006 3353/3527/3006
f 3339/3513/3007 3340/3514/3007 3355/3529/3007 3354/3528/3007
f 3340/3514/3008 3341/3515/3008 3356/3530/3008 3355/3529/3008
f 3341/3515/3009 3342/3516/3009 3357/3531/3009 3356/3530/3009
f 3342/3516/3010 3343/3517/3010 3358/3532/3010 3357/3531/3010
f 3343/3517/3011 3344/3518/3011 3359/3533/3011 3358/3532/3011
f 3344/3518/3012 3345/3519/3012 3360/3534/3012 3359/3533/3012
f 3345/3519/3013 3346/3520/3013 3361/3535/3013 3360/3534/3013
f 10/2460/3014 317/3536/3014 3137/3311/3014 287/2461/3014
f 317/3536/3015 318/3537/3015 3138/3312/3015 3137/3311/3015
f 318/3537/3016 319/3538/3016 3139/3315/3016 3138/3312/3016
f 319/3538/3017 320/3539/3017 3140/3317/3017 3139/3315/3017
f 320/3539/3018 321/3540/3018 3141/3319/3018 3140/3317/3018
f 321/3540/3019 322/3541/3019 3142/3321/3019 3141/3319/3019
f 322/3541/3020 323/3542/3020 3143/3323/3020 3142/3321/3020
f 323/3542/3021 324/3543/3021 3144/3325/3021 3143/3323/3021
f 324/3543/3022 325/3544/3022 3145/3327/3022 3144/3325/3022
f 325/3544/3023 326/3545/3023 3146/3329/3023 3145/3327/3023
f 326/3545/3024 327/3546/3024 3147/3331/3024 3146/3329/3024
f 327/3546/3025 328/3547/3025 3148/3333/3025 3147/3331/3025
f 328/3547/3026 329/3548/3026 3149/3335/3026 3148/3333/3026
f 329/3548/3027 330/3549/3027 3150/3337/3027 3149/3335/3027
f 330/3549/3028 331/3550/3028 3151/3339/3028 3150/3337/3028
f 331/3550/3029 13/803/3029 407/805/3029 3151/3339/3029
f 3151/3339/3030 407/805/3030 408/861/3030 3166/3340/3030
f 3166/3340/3031 408/861/3031 409/860/3031 3181/3355/3031
f 3181/3355/3032 409/860/3032 410/859/3032 3196/3370/3032
f 3196/3370/3033 410/859/3033 411/858/3033 3211/3385/3033
f 3211/3385/3034 411/858/3034 412/857/3034 3226/3400/3034
f 3226/3400/3035 412/857/3035 413/856/3035 3241/3415/3035
f 3241/3415/3036 413/856/3036 414/855/3036 3256/3430/3036
f 3256/3430/3037 414/855/3037 415/854/3037 3271/3445/3037
f 3271/3445/3038 415/854/3038 416/853/3038 3286/3460/3038
f 3286/3460/3039 416/853/3039 417/852/3039 3301/3475/3039
f 3301/3475/3040 417/852/3040 418/851/3040 3316/3490/3040
f 3316/3490/3041 418/851/3041 419/850/3041 3331/3505/3041
f 3331/3505/3042 419/850/3042 420/849/3042 3346/3520/3042
f 3346/3520/3043 420/849/3043 421/847/3043 3361/3535/3043
f 3361/3535/3044 421/847/3044 16/848/3044 242/3551/3044
f 3360/3534/3045 3361/3535/3045 242/3551/3045 243/3552/3045
f 3359/3533/3046 3360/3534/3046 243/3552/3046 244/3553/3046
f 3358/3532/3047 3359/3533/3047 244/3553/3047 245/2999/3047
f 3357/3531/3048 3358/3532/3048 245/2999/3048 246/2998/3048
f 3356/3530/3049 3357/3531/3049 246/2998/3049 247/3554/3049
f 3355/3529/3050 3356/3530/3050 247/3554/3050 248/3555/3050
f 3354/3528/3051 3355/3529/3051 248/3555/3051 249/2995/3051
f 3353/3527/3052 3354/3528/3052 249/2995/3052 250/3556/3052
f 3352/3526/3053 3353/3527/3053 250/3556/3053 251/3557/3053
f 3351/3525/3054 3352/3526/3054 251/3557/3054 252/2992/3054
f 3350/3524/3055 3351/3525/3055 252/2992/3055 253/3558/3055
f 3349/3523/3056 3350/3524/3056 253/3558/3056 254/3559/3056
f 3348/3521/3057 3349/3523/3057 254/3559/3057 255/3560/3057
f 3347/3522/3058 3348/3521/3058 255/3560/3058 256/3561/3058
f 301/2475/3059 3347/3522/3059 256/3561/3059 12/1912/3059
f 300/2474/3060 3332/3507/3060 3347/3522/3060 301/2475/3060
f 299/2473/3061 3317/3492/3061 3332/3507/3061 300/2474/3061
f 298/2472/3062 3302/3477/3062 3317/3492/3062 299/2473/3062
f 297/2471/3063 3287/3462/3063 3302/3477/3063 298/2472/3063
f 296/2470/3064 3272/3447/3064 3287/3462/3064 297/2471/3064
f 295/2469/3065 3257/3432/3065 3272/3447/3065 296/2470/3065
f 294/2468/3066 3242/3417/3066 3257/3432/3066 295/2469/3066
f 293/2467/3067 3227/3402/3067 3242/3417/3067 294/2468/3067
f 292/2466/3068 3212/3387/3068 3227/3402/3068 293/2467/3068
f 291/2465/3069 3197/3372/3069 3212/3387/3069 292/2466/3069
f 290/2464/3070 3182/3357/3070 3197/3372/3070 291/2465/3070
f 289/2463/3071 3167/3342/3071 3182/3357/3071 290/2464/3071
f 288/2462/3072 3152/3314/3072 3167/3342/3072 289/2463/3072
f 287/2461/3073 3137/3311/3073 3152/3314/3073 288/2462/3073
f 3362/3562/3074 3363/3563/3074 3378/3564/3074 3377/3565/3074
f 3363/3563/3075 3364/3566/3075 3379/3567/3075 3378/3564/3075
f 3364/3566/3076 3365/3568/3076 3380/3569/3076 3379/3567/3076
f 3365/3568/3077 3366/3570/3077 3381/3571/3077 3380/3569/3077
f 3366/3570/3078 3367/3572/3078 3382/3573/3078 3381/3571/3078
f 3367/3572/3079 3368/3574/3079 3383/3575/3079 3382/3573/3079
f 3368/3574/3080 3369/3576/3080 3384/3577/3080 3383/3575/3080
f 3369/3576/3081 3370/3578/3081 3385/3579/3081 3384/3577/3081
f 3370/3578/3082 3371/3580/3082 3386/3581/3082 3385/3579/3082
f 3371/3580/3083 3372/3582/3083 3387/3583/3083 3386/3581/3083
f 3372/3582/3084 3373/3584/3084 3388/3585/3084 3387/3583/3084
f 3373/3584/3085 3374/3586/3085 3389/3587/3085 3388/3585/3085
f 3374/3586/3086 3375/3588/3086 3390/3589/3086 3389/3587/3086
f 3375/3588/3087 3376/3590/3087 3391/3591/3087 3390/3589/3087
f 3377/3565/3088 3378/3564/3088 3393/3592/3088 3392/3593/3088
f 3378/3564/3089 3379/3567/3089 3394/3594/3089 3393/3592/3089
f 3379/3567/3090 3380/3569/3090 3395/3595/3090 3394/3594/3090
f 3380/3569/3091 3381/3571/3091 3396/3596/3091 3395/3595/3091
f 3381/3571/3092 3382/3573/3092 3397/3597/3092 3396/3596/3092
f 3382/3573/3093 3383/3575/3093 3398/3598/3093 3397/3597/3093
f 3383/3575/3094 3384/3577/3094 3399/3599/3094 3398/3598/3094
f 3384/3577/3095 3385/3579/3095 3400/3600/3095 3399/3599/3095
f 3385/3579/3096 3386/3581/3096 3401/3601/3096 3400/3600/3096
f 3386/3581/3097 3387/3583/3097 3402/3602/3097 3401/3601/3097
f 3387/3583/3098 3388/3585/3098 3403/3603/3098 3402/3602/3098
f 3388/3585/3099 3389/3587/3099 3404/3604/3099 3403/3603/3099
f 3389/3587/3100 3390/3589/3100 3405/3605/3100 3404/3604/3100
f 3390/3589/3101 3391/3591/3101 3406/3606/3101 3405/3605/3101
f 3392/3593/3102 3393/3592/3102 3408/3607/3102 3407/3608/3102
f 3393/3592/3103 3394/3594/3103 3409/3609/3103 3408/3607/3103
f 3394/3594/3104 3395/3595/3104 3410/3610/3104 3409/3609/3104
f 3395/3595/3105 3396/3596/3105 3411/3611/3105 3410/3610/3105
f 3396/3596/3106 3397/3597/3106 3412/3612/3106 3411/3611/3106
f 3397/3597/3107 3398/3598/3107 3413/3613/3107 3412/3612/3107
f 3398/3598/3108 3399/3599/3108 3414/3614/3108 3413/3613/3108
f 3399/3599/3109 3400/3600/3109 3415/3615/3109 3414/3614/3109
f 3400/3600/3110 3401/3601/3110 3416/3616/3110 3415/3615/3110
f 3401/3601/3111 3402/3602/3111 3417/3617/3111 3416/3616/3111
f 3402/3602/3112 3403/3603/3112 3418/3618/3112 3417/3617/3112
f 3403/3603/3113 3404/3604/3113 3419/3619/3113 3418/3618/3113
f 3404/3604/3114 3405/3605/3114 3420/3620/3114 3419/3619/3114
f 3405/3605/3115 3406/3606/3115 3421/3621/3115 3420/3620/3115
f 3407/3608/3116 3408/3607/3116 3423/3622/3116 3422/3623/3116
f 3408/3607/3117 3409/3609/3117 3424/3624/3117 3423/3622/3117
f 3409/3609/3118 3410/3610/3118 3425/3625/3118 3424/3624/3118
f 3410/3610/3119 3411/3611/3119 3426/3626/3119 3425/3625/3119
f 3411/3611/3120 3412/3612/3120 3427/3627/3120 3426/3626/3120
f 3412/3612/3121 3413/3613/3121 3428/3628/3121 3427/3627/3121
f 3413/3613/3122 3414/3614/3122 3429/3629/3122 3428/3628/3122
f 3414/3614/3123 3415/3615/3123 3430/3630/3123 3429/3629/3123
f 3415/3615/3124 3416/3616/3124 3431/3631/3124 3430/3630/3124
f 3416/3616/3125 3417/3617/3125 3432/3632/3125 3431/3631/3125
f 3417/3617/3126 3418/3618/3126 3433/3633/3126 3432/3632/3126
f 3418/3618/3127 3419/3619/3127 3434/3634/3127 3433/3633/3127
f 3419/3619/3128 3420/3620/3128 3435/3635/3128 3434/3634/3128
f 3420/3620/3129 3421/3621/3129 3436/3636/3129 3435/3635/3129
f 3422/3623/3130 3423/3622/3130 3438/3637/3130 3437/3638/3130
f 3423/3622/3131 3424/3624/3131 3439/3639/3131 3438/3637/3131
f 3424/3624/3132 3425/3625/3132 3440/3640/3132 3439/3639/3132
f 3425/3625/3133 3426/3626/3133 3441/3641/3133 3440/3640/3133
f 3426/3626/3134 3427/3627/3134 3442/3642/3134 3441/3641/3134
f 3427/3627/3135 3428/3628/3135 3443/3643/3135 3442/3642/3135
f 3428/3628/3136 3429/3629/3136 3444/3644/3136 3443/3643/3136
f 3429/3629/3137 3430/3630/3137 3445/3645/3137 3444/3644/3137
f 3430/3630/3138 3431/3631/3138 3446/3646/3138 3445/3645/3138
f 3431/3631/3139 3432/3632/3139 3447/3647/3139 3446/3646/3139
f 3432/3632/3140 3433/3633/3140 3448/3648/3140 3447/3647/3140
f 3433/3633/3141 3434/3634/3141 3449/3649/3141 3448/3648/3141
f 3434/3634/3142 3435/3635/3142 3450/3650/3142 3449/3649/3142
f 3435/3635/3143 3436/3636/3143 3451/3651/3143 3450/3650/3143
f 3437/3638/3144 3438/3637/3144 3453/3652/3144 3452/3653/3144
f 3438/3637/3145 3439/3639/3145 3454/3654/3145 3453/3652/3145
f 3439/3639/3146 3440/3640/3146 3455/3655/3146 3454/3654/3146
f 3440/3640/3147 3441/3641/3147 3456/3656/3147 3455/3655/3147
f 3441/3641/3148 3442/3642/3148 3457/3657/3148 3456/3656/3148
f 3442/3642/3149 3443/3643/3149 3458/3658/3149 3457/3657/3149
f 3443/3643/3150 3444/3644/3150 3459/3659/3150 3458/3658/3150
f 3444/3644/3151 3445/3645/3151 3460/3660/3151 3459/3659/3151
f 3445/3645/3152 3446/3646/3152 3461/3661/3152 3460/3660/3152
f 3446/3646/3153 3447/3647/3153 3462/3662/3153 3461/3661/3153
f 3447/3647/3154 3448/3648/3154 3463/3663/3154 3462/3662/3154
f 3448/3648/3155 3449/3649/3155 3464/3664/3155 3463/3663/3155
f 3449/3649/3156 3450/3650/3156 3465/3665/3156 3464/3664/3156
f 3450/3650/3157 3451/3651/3157 3466/3666/3157 3465/3665/3157
f 3452/3653/3158 3453/3652/3158 3468/3667/3158 3467/3668/3158
f 3453/3652/3159 3454/3654/3159 3469/3669/3159 3468/3667/3159
f 3454/3654/3160 3455/3655/3160 3470/3670/3160 3469/3669/3160
f 3455/3655/3161 3456/3656/3161 3471/3671/3161 3470/3670/3161
f 3456/3656/3162 3457/3657/3162 3472/3672/3162 3471/3671/3162
f 3457/3657/3163 3458/3658/3163 3473/3673/3163 3472/3672/3163
f 3458/3658/3164 3459/3659/3164 3474/3674/3164 3473/3673/3164
f 3459/3659/3165 3460/3660/3165 3475/3675/3165 3474/3674/3165
f 3460/3660/3166 3461/3661/3166 3476/3676/3166 3475/3675/3166
f 3461/3661/3167 3462/3662/3167 3477/3677/3167 3476/3676/3167
f 3462/3662/3168 3463/3663/3168 3478/3678/3168 3477/3677/3168
f 3463/3663/3169 3464/3664/3169 3479/3679/3169 3478/3678/3169
f 3464/3664/3170 3465/3665/3170 3480/3680/3170 3479/3679/3170
f 3465/3665/3171 3466/3666/3171 3481/3681/3171 3480/3680/3171
f 3467/3668/3172 3468/3667/3172 3483/3682/3172 3482/3683/3172
f 3468/3667/3173 3469/3669/3173 3484/3684/3173 3483/3682/3173
f 3469/3669/3174 3470/3670/3174 3485/3685/3174 3484/3684/3174
f 3470/3670/3175 3471/3671/3175 3486/3686/3175 3485/3685/3175
f 3471/3671/3176 3472/3672/3176 3487/3687/3176 3486/3686/3176
f 3472/3672/3177 3473/3673/3177 3488/3688/3177 3487/3687/3177
f 3473/3673/3178 3474/3674/3178 3489/3689/3178 3488/3688/3178
f 3474/3674/3179 3475/3675/3179 3490/3690/3179 3489/3689/3179
f 3475/3675/3180 3476/3676/3180 3491/3691/3180 3490/3690/3180
f 3476/3676/3181 3477/3677/3181 3492/3692/3181 3491/3691/3181
f 3477/3677/3182 3478/3678/3182 3493/3693/3182 3492/3692/3182
f 3478/3678/3183 3479/3679/3183 3494/3694/3183 3493/3693/3183
f 3479/3679/3184 3480/3680/3184 3495/3695/3184 3494/3694/3184
f 3480/3680/3185 3481/3681/3185 3496/3696/3185 3495/3695/3185
f 3482/3683/3186 3483/3682/3186 3498/3697/3186 3497/3698/3186
f 3483/3682/3187 3484/3684/3187 3499/3699/3187 3498/3697/3187
f 3484/3684/3188 3485/3685/3188 3500/3700/3188 3499/3699/3188
f 3485/3685/3189 3486/3686/3189 3501/3701/3189 3500/3700/3189
f 3486/3686/3190 3487/3687/3190 3502/3702/3190 3501/3701/3190
f 3487/3687/3191 3488/3688/3191 3503/3703/3191 3502/3702/3191
f 3488/3688/3192 3489/3689/3192 3504/3704/3192 3503/3703/3192
f 3489/3689/3193 3490/3690/3193 3505/3705/3193 3504/3704/3193
f 3490/3690/3194 3491/3691/3194 3506/3706/3194 3505/3705/3194
f 3491/3691/3195 3492/3692/3195 3507/3707/3195 3506/3706/3195
f 3492/3692/3196 3493/3693/3196 3508/3708/3196 3507/3707/3196
f 3493/3693/3197 3494/3694/3197 3509/3709/3197 3508/3708/3197
f 3494/3694/3198 3495/3695/3198 3510/3710/3198 3509/3709/3198
f 3495/3695/3199 3496/3696/3199 3511/3711/3199 3510/3710/3199
f 3497/3698/3200 3498/3697/3200 3513/3712/3200 3512/3713/3200
f 3498/3697/3201 3499/3699/3201 3514/3714/3201 3513/3712/3201
f 3499/3699/3202 3500/3700/3202 3515/3715/3202 3514/3714/3202
f 3500/3700/3203 3501/3701/3203 3516/3716/3203 3515/3715/3203
f 3501/3701/3204 3502/3702/3204 3517/3717/3204 3516/3716/3204
f 3502/3702/3205 3503/3703/3205 3518/3718/3205 3517/3717/3205
f 3503/3703/3206 3504/3704/3206 3519/3719/3206 3518/3718/3206
f 3504/3704/3207 3505/3705/3207 3520/3720/3207 3519/3719/3207
f 3505/3705/3208 3506/3706/3208 3521/3721/3208 3520/3720/3208
f 3506/3706/3209 3507/3707/3209 3522/3722/3209 3521/3721/3209
f 3507/3707/3210 3508/3708/3210 3523/3723/3210 3522/3722/3210
f 3508/3708/3211 3509/3709/3211 3524/3724/3211 3523/3723/3211
f 3509/3709/3212 3510/3710/3212 3525/3725/3212 3524/3724/3212
f 3510/3710/3213 3511/3711/3213 3526/3726/3213 3525/3725/3213
f 3512/3713/3214 3513/3712/3214 3528/3727/3214 3527/3728/3214
f 3513/3712/3215 3514/3714/3215 3529/3729/3215 3528/3727/3215
f 3514/3714/3216 3515/3715/3216 3530/3730/3216 3529/3729/3216
f 3515/3715/3217 3516/3716/3217 3531/3731/3217 3530/3730/3217
f 3516/3716/3218 3517/3717/3218 3532/3732/3218 3531/3731/3218
f 3517/3717/3219 3518/3718/3219 3533/3733/3219 3532/3732/3219
f 3518/3718/3220 3519/3719/3220 3534/3734/3220 3533/3733/3220
f 3519/3719/3221 3520/3720/3221 3535/3735/3221 3534/3734/3221
f 3520/3720/3222 3521/3721/3222 3536/3736/3222 3535/3735/3222
f 3521/3721/3223 3522/3722/3223 3537/3737/3223 3536/3736/3223
f 3522/3722/3224 3523/3723/3224 3538/3738/3224 3537/3737/3224
f 3523/3723/3225 3524/3724/3225 3539/3739/3225 3538/3738/3225
f 3524/3724/3226 3525/3725/3226 3540/3740/3226 3539/3739/3226
f 3525/3725/3227 3526/3726/3227 3541/3741/3227 3540/3740/3227
f 3527/3728/3228 3528/3727/3228 3543/3742/3228 3542/3743/3228
f 3528/3727/3229 3529/3729/3229 3544/3744/3229 3543/3742/3229
f 3529/3729/3230 3530/3730/3230 3545/3745/3230 3544/3744/3230
f 3530/3730/3231 3531/3731/3231 3546/3746/3231 3545/3745/3231
f 3531/3731/3232 3532/3732/3232 3547/3747/3232 3546/3746/3232
f 3532/3732/3233 3533/3733/3233 3548/3748/3233 3547/3747/3233
f 3533/3733/3234 3534/3734/3234 3549/3749/3234 3548/3748/3234
f 3534/3734/3235 3535/3735/3235 3550/3750/3235 3549/3749/3235
f 3535/3735/3236 3536/3736/3236 3551/3751/3236 3550/3750/3236
f 3536/3736/3237 3537/3737/3237 3552/3752/3237 3551/3751/3237
f 3537/3737/3238 3538/3738/3238 3553/3753/3238 3552/3752/3238
f 3538/3738/3239 3539/3739/3239 3554/3754/3239 3553/3753/3239
f 3539/3739/3240 3540/3740/3240 3555/3755/3240 3554/3754/3240
f 3540/3740/3241 3541/3741/3241 3556/3756/3241 3555/3755/3241
f 3542/3743/3242 3543/3742/3242 3558/3757/3242 3557/3758/3242
f 3543/3742/3243 3544/3744/3243 3559/3759/3243 3558/3757/3243
f 3544/3744/3244 3545/3745/3244 3560/3760/3244 3559/3759/3244
f 3545/3745/3245 3546/3746/3245 3561/3761/3245 3560/3760/3245
f 3546/3746/3246 3547/3747/3246 3562/3762/3246 3561/3761/3246
f 3547/3747/3247 3548/3748/3247 3563/3763/3247 3562/3762/3247
f 3548/3748/3248 3549/3749/3248 3564/3764/3248 3563/3763/3248
f 3549/3749/3249 3550/3750/3249 3565/3765/3249 3564/3764/3249
f 3550/3750/3250 3551/3751/3250 3566/3766/3250 3565/3765/3250
f 3551/3751/3251 3552/3752/3251 3567/3767/3251 3566/3766/3251
f 3552/3752/3252 3553/3753/3252 3568/3768/3252 3567/3767/3252
f 3553/3753/3253 3554/3754/3253 3569/3769/3253 3568/3768/3253
f 3554/3754/3254 3555/3755/3254 3570/3770/3254 3569/3769/3254
f 3555/3755/3255 3556/3756/3255 3571/3771/3255 3570/3770/3255
f 3557/3758/3256 3558/3757/3256 3573/3772/3256 3572/3773/3256
f 3558/3757/3257 3559/3759/3257 3574/3774/3257 3573/3772/3257
f 3559/3759/3258 3560/3760/3258 3575/3775/3258 3574/3774/3258
f 3560/3760/3259 3561/3761/3259 3576/3776/3259 3575/3775/3259
f 3561/3761/3260 3562/3762/3260 3577/3777/3260 3576/3776/3260
f 3562/3762/3261 3563/3763/3261 3578/3778/3261 3577/3777/3261
f 3563/3763/3262 3564/3764/3262 3579/3779/3262 3578/3778/3262
f 3564/3764/3263 3565/3765/3263 3580/3780/3263 3579/3779/3263
f 3565/3765/3264 3566/3766/3264 3581/3781/3264 3580/3780/3264
f 3566/3766/3265 3567/3767/3265 3582/3782/3265 3581/3781/3265
f 3567/3767/3266 3568/3768/3266 3583/3783/3266 3582/3782/3266
f 3568/3768/3267 3569/3769/3267 3584/3784/3267 3583/3783/3267
f 3569/3769/3268 3570/3770/3268 3585/3785/3268 3584/3784/3268
f 3570/3770/3269 3571/3771/3269 3586/3786/3269 3585/3785/3269
f 11/2200/3270 241/3787/3270 3362/3562/3270 302/2716/3270
f 241/3787/3271 240/3788/3271 3363/3563/3271 3362/3562/3271
f 240/3788/3272 239/3789/3272 3364/3566/3272 3363/3563/3272
f 239/3789/3273 238/3790/3273 3365/3568/3273 3364/3566/3273
f 238/3790/3274 237/3294/3274 3366/3570/3274 3365/3568/3274
f 237/3294/3275 236/3293/3275 3367/3572/3275 3366/3570/3275
f 236/3293/3276 235/3791/3276 3368/3574/3276 3367/3572/3276
f 235/3791/3277 234/3792/3277 3369/3576/3277 3368/3574/3277
f 234/3792/3278 233/3793/3278 3370/3578/3278 3369/3576/3278
f 233/3793/3279 232/3794/3279 3371/3580/3279 3370/3578/3279
f 232/3794/3280 231/3795/3280 3372/3582/3280 3371/3580/3280
f 231/3795/3281 230/3796/3281 3373/3584/3281 3372/3582/3281
f 230/3796/3282 229/3797/3282 3374/3586/3282 3373/3584/3282
f 229/3797/3283 228/3798/3283 3375/3588/3283 3374/3586/3283
f 228/3798/3284 227/3799/3284 3376/3590/3284 3375/3588/3284
f 227/3799/3285 15/515/3285 422/517/3285 3376/3590/3285
f 3376/3590/3286 422/517/3286 423/577/3286 3391/3591/3286
f 3391/3591/3287 423/577/3287 424/576/3287 3406/3606/3287
f 3406/3606/3288 424/576/3288 425/575/3288 3421/3621/3288
f 3421/3621/3289 425/575/3289 426/574/3289 3436/3636/3289
f 3436/3636/3290 426/574/3290 427/573/3290 3451/3651/3290
f 3451/3651/3291 427/573/3291 428/572/3291 3466/3666/3291
f 3466/3666/3292 428/572/3292 429/571/3292 3481/3681/3292
f 3481/3681/3293 429/571/3293 430/3800/3293 3496/3696/3293
f 3496/3696/3294 430/3800/3294 431/3801/3294 3511/3711/3294
f 3511/3711/3295 431/3801/3295 432/568/3295 3526/3726/3295
f 3526/3726/3296 432/568/3296 433/567/3296 3541/3741/3296
f 3541/3741/3297 433/567/3297 434/3802/3297 3556/3756/3297
f 3556/3756/3298 434/3802/3298 435/3803/3298 3571/3771/3298
f 3571/3771/3299 435/3803/3299 436/3804/3299 3586/3786/3299
f 3586/3786/3300 436/3804/3300 13/564/3300 331/3805/3300
f 3585/3785/3301 3586/3786/3301 331/3805/3301 330/3806/3301
f 3584/3784/3302 3585/3785/3302 330/3806/3302 329/3807/3302
f 3583/3783/3303 3584/3784/3303 329/3807/3303 328/3808/3303
f 3582/3782/3304 3583/3783/3304 328/3808/3304 327/3809/3304
f 3581/3781/3305 3582/3782/3305 327/3809/3305 326/3810/3305
f 3580/3780/3306 3581/3781/3306 326/3810/3306 325/3811/3306
f 3579/3779/3307 3580/3780/3307 325/3811/3307 324/3812/3307
f 3578/3778/3308 3579/3779/3308 324/3812/3308 323/3813/3308
f 3577/3777/3309 3578/3778/3309 323/3813/3309 322/3814/3309
f 3576/3776/3310 3577/3777/3310 322/3814/3310 321/3815/3310
f 3575/3775/3311 3576/3776/3311 321/3815/3311 320/3816/3311
f 3574/3774/3312 3575/3775/3312 320/3816/3312 319/3817/3312
f 3573/3772/3313 3574/3774/3313 319/3817/3313 318/3818/3313
f 3572/3773/3314 3573/3772/3314 318/3818/3314 317/3819/3314
f 316/2730/3315 3572/3773/3315 317/3819/3315 10/2731/3315
f 315/2729/3316 3557/3758/3316 3572/3773/3316 316/2730/3316
f 314/2728/3317 3542/3743/3317 3557/3758/3317 315/2729/3317
f 313/2727/3318 3527/3728/3318 3542/3743/3318 314/2728/3318
f 312/2726/3319 3512/3713/3319 3527/3728/3319 313/2727/3319
f 311/2725/3320 3497/3698/3320 3512/3713/3320 312/2726/3320
f 310/2724/3321 3482/3683/3321 3497/3698/3321 311/2725/3321
f 309/2723/3322 3467/3668/3322 3482/3683/3322 310/2724/3322
f 308/2722/3323 3452/3653/3323 3467/3668/3323 309/2723/3323
f 307/2721/3324 3437/3638/3324 3452/3653/3324 308/2722/3324
f 306/2720/3325 3422/3623/3325 3437/3638/3325 307/2721/3325
f 305/2719/3326 3407/3608/3326 3422/3623/3326 306/2720/3326
f 304/2718/3327 3392/3593/3327 3407/3608/3327 305/2719/3327
f 303/2717/3328 3377/3565/3328 3392/3593/3328 304/2718/3328
f 302/2716/3329 3362/3562/3329 3377/3565/3329 303/2717/3329
